claim_id,customer_age,policy_tenure_years,policy_type,annual_premium,claim_amount,previous_claims,days_to_report,documents_submitted,customer_service_calls,incident_hour,repair_estimate_variance,new_policy,fraud_review_flag,claim_to_premium_ratio,report_delay_band,claim_amount_band,high_claim_ratio
CLM100000,56,7.9,Motor,3423.75,36896.71,1,8,3.0,1,6,0.181,0,0,10.776695144213216,8-30 days,High,1
CLM100001,69,5.4,Personal,11100.52,61390.0,1,20,6.0,4,9,0.186,0,0,5.530371550161614,8-30 days,Very High,1
CLM100002,46,10.2,Personal,5639.65,10963.07,1,27,3.0,2,16,0.497,0,0,1.9439273713794296,8-30 days,Low,0
CLM100003,32,11.4,Motor,4870.54,43986.73,1,20,5.0,0,5,0.142,0,0,9.031181347448127,8-30 days,High,1
CLM100004,60,0.4,Personal,5095.28,7304.27,0,1,4.0,0,2,0.112,0,0,1.4335365279238828,0-1 days,Low,0
CLM100005,25,3.3,Motor,10695.87,13510.87,2,24,5.0,0,18,0.27,0,0,1.2631856969091808,8-30 days,Low,0
CLM100006,38,10.8,Motor,8232.86,183482.07,1,12,2.0,3,18,0.358,0,0,22.28655291113902,8-30 days,Very High,1
CLM100007,56,5.9,Personal,12542.65,21537.32,2,21,2.0,1,21,0.186,1,0,1.717126763482996,8-30 days,Medium,0
CLM100008,75,10.0,Home,14106.57,27601.0,0,4,6.0,1,23,0.187,0,0,1.956606035343815,2-7 days,Medium,0
CLM100009,36,5.3,Motor,6094.01,47401.8,1,20,1.0,1,2,0.309,0,0,7.778425043608396,8-30 days,Very High,1
CLM100010,40,6.0,Motor,8338.25,27197.19,0,19,6.0,1,2,0.037,1,0,3.261738374359128,8-30 days,Medium,0
CLM100011,28,2.5,Travel,7416.51,13015.36,3,16,4.0,0,4,0.066,0,0,1.7549170701583359,8-30 days,Low,0
CLM100012,28,4.0,Motor,4605.53,13258.63,0,5,1.0,1,5,0.101,0,0,2.878849991206224,2-7 days,Low,0
CLM100013,41,9.2,Home,4913.58,51075.73,1,16,1.0,1,5,0.2,0,0,10.394809894211553,8-30 days,Very High,1
CLM100014,70,6.6,Home,7894.68,35019.57,2,25,2.0,1,22,0.413,0,0,4.435844138077794,8-30 days,High,1
CLM100015,53,11.7,Motor,8284.5,52430.58,3,1,2.0,2,22,0.146,0,0,6.328756110809343,0-1 days,Very High,1
CLM100016,57,12.8,Home,8292.64,43499.13,2,6,6.0,1,12,0.205,0,0,5.245510476760115,2-7 days,High,1
CLM100017,41,8.2,Personal,8298.5,29298.91,1,28,4.0,1,18,0.416,0,0,3.53062722178707,8-30 days,High,0
CLM100018,20,11.4,Motor,5887.72,28278.52,2,16,2.0,4,4,0.164,0,0,4.802966173663149,8-30 days,Medium,1
CLM100019,39,4.7,Motor,22080.91,30107.54,1,23,4.0,2,0,0.303,0,0,1.3635099278064176,8-30 days,High,0
CLM100020,70,6.3,Motor,9434.54,21315.88,2,7,5.0,0,16,0.29,0,0,2.259344917717239,2-7 days,Medium,0
CLM100021,19,10.7,Home,6560.58,21502.21,1,22,6.0,0,1,0.089,0,1,3.277486136896433,8-30 days,Medium,0
CLM100022,41,5.9,Personal,10186.96,40800.71,0,22,3.0,1,11,0.277,0,0,4.005189968351697,8-30 days,High,1
CLM100023,61,8.9,Motor,5795.11,82494.49,3,0,6.0,2,17,0.199,0,0,14.235189668530884,0-1 days,Very High,1
CLM100024,47,2.9,Motor,8602.88,7967.27,3,28,5.0,2,6,0.129,0,0,0.9261166028120816,8-30 days,Low,0
CLM100025,55,9.1,Motor,10179.53,167809.05,1,18,2.0,1,4,0.435,1,0,16.484950680434164,8-30 days,Very High,1
CLM100026,19,13.0,Home,10891.55,47071.85,0,24,3.0,0,18,0.152,1,1,4.321868788189009,8-30 days,High,1
CLM100027,38,13.1,Motor,4827.24,38816.03,1,4,3.0,3,15,0.422,0,0,8.041040014583903,2-7 days,High,1
CLM100028,50,10.9,Personal,33220.2,13144.08,0,4,6.0,1,22,0.125,0,0,0.3956652879874294,2-7 days,Low,0
CLM100029,29,11.2,Motor,14467.1,16416.34,3,22,6.0,2,11,0.16,0,0,1.1347360562932447,8-30 days,Low,0
CLM100030,75,8.5,Travel,21214.68,44286.05,3,26,1.0,1,18,0.143,0,0,2.087519114122862,8-30 days,High,0
CLM100031,39,8.9,Home,7574.7,33796.28,1,25,3.0,0,18,0.348,0,0,4.461731817761759,8-30 days,High,1
CLM100032,61,2.2,Home,9498.39,10625.41,3,23,4.0,2,19,0.042,1,0,1.1186537929059557,8-30 days,Low,0
CLM100033,42,6.8,Motor,8640.61,14667.46,1,21,2.0,0,20,0.254,1,0,1.6975028383412742,8-30 days,Low,0
CLM100034,66,6.9,Travel,6645.16,28465.055,0,20,2.0,1,14,0.243,0,0,4.283577069626616,8-30 days,Medium,1
CLM100035,44,14.4,Motor,11953.09,15079.04,0,0,1.0,0,23,0.244,0,0,1.2615181513734106,0-1 days,Low,0
CLM100036,59,6.6,Motor,5711.17,34322.48,3,25,6.0,1,8,0.508,0,0,6.0097107948108714,8-30 days,High,1
CLM100037,45,8.3,Home,11638.04,12990.27,1,9,6.0,1,20,0.146,1,0,1.1161905269272145,8-30 days,Low,0
CLM100038,33,8.1,Travel,6793.22,50221.06,0,9,1.0,3,7,0.617,0,0,7.392821077486081,8-30 days,Very High,1
CLM100039,32,9.6,Motor,10171.9,9190.82,3,28,2.0,0,18,0.359,1,0,0.9035499759140377,8-30 days,Low,0
CLM100040,64,11.3,Motor,16408.52,58226.77,0,24,1.0,2,6,0.051,1,0,3.5485692798619253,8-30 days,Very High,0
CLM100041,68,3.5,Travel,8006.15,277823.0,1,21,3.0,0,18,0.002,0,0,34.701198453688725,8-30 days,Very High,1
CLM100042,61,8.0,Travel,12075.36,50212.76,1,2,3.0,1,11,0.344,0,0,4.1582826516145275,2-7 days,Very High,1
CLM100043,72,12.4,Motor,6760.25,18620.34,1,27,4.0,2,2,0.061,0,0,2.7543863022817203,8-30 days,Medium,0
CLM100044,69,7.1,Home,4995.14,19240.74,0,11,6.0,3,3,0.219,0,0,3.851892039061968,8-30 days,Medium,0
CLM100045,74,4.3,Motor,17954.56,12056.07,1,25,1.0,0,1,0.069,0,0,0.6714767724745134,8-30 days,Low,0
CLM100046,20,9.9,Home,11899.96,62865.32,0,30,2.0,1,6,0.106,0,0,5.282817757370613,8-30 days,Very High,1
CLM100047,54,12.4,Personal,8001.08,31641.52,2,11,6.0,2,21,0.139,0,0,3.954656121423608,8-30 days,High,0
CLM100048,68,1.1,Motor,11628.4,7207.62,0,6,6.0,1,2,0.338,0,0,0.6198290392487359,2-7 days,Low,0
CLM100049,24,11.7,Travel,5380.0,9413.44,0,15,5.0,2,0,0.144,0,0,1.7497100371747212,8-30 days,Low,0
CLM100050,38,12.4,Home,10371.63,7495.88,2,19,2.0,2,11,0.408,0,0,0.7227292142122309,8-30 days,Low,0
CLM100051,26,7.0,Home,9371.92,49602.0,1,28,6.0,2,18,0.024,0,0,5.292618801696984,8-30 days,Very High,1
CLM100052,56,14.8,Home,11390.86,13208.15,1,2,5.0,4,19,0.307,0,0,1.15953931485419,2-7 days,Low,0
CLM100053,35,11.8,Personal,17793.71,52332.02,2,27,5.0,1,16,0.214,0,0,2.9410404013553104,8-30 days,Very High,0
CLM100054,21,11.7,Motor,16309.97,18422.12,1,6,4.0,2,23,0.018,1,0,1.1295005447588193,2-7 days,Medium,0
CLM100055,42,11.3,Motor,4549.82,50733.0,0,21,5.0,1,17,0.086,0,0,11.15055101080922,8-30 days,Very High,1
CLM100056,31,2.4,Motor,3463.24,23085.0,1,13,3.0,2,2,0.161,0,0,6.665723426617849,8-30 days,Medium,1
CLM100057,67,3.4,Personal,9493.77,57087.47,4,26,3.0,1,12,0.378,0,0,6.013150729373052,8-30 days,Very High,1
CLM100058,75,7.1,Travel,9173.04,15457.45,1,3,6.0,1,4,0.16,0,0,1.6850956716639194,2-7 days,Low,0
CLM100059,26,4.1,Home,5097.73,16139.14,2,29,4.0,1,21,0.186,0,0,3.1659464114419555,8-30 days,Low,0
CLM100060,43,6.3,Motor,5516.37,19899.69,4,9,2.0,2,18,0.129,0,0,3.607388554429815,8-30 days,Medium,0
CLM100061,70,13.3,Personal,6009.89,52327.57,4,23,2.0,3,18,0.196,0,0,8.706909777050827,8-30 days,Very High,1
CLM100062,19,12.4,Travel,15499.83,12435.25,1,1,6.0,2,7,0.392,0,0,0.8022829927812112,0-1 days,Low,0
CLM100063,37,9.5,Home,6871.91,18169.8,0,21,3.0,2,19,0.021,0,0,2.644068388555729,8-30 days,Medium,0
CLM100064,45,12.9,Motor,4320.28,23213.85,2,15,2.0,3,15,0.372,0,0,5.3732281241030675,8-30 days,Medium,1
CLM100065,64,11.8,Motor,8257.09,37769.56,2,2,2.0,0,4,0.076,0,0,4.574197447284697,2-7 days,High,1
CLM100066,24,6.5,Home,8489.57,20801.88,1,14,3.0,4,3,0.143,1,0,2.4502866458489656,8-30 days,Medium,0
CLM100067,61,3.2,Travel,5342.08,43182.16,2,7,3.0,2,15,0.22,0,0,8.083398226907871,2-7 days,High,1
CLM100068,25,7.8,Motor,11086.64,15980.04,0,15,4.0,6,23,0.051,0,0,1.4413780911078562,8-30 days,Low,0
CLM100069,64,11.1,Home,14179.88,58789.41,2,10,4.0,2,13,0.606,0,0,4.145973731794628,8-30 days,Very High,1
CLM100070,52,6.7,Motor,7243.81,49382.16,4,23,4.0,0,12,0.216,0,1,6.817152851883194,8-30 days,Very High,1
CLM100071,31,10.1,Travel,4320.22,18220.71,1,10,2.0,1,22,0.202,0,0,4.217542162204702,8-30 days,Medium,1
CLM100072,34,1.6,Home,7514.85,48069.6,1,10,2.0,0,19,0.086,1,0,6.3966147028882805,8-30 days,Very High,1
CLM100073,53,11.3,Motor,9735.89,12348.22,1,0,3.0,0,7,0.035,0,0,1.2683195886559935,0-1 days,Low,0
CLM100074,67,12.2,Home,3218.79,31611.71,0,1,3.0,1,23,0.362,0,0,9.820991739131786,0-1 days,High,1
CLM100075,57,10.7,Motor,10556.57,15486.11,1,19,1.0,2,17,0.137,1,0,1.4669641749166633,8-30 days,Low,0
CLM100076,21,14.5,Motor,7180.13,35416.94,1,0,1.0,0,4,0.233,0,0,4.932632138972415,0-1 days,High,1
CLM100077,19,12.4,Personal,8668.87,24651.59,3,18,6.0,1,5,0.024,0,0,2.8436912769484373,8-30 days,Medium,0
CLM100078,23,13.6,Motor,7461.35,15845.42,2,19,2.0,1,5,0.31,0,0,2.123666628693199,8-30 days,Low,0
CLM100079,71,14.0,Motor,6055.81,8615.68,0,9,6.0,1,19,0.13,0,0,1.422713063983183,8-30 days,Low,0
CLM100080,59,12.1,Motor,8085.88,28465.055,1,18,3.0,0,22,0.084,1,1,3.5203410142124296,8-30 days,Medium,0
CLM100081,21,10.2,Motor,6760.2,68510.3,1,20,2.0,1,20,0.134,0,0,10.134359930179581,8-30 days,Very High,1
CLM100082,71,0.3,Motor,7236.62,34652.76,2,10,6.0,0,21,0.305,0,0,4.7885283461063315,8-30 days,High,1
CLM100083,46,7.1,Motor,5719.48,8665.34,1,11,6.0,1,16,0.274,0,0,1.5150573129025717,8-30 days,Low,0
CLM100084,35,8.7,Home,10822.37,23500.48,0,9,5.0,0,22,0.241,0,0,2.1714726072015647,8-30 days,Medium,0
CLM100085,43,4.7,Motor,14829.6,68274.44,1,6,1.0,2,15,0.174,0,0,4.603929977882074,2-7 days,Very High,1
CLM100086,61,4.9,Travel,5737.89,22194.02,0,23,4.0,1,4,0.186,0,0,3.867975858721586,8-30 days,Medium,0
CLM100087,51,14.4,Motor,8064.72,13497.68,1,7,2.0,3,19,0.091,0,0,1.6736700096221568,2-7 days,Low,0
CLM100088,27,13.4,Motor,5192.57,103822.38,1,10,5.0,1,2,0.366,0,0,19.994411245298572,8-30 days,Very High,1
CLM100089,53,12.8,Motor,10121.7,12449.53,0,17,4.0,1,0,0.172,0,0,1.2299840935811177,8-30 days,Low,0
CLM100090,31,6.2,Personal,9402.5,23629.88,0,15,6.0,1,4,0.096,0,0,2.513148630683329,8-30 days,Medium,0
CLM100091,48,0.4,Home,6550.44,17653.1,1,0,5.0,3,2,0.467,1,0,2.694948736268098,0-1 days,Medium,0
CLM100092,65,1.4,Travel,8189.31,45688.4,1,28,3.0,2,23,0.378,0,0,5.579029246664248,8-30 days,High,1
CLM100093,32,4.8,Motor,12546.48,40176.5,1,29,3.0,1,15,0.196,0,0,3.2022128915839345,8-30 days,High,0
CLM100094,25,0.4,Personal,4123.69,14306.36,0,5,3.0,1,15,0.124,0,0,3.4693102536805633,2-7 days,Low,0
CLM100095,31,0.5,Motor,4752.86,16567.68,2,16,6.0,1,3,0.129,1,0,3.485833792705866,8-30 days,Low,0
CLM100096,40,13.8,Motor,11044.05,31074.11,1,21,4.0,0,2,0.026,0,1,2.8136516948039896,8-30 days,High,0
CLM100097,74,10.7,Home,8710.95,32979.49,2,12,4.0,3,11,0.332,1,0,3.7859808631664738,8-30 days,High,0
CLM100098,57,4.8,Motor,8235.81,23584.82,1,22,3.0,1,16,0.474,0,0,2.8636916101755627,8-30 days,Medium,0
CLM100099,38,2.2,Personal,12992.99,22235.37,1,24,6.0,2,11,0.272,0,0,1.711335881887079,8-30 days,Medium,0
CLM100100,33,7.8,Motor,11670.47,11142.19,2,9,4.0,2,9,0.428,1,0,0.9547336139846982,8-30 days,Low,0
CLM100101,62,0.3,Personal,18391.03,112156.87,1,30,3.0,1,1,0.318,0,0,6.098455062060146,8-30 days,Very High,1
CLM100102,35,14.1,Home,12715.07,45195.67,0,9,2.0,2,9,0.055,1,0,3.5544963574718818,8-30 days,High,0
CLM100103,64,6.3,Home,10768.69,28124.21,1,0,3.0,3,1,0.414,0,0,2.6116649286032003,0-1 days,Medium,0
CLM100104,70,6.2,Motor,8296.09,58227.36,1,6,6.0,1,16,0.144,0,0,7.018650954847404,2-7 days,Very High,1
CLM100105,41,6.0,Motor,7966.08,24027.49,5,19,1.0,0,23,0.215,0,0,3.0162250441873546,8-30 days,Medium,0
CLM100106,43,1.2,Personal,8487.62,15201.35,1,8,2.0,1,4,0.034,0,0,1.7910026603453029,8-30 days,Low,0
CLM100107,42,9.6,Motor,9397.16,36295.54,0,10,6.0,0,1,0.101,0,0,3.8623945958140546,8-30 days,High,0
CLM100108,62,11.0,Home,4938.38,31076.73,0,19,3.0,2,23,0.08,0,0,6.292899695851676,8-30 days,High,1
CLM100109,58,10.2,Personal,9570.48,98846.6,2,1,1.0,0,13,0.224,0,0,10.328280295241202,0-1 days,Very High,1
CLM100110,46,2.2,Motor,7618.42,16109.4,0,0,3.0,0,9,0.201,0,0,2.1145329346504917,0-1 days,Low,0
CLM100111,32,8.8,Home,9981.56,13600.46,1,22,2.0,0,14,0.308,0,1,1.3625585579809167,8-30 days,Low,0
CLM100112,62,8.6,Home,6554.24,135386.73,1,11,3.0,0,4,0.226,0,0,20.656358326823554,8-30 days,Very High,1
CLM100113,18,13.1,Motor,6317.51,68074.25,0,6,4.0,1,13,0.204,1,0,10.775487494281766,2-7 days,Very High,1
CLM100114,42,5.8,Motor,9429.92,45138.16,1,18,3.0,3,20,0.093,0,0,4.786695963486435,8-30 days,High,1
CLM100115,24,5.7,Motor,10536.42,16768.97,1,4,2.0,2,17,0.504,1,0,1.5915244456845874,2-7 days,Low,0
CLM100116,26,9.4,Motor,6477.25,38301.78,1,25,5.0,1,23,0.495,0,0,5.913278011501794,8-30 days,High,1
CLM100117,41,9.6,Travel,15389.87,10636.4,1,11,3.0,1,12,0.186,0,0,0.6911299445674329,8-30 days,Low,0
CLM100118,18,7.1,Motor,15342.45,19051.61,3,13,4.0,2,12,0.042,1,0,1.2417579982336588,8-30 days,Medium,0
CLM100119,61,6.8,Personal,4170.43,11700.21,1,27,2.0,1,2,0.239,0,0,2.8055164575355533,8-30 days,Low,0
CLM100120,25,7.5,Motor,5991.87,15917.57,0,6,1.0,3,3,0.022,1,0,2.6565279286766903,2-7 days,Low,0
CLM100121,41,12.9,Home,8956.32,11457.85,0,7,5.0,2,4,0.044,0,0,1.2793033299390821,2-7 days,Low,0
CLM100122,28,7.0,Home,10043.38,47187.64,1,13,6.0,1,9,0.34,0,0,4.69838241707473,8-30 days,Very High,1
CLM100123,68,14.1,Motor,22189.5,106993.74,1,11,3.0,1,1,0.043,0,1,4.8218184276346925,8-30 days,Very High,1
CLM100124,34,7.7,Motor,9056.37,58231.67,1,8,2.0,2,23,0.101,0,0,6.429912867959237,8-30 days,Very High,1
CLM100125,25,14.2,Travel,8066.2,49110.12,1,9,4.0,1,20,0.327,0,0,6.088383625498996,8-30 days,Very High,1
CLM100126,52,12.5,Personal,5093.42,21759.79,1,9,4.0,4,8,0.256,0,0,4.27213738509685,8-30 days,Medium,1
CLM100127,52,5.6,Motor,4164.68,32341.19,1,0,2.0,2,8,0.186,0,0,7.7655882324692405,0-1 days,High,1
CLM100128,50,13.0,Motor,8003.78,12528.75,1,24,4.0,4,9,0.468,0,0,1.5653541201782157,8-30 days,Low,0
CLM100129,22,1.8,Motor,21453.54,10567.9,0,21,6.0,0,11,0.095,0,0,0.4925946953276708,8-30 days,Low,0
CLM100130,59,13.9,Motor,7727.38,9417.21,1,5,5.0,1,14,0.234,0,0,1.2186808465482477,2-7 days,Low,0
CLM100131,56,9.5,Home,6003.47,11213.31,1,13,1.0,0,2,0.186,1,1,1.8678047862319624,8-30 days,Low,0
CLM100132,75,1.0,Personal,10417.61,46879.8,1,22,4.0,4,8,0.032,0,0,4.5000532751754,8-30 days,High,1
CLM100133,58,9.7,Motor,3447.2,50895.74,0,8,4.0,1,6,0.159,1,0,14.764371083778139,8-30 days,Very High,1
CLM100134,45,14.6,Personal,8808.76,14240.05,1,22,3.0,1,22,0.318,0,0,1.6165782698132312,8-30 days,Low,0
CLM100135,24,1.2,Motor,12317.69,34896.87,2,22,5.0,1,15,0.017,0,0,2.833069349853747,8-30 days,High,0
CLM100136,26,8.4,Home,5549.26,65935.16,0,26,5.0,0,23,0.217,0,0,11.881793248108757,8-30 days,Very High,1
CLM100137,25,11.3,Motor,15737.68,24984.91,1,11,5.0,2,3,0.134,1,1,1.5875853365934496,8-30 days,Medium,0
CLM100138,29,12.2,Motor,11437.8,16033.57,1,18,6.0,0,13,0.035,1,0,1.401805417125671,8-30 days,Low,0
CLM100139,51,6.3,Motor,15801.91,20486.57,0,25,4.0,1,4,0.373,0,0,1.2964616302712773,8-30 days,Medium,0
CLM100140,50,3.2,Motor,4575.54,81888.89,1,24,4.0,1,15,0.327,0,0,17.897098484550458,8-30 days,Very High,1
CLM100141,65,0.8,Travel,7836.18,26577.08,1,19,5.0,3,21,0.265,0,0,3.3915862065445155,8-30 days,Medium,0
CLM100142,72,8.8,Travel,12871.6,138933.66,0,21,4.0,0,19,0.293,0,0,10.793814288821903,8-30 days,Very High,1
CLM100143,40,6.9,Motor,4332.0,16971.39,1,28,3.0,4,13,0.116,1,0,3.9176800554016618,8-30 days,Low,0
CLM100144,41,14.2,Personal,13016.9,19155.71,0,22,4.0,3,12,0.189,0,0,1.471603069855342,8-30 days,Medium,0
CLM100145,54,1.1,Motor,7839.19,9759.12,1,27,6.0,3,23,0.049,1,0,1.2449143342615756,8-30 days,Low,0
CLM100146,52,10.3,Travel,12973.37,62583.15,0,28,5.0,2,13,0.304,0,0,4.823970178912649,8-30 days,Very High,1
CLM100147,61,0.6,Motor,9373.89,30050.55,2,11,2.0,0,4,0.035,0,0,3.205771563353101,8-30 days,High,0
CLM100148,57,2.7,Motor,16037.63,14254.02,0,24,5.0,0,18,0.1,1,1,0.8887859365754167,8-30 days,Low,0
CLM100149,39,6.9,Motor,4752.67,21396.65,1,12,2.0,4,16,0.016,0,0,4.502027281507027,8-30 days,Medium,1
CLM100150,44,6.9,Home,9856.66,40297.85,1,28,4.0,2,0,0.215,0,0,4.088387952917114,8-30 days,High,1
CLM100151,52,10.3,Home,4305.36,15060.73,0,25,4.0,1,23,0.139,0,0,3.4981348830295262,8-30 days,Low,0
CLM100152,18,13.7,Motor,10266.21,36194.41,0,27,6.0,0,18,0.244,0,0,3.525586365367551,8-30 days,High,0
CLM100153,52,9.7,Motor,9851.12,54971.12,0,2,2.0,2,10,0.074,1,0,5.580189866735965,2-7 days,Very High,1
CLM100154,54,14.3,Motor,7476.61,20227.51,0,29,5.0,1,9,0.059,1,0,2.705438694809546,8-30 days,Medium,0
CLM100155,64,13.2,Home,5973.65,6931.3,1,10,1.0,0,3,0.25,0,0,1.1603123718329666,8-30 days,Low,0
CLM100156,31,8.9,Home,7342.29,22859.74,1,1,1.0,0,22,0.159,0,0,3.113434636877596,0-1 days,Medium,0
CLM100157,20,12.5,Motor,8881.85,19188.65,1,17,5.0,8,16,0.635,0,1,2.1604339186092987,8-30 days,Medium,0
CLM100158,18,9.7,Motor,9659.58,11003.01,0,17,4.0,1,21,0.284,0,0,1.1390774754181858,8-30 days,Low,0
CLM100159,22,1.4,Travel,20279.46,43479.13,0,24,2.0,3,16,0.203,0,1,2.1439984102140786,8-30 days,High,0
CLM100160,43,11.2,Motor,12592.53,44766.11,2,23,2.0,0,15,0.388,0,0,3.554973464426926,8-30 days,High,0
CLM100161,72,1.6,Motor,6527.1,32978.6,0,24,5.0,2,18,0.34,0,0,5.052565457860305,8-30 days,High,1
CLM100162,31,9.0,Motor,11031.84,20228.46,2,8,5.0,2,19,0.209,0,0,1.833643345081147,8-30 days,Medium,0
CLM100163,56,10.6,Motor,12637.39,30986.31,1,0,3.0,1,13,0.667,0,0,2.451954873593361,0-1 days,High,0
CLM100164,44,1.2,Home,6327.35,17195.31,0,25,6.0,5,22,0.365,1,0,2.717616379685018,8-30 days,Low,0
CLM100165,26,3.6,Home,11658.51,46794.66,2,25,2.0,3,15,0.002,0,0,4.013777060705013,8-30 days,High,1
CLM100166,32,13.8,Motor,4353.74,20166.34,2,30,6.0,1,1,0.127,0,0,4.631957810985498,8-30 days,Medium,1
CLM100167,32,9.3,Travel,6224.47,23176.33,0,15,3.0,1,7,0.106,0,0,3.723422235146125,8-30 days,Medium,0
CLM100168,43,3.8,Motor,4477.94,24670.35,1,24,4.0,1,5,0.054,0,0,5.5093078513780895,8-30 days,Medium,1
CLM100169,59,10.4,Personal,7729.86,324608.44,1,0,2.0,1,9,0.657,0,1,41.99409044924488,0-1 days,Very High,1
CLM100170,30,9.0,Home,6868.36,13032.64,0,20,6.0,5,1,0.396,0,0,1.897489356993518,8-30 days,Low,0
CLM100171,68,7.6,Home,7109.53,19675.54,3,19,5.0,1,18,0.089,0,0,2.7674881461925054,8-30 days,Medium,0
CLM100172,49,14.6,Motor,12268.44,8419.79,2,23,5.0,1,3,0.179,0,0,0.6862967092800715,8-30 days,Low,0
CLM100173,56,10.3,Motor,8853.64,33880.71,1,4,4.0,3,5,0.123,0,0,3.826754871442706,2-7 days,High,0
CLM100174,66,5.8,Motor,12185.07,102572.25,1,27,6.0,2,12,0.604,0,0,8.41786300776278,8-30 days,Very High,1
CLM100175,69,12.0,Home,17670.98,23580.06,1,24,6.0,4,0,0.197,0,0,1.3343945836620268,8-30 days,Medium,0
CLM100176,49,13.3,Motor,21816.48,17296.94,0,16,1.0,4,4,0.078,0,0,0.7928382580507946,8-30 days,Medium,0
CLM100177,21,2.1,Personal,7981.72,26752.01,0,7,3.0,2,23,0.08,0,0,3.3516597926261507,2-7 days,Medium,0
CLM100178,47,3.2,Personal,10812.49,60839.67,0,5,5.0,3,6,0.066,0,0,5.626795492990051,2-7 days,Very High,1
CLM100179,54,3.4,Home,7928.19,78909.12,3,0,6.0,0,13,0.221,0,1,9.95298044068066,0-1 days,Very High,1
CLM100180,40,10.4,Personal,13416.11,12767.27,1,12,2.0,1,18,0.322,0,0,0.951637248054764,8-30 days,Low,0
CLM100181,56,9.1,Motor,12291.73,45871.03,1,17,6.0,1,10,0.097,0,0,3.7318611782068105,8-30 days,High,0
CLM100182,62,9.4,Motor,6314.34,25945.19,3,3,2.0,0,17,0.168,1,0,4.108931416426736,2-7 days,Medium,1
CLM100183,32,14.1,Motor,6746.67,82606.56,0,14,2.0,1,17,0.027,0,0,12.244049286536914,8-30 days,Very High,1
CLM100184,60,11.7,Home,15859.79,156587.18,1,13,4.0,0,20,0.04,0,0,9.87321900226926,8-30 days,Very High,1
CLM100185,46,2.1,Motor,6638.86,109688.27,0,15,1.0,0,23,0.246,0,0,16.522154406027543,8-30 days,Very High,1
CLM100186,53,5.3,Personal,8082.96,13363.4,0,4,3.0,3,5,0.272,0,0,1.653280481407801,2-7 days,Low,0
CLM100187,30,6.6,Motor,11517.12,14895.83,1,29,2.0,1,5,0.115,0,0,1.2933641396460225,8-30 days,Low,0
CLM100188,49,6.1,Motor,7889.69,99785.98,2,0,2.0,2,6,0.063,1,0,12.647642683045849,0-1 days,Very High,1
CLM100189,24,10.1,Personal,16951.4,25899.77,0,25,5.0,1,16,0.128,0,0,1.5278838326037967,8-30 days,Medium,0
CLM100190,68,13.4,Motor,13530.74,15723.12,1,22,1.0,5,18,0.118,0,0,1.1620295711838378,8-30 days,Low,0
CLM100191,39,4.7,Motor,5709.83,10076.37,1,28,5.0,1,4,0.138,1,0,1.7647408066439807,8-30 days,Low,0
CLM100192,45,8.4,Home,6531.18,31092.84,3,3,4.0,1,6,0.221,0,0,4.7606772436221325,2-7 days,High,1
CLM100193,19,11.9,Motor,11072.55,20557.03,3,29,4.0,1,5,0.352,0,1,1.8565759468234508,8-30 days,Medium,0
CLM100194,59,6.4,Motor,8303.32,37522.94,2,29,3.0,3,16,0.168,1,0,4.519028533165048,8-30 days,High,1
CLM100195,62,2.7,Motor,3549.53,32292.73,0,29,4.0,2,18,0.629,0,0,9.097748152572311,8-30 days,High,1
CLM100196,74,7.2,Home,5491.32,11251.47,0,16,3.0,1,11,0.281,0,0,2.04895544240729,8-30 days,Low,0
CLM100197,70,1.0,Personal,9444.28,15166.32,1,27,5.0,1,6,0.241,0,0,1.605873608152236,8-30 days,Low,0
CLM100198,23,14.1,Personal,12689.99,56864.9,0,5,2.0,3,11,0.043,0,0,4.4810831214209,2-7 days,Very High,1
CLM100199,45,1.3,Motor,12771.9,60748.87,2,24,3.0,1,16,0.087,0,0,4.756447357088609,8-30 days,Very High,1
CLM100200,45,6.7,Motor,20559.9,21192.11,1,24,1.0,0,14,0.308,0,0,1.0307496631792956,8-30 days,Medium,0
CLM100201,61,8.0,Motor,6227.09,31952.22,1,26,4.0,1,15,0.136,0,0,5.131163994739116,8-30 days,High,1
CLM100202,61,14.8,Personal,6362.56,12828.23,1,3,1.0,3,0,0.069,0,0,2.016205741085349,2-7 days,Low,0
CLM100203,37,2.7,Motor,8403.67,26895.08,0,6,1.0,0,10,0.482,1,0,3.2003969694193133,2-7 days,Medium,0
CLM100204,47,1.9,Motor,3998.34,64148.81,2,25,2.0,0,0,0.186,0,0,16.04386070219141,8-30 days,Very High,1
CLM100205,28,0.3,Travel,8488.25,97849.81,1,0,4.0,2,12,0.307,0,0,11.527677672076106,0-1 days,Very High,1
CLM100206,75,2.5,Personal,7784.15,25482.44,0,9,2.0,3,19,0.131,0,0,3.273631674620864,8-30 days,Medium,0
CLM100207,72,3.3,Motor,12137.98,22121.65,3,12,6.0,2,16,0.375,0,0,1.8225149489453767,8-30 days,Medium,0
CLM100208,45,9.5,Motor,13101.81,9534.04,1,8,1.0,4,15,0.095,0,1,0.7276887697196037,8-30 days,Low,0
CLM100209,42,3.5,Motor,9982.56,17874.07,0,13,4.0,2,16,0.37,0,0,1.7905296837684923,8-30 days,Medium,0
CLM100210,56,0.5,Motor,8511.0,26598.12,2,0,6.0,1,13,0.108,0,0,3.1251462812830453,0-1 days,Medium,0
CLM100211,50,12.4,Home,10012.89,24567.33,0,29,6.0,3,23,0.442,0,0,2.453570347821658,8-30 days,Medium,0
CLM100212,18,5.6,Home,5949.42,18294.22,1,8,6.0,1,4,0.39,0,0,3.0749585673897624,8-30 days,Medium,0
CLM100213,74,5.4,Home,8189.57,68205.02,1,5,2.0,1,12,0.113,0,0,8.328278529886186,2-7 days,Very High,1
CLM100214,44,4.7,Motor,8564.37,38195.35,1,9,3.0,1,17,0.544,0,0,4.4597968093391565,8-30 days,High,1
CLM100215,74,14.6,Motor,8217.6,24730.83,0,10,6.0,3,6,0.203,0,1,3.009495473130841,8-30 days,Medium,0
CLM100216,69,2.7,Motor,7870.37,46756.6,2,6,3.0,3,16,0.456,0,0,5.940838867804182,2-7 days,High,1
CLM100217,30,13.5,Motor,6426.92,27459.18,0,19,5.0,1,10,0.001,0,0,4.272525564344974,8-30 days,Medium,1
CLM100218,58,11.7,Travel,5357.75,89701.58,1,24,5.0,0,16,0.293,0,0,16.742397461621017,8-30 days,Very High,1
CLM100219,20,1.3,Motor,7750.64,15425.57,1,27,4.0,2,18,0.244,1,0,1.990231774408307,8-30 days,Low,0
CLM100220,56,14.8,Motor,11106.42,35815.0,1,21,5.0,2,5,0.118,0,0,3.2247114731839783,8-30 days,High,0
CLM100221,23,4.2,Motor,3889.32,5686.07,1,11,4.0,1,19,0.334,0,0,1.4619702158732117,8-30 days,Low,0
CLM100222,25,1.7,Motor,6795.7,20872.24,2,21,1.0,0,17,0.389,0,0,3.07138926085613,8-30 days,Medium,0
CLM100223,44,12.5,Motor,21566.89,31378.67,0,11,3.0,4,20,0.266,0,0,1.454946448004325,8-30 days,High,0
CLM100224,26,10.7,Personal,7793.01,22007.77,0,13,4.0,1,9,0.243,0,0,2.824039748441231,8-30 days,Medium,0
CLM100225,54,9.3,Motor,9099.08,12222.62,2,9,1.0,0,0,0.223,0,0,1.3432808591637837,8-30 days,Low,0
CLM100226,50,2.5,Travel,19443.14,16634.96,3,15,3.0,2,0,0.264,0,0,0.8555696250708476,8-30 days,Low,0
CLM100227,68,7.3,Motor,9814.02,13162.38,0,21,2.0,2,14,0.308,0,0,1.341181289624435,8-30 days,Low,0
CLM100228,59,11.8,Motor,9915.38,25601.96,0,3,1.0,0,5,0.3,0,0,2.582045267049775,2-7 days,Medium,0
CLM100229,61,4.7,Personal,5643.48,50452.32,1,28,2.0,3,6,0.277,0,0,8.939930681069129,8-30 days,Very High,1
CLM100230,41,4.8,Motor,9784.86,21587.95,2,22,5.0,2,9,0.109,0,0,2.2062604881418846,8-30 days,Medium,0
CLM100231,32,0.2,Home,8443.59,108733.39,1,13,4.0,3,3,0.342,0,0,12.877625512370923,8-30 days,Very High,1
CLM100232,71,2.8,Motor,12887.75,33238.09,2,1,3.0,0,13,0.273,0,0,2.5790452173575678,0-1 days,High,0
CLM100233,49,13.2,Home,15102.52,6024.16,0,1,5.0,1,7,0.242,0,0,0.3988844245860955,0-1 days,Low,0
CLM100234,49,6.7,Travel,8616.74,35948.17,0,28,1.0,1,0,0.145,0,0,4.171899117299582,8-30 days,High,1
CLM100235,41,14.8,Personal,10094.69,26961.43,1,10,5.0,2,20,0.338,0,0,2.6708526958232497,8-30 days,Medium,0
CLM100236,58,6.1,Personal,3631.42,78669.07,2,10,2.0,1,1,0.146,1,0,21.66344570443518,8-30 days,Very High,1
CLM100237,69,10.8,Home,3108.13,27645.84,1,5,2.0,5,18,0.171,0,0,8.894685872212552,2-7 days,Medium,1
CLM100238,66,4.4,Motor,13901.58,23157.92,0,24,6.0,1,9,0.118,0,0,1.6658480546815542,8-30 days,Medium,0
CLM100239,66,5.6,Home,2765.89,132543.47,1,2,4.0,0,3,0.104,0,0,47.92073075935775,2-7 days,Very High,1
CLM100240,75,3.0,Travel,9848.98,5771.47,1,22,5.0,1,16,0.138,0,0,0.5859967225032441,8-30 days,Low,0
CLM100241,69,5.3,Motor,7861.06,21628.3,1,8,6.0,6,15,0.015,0,0,2.7513210686599514,8-30 days,Medium,0
CLM100242,29,8.3,Motor,14793.31,34174.63,0,30,3.0,2,4,0.125,1,0,2.310140867730075,8-30 days,High,0
CLM100243,56,14.9,Personal,8366.51,20752.47,2,27,2.0,6,9,0.008,0,0,2.480421346535174,8-30 days,Medium,0
CLM100244,19,10.0,Home,19126.61,5792.71,1,24,1.0,3,21,0.246,0,0,0.3028613016106879,8-30 days,Low,0
CLM100245,20,3.1,Motor,7754.8,37912.08,0,2,5.0,0,10,0.331,0,0,4.888853355341208,2-7 days,High,1
CLM100246,66,0.9,Personal,14238.12,19860.07,2,0,3.0,2,0,0.348,0,0,1.394851988886173,0-1 days,Medium,0
CLM100247,54,2.1,Motor,4331.27,25280.27,2,1,3.0,0,12,0.268,1,0,5.836687622798856,0-1 days,Medium,1
CLM100248,66,8.5,Motor,3016.66,71977.05,1,14,3.0,0,19,0.09,1,0,23.85984830905704,8-30 days,Very High,1
CLM100249,73,11.5,Home,8392.77,35182.59,2,10,3.0,2,1,0.003,0,0,4.1920116957810105,8-30 days,High,1
CLM100250,34,14.1,Motor,4525.82,17587.33,2,7,6.0,3,0,0.076,0,0,3.885998559377086,2-7 days,Medium,0
CLM100251,66,0.4,Travel,8273.84,37614.78,0,15,2.0,3,13,0.129,0,0,4.546230045541127,8-30 days,High,1
CLM100252,19,7.9,Motor,7057.76,20365.82,1,22,4.0,3,20,0.079,0,0,2.885592595951123,8-30 days,Medium,0
CLM100253,19,7.2,Motor,11160.5,22298.79,2,16,5.0,1,11,0.569,0,0,1.9980099457909593,8-30 days,Medium,0
CLM100254,45,9.9,Motor,5265.09,49412.31,0,2,2.0,1,10,0.293,0,0,9.384893705520703,2-7 days,Very High,1
CLM100255,71,8.5,Personal,10289.88,17303.51,3,7,4.0,2,0,0.273,0,0,1.6816046445633963,2-7 days,Medium,0
CLM100256,40,10.4,Motor,12538.99,42665.03,2,6,3.0,1,13,0.23,0,0,3.4025890442531654,2-7 days,High,0
CLM100257,54,9.9,Motor,7748.5,23561.81,1,20,1.0,2,7,0.1,0,0,3.040822094598955,8-30 days,Medium,0
CLM100258,49,1.9,Motor,10540.98,19129.78,1,2,3.0,2,17,0.202,1,0,1.814800900865005,2-7 days,Medium,0
CLM100259,50,12.0,Motor,5472.36,19179.71,1,6,4.0,0,4,0.291,0,0,3.5048333808448273,2-7 days,Medium,0
CLM100260,18,2.0,Motor,7155.43,17667.29,1,4,4.0,0,2,0.334,0,0,2.469074535003487,2-7 days,Medium,0
CLM100261,36,10.5,Motor,4646.59,29938.72,0,0,1.0,0,21,0.228,0,0,6.4431593921563985,0-1 days,High,1
CLM100262,19,6.4,Home,24349.56,22786.07,1,4,6.0,1,5,0.302,1,0,0.935789804826042,2-7 days,Medium,0
CLM100263,70,7.8,Motor,14776.28,78205.28,0,2,2.0,0,23,0.103,0,0,5.29262304179401,2-7 days,Very High,1
CLM100264,61,13.6,Travel,17941.56,14394.67,1,17,6.0,0,20,0.186,1,0,0.8023087178595395,8-30 days,Low,0
CLM100265,43,13.4,Home,14681.14,42078.73,1,28,1.0,0,4,0.39,1,1,2.8661759236680533,8-30 days,High,0
CLM100266,49,12.3,Motor,6306.9,66000.57,1,18,3.0,1,20,0.085,0,0,10.46481948342292,8-30 days,Very High,1
CLM100267,23,7.8,Motor,4261.12,102493.46,0,9,5.0,0,1,0.084,0,0,24.053173813457498,8-30 days,Very High,1
CLM100268,49,11.1,Travel,7023.3,15231.63,1,3,2.0,5,2,0.04,0,0,2.168728375549955,2-7 days,Low,0
CLM100269,72,7.8,Travel,10527.11,60370.09,3,29,5.0,3,3,0.229,0,0,5.73472586493349,8-30 days,Very High,1
CLM100270,21,13.1,Motor,7459.23,32675.65,2,12,5.0,1,22,0.094,0,0,4.380566090601845,8-30 days,High,1
CLM100271,72,6.2,Personal,3109.34,61644.6,0,28,3.0,3,0,0.418,0,0,19.82562215775695,8-30 days,Very High,1
CLM100272,28,14.6,Motor,11896.57,17265.37,2,0,3.0,1,15,0.414,0,0,1.4512897414969188,0-1 days,Medium,0
CLM100273,73,14.0,Motor,4140.73,25661.96,2,3,6.0,2,18,0.242,0,0,6.197448276028624,2-7 days,Medium,1
CLM100274,34,11.2,Motor,7028.78,21315.69,1,8,4.0,1,22,0.068,0,0,3.032630129268522,8-30 days,Medium,0
CLM100275,55,4.3,Personal,18629.92,19967.32,2,16,3.0,4,7,0.477,0,0,1.0717877478808284,8-30 days,Medium,0
CLM100276,41,2.1,Home,8689.77,28877.37,1,10,6.0,0,1,0.365,0,0,3.323145491767906,8-30 days,High,0
CLM100277,22,12.8,Travel,13798.54,181885.63,1,6,4.0,1,2,0.073,0,0,13.181512681776477,2-7 days,Very High,1
CLM100278,69,2.6,Motor,9935.71,46240.91,2,23,4.0,1,13,0.248,0,0,4.654011640838954,8-30 days,High,1
CLM100279,51,12.8,Home,5398.17,21517.41,2,24,2.0,2,6,0.226,0,0,3.9860563857751794,8-30 days,Medium,0
CLM100280,23,7.5,Motor,11801.88,22493.72,0,6,3.0,3,12,0.274,0,0,1.9059437987846006,2-7 days,Medium,0
CLM100281,39,6.2,Personal,8261.57,42696.56,0,12,1.0,0,6,0.204,0,0,5.168092747504409,8-30 days,High,1
CLM100282,28,13.6,Motor,4355.51,24351.31,2,24,6.0,3,15,0.184,0,0,5.590920466259979,8-30 days,Medium,1
CLM100283,65,9.1,Motor,4038.68,24415.93,2,25,5.0,3,2,0.65,0,0,6.04552229936514,8-30 days,Medium,1
CLM100284,33,8.7,Motor,10100.02,12186.37,1,28,5.0,2,4,0.276,0,0,1.2065688978833706,8-30 days,Low,0
CLM100285,50,8.5,Personal,22279.6,27028.95,4,29,5.0,2,22,0.076,0,0,1.2131703441713497,8-30 days,Medium,0
CLM100286,26,5.7,Motor,5237.02,4214.16,1,18,5.0,2,2,0.118,0,0,0.8046866347655727,8-30 days,Low,0
CLM100287,23,11.8,Motor,5525.81,7432.76,0,16,1.0,2,23,0.483,0,0,1.3450987276073552,8-30 days,Low,0
CLM100288,33,3.9,Motor,10166.26,21530.56,4,17,4.0,2,14,0.135,0,0,2.1178447137885517,8-30 days,Medium,0
CLM100289,46,14.1,Personal,4705.81,45943.41,1,29,1.0,0,19,0.04,0,0,9.76312473304277,8-30 days,High,1
CLM100290,20,13.4,Personal,24517.52,93758.69,0,30,6.0,0,10,0.2,0,0,3.8241506481895398,8-30 days,Very High,0
CLM100291,37,5.2,Travel,5757.56,37834.83,1,25,2.0,0,22,0.162,0,0,6.571330563641543,8-30 days,High,1
CLM100292,53,11.0,Motor,6790.62,41799.28,0,12,3.0,1,17,0.416,1,0,6.155443832816443,8-30 days,High,1
CLM100293,36,8.7,Motor,5918.14,30472.99,3,16,4.0,1,4,0.446,0,1,5.149082313024024,8-30 days,High,1
CLM100294,43,5.2,Personal,12944.99,52510.56,3,17,4.0,1,21,0.145,0,0,4.0564388230504616,8-30 days,Very High,1
CLM100295,20,14.8,Motor,22490.17,32859.54,2,24,1.0,0,12,0.325,1,0,1.46106232189441,8-30 days,High,0
CLM100296,36,0.6,Motor,6194.16,37027.62,1,20,2.0,1,0,0.172,0,0,5.977827502034175,8-30 days,High,1
CLM100297,37,3.9,Motor,12553.83,8666.61,2,19,2.0,2,13,0.064,0,0,0.6903558515608385,8-30 days,Low,0
CLM100298,49,7.9,Personal,4722.83,34104.37,1,1,6.0,0,8,0.481,0,0,7.221172474977927,0-1 days,High,1
CLM100299,24,7.9,Motor,13088.57,28492.88,2,18,4.0,2,8,0.507,0,0,2.1769284192237963,8-30 days,High,0
CLM100300,69,8.9,Home,18752.53,20493.32,2,14,1.0,4,3,0.251,0,1,1.092829607524958,8-30 days,Medium,0
CLM100301,58,11.3,Travel,16340.17,21656.69,1,8,5.0,2,20,0.095,0,0,1.3253650359818776,8-30 days,Medium,0
CLM100302,50,9.4,Motor,9023.54,10296.63,1,29,4.0,0,1,0.039,1,0,1.1410854276702933,8-30 days,Low,0
CLM100303,57,9.1,Motor,5340.4,41951.73,2,28,5.0,2,15,0.186,0,0,7.855540783461914,8-30 days,High,1
CLM100304,56,1.0,Personal,8502.95,33396.37,0,28,3.0,1,4,0.409,0,0,3.9276215901540055,8-30 days,High,0
CLM100305,35,5.8,Personal,7390.28,29491.75,1,13,2.0,5,19,0.22,0,0,3.9906133461790354,8-30 days,High,0
CLM100306,57,3.6,Personal,6952.18,33271.64,2,18,4.0,1,17,0.373,0,0,4.7857851781743275,8-30 days,High,1
CLM100307,18,4.1,Home,9327.93,10996.13,2,7,3.0,2,1,0.164,1,0,1.178839249436906,2-7 days,Low,0
CLM100308,28,8.4,Motor,8249.23,105077.34,2,11,5.0,0,13,0.109,0,0,12.737836137433433,8-30 days,Very High,1
CLM100309,45,3.2,Personal,11688.39,56799.18,0,16,4.0,1,14,0.24,0,0,4.859452841665961,8-30 days,Very High,1
CLM100310,74,4.6,Motor,11722.63,44596.96,3,11,3.0,1,9,0.122,0,0,3.804347659185695,8-30 days,High,0
CLM100311,42,3.7,Travel,8263.16,85250.39,1,14,4.0,2,15,0.122,1,0,10.316923549828395,8-30 days,Very High,1
CLM100312,67,14.2,Personal,10325.14,32803.74,2,4,3.0,3,7,0.332,0,0,3.1770745965672136,2-7 days,High,0
CLM100313,40,14.2,Home,15404.96,22654.08,1,1,3.0,2,23,0.188,1,0,1.4705705175475952,0-1 days,Medium,0
CLM100314,48,9.2,Travel,6691.55,34383.32,1,19,5.0,3,23,0.005,0,0,5.138319223498293,8-30 days,High,1
CLM100315,47,13.9,Travel,8561.01,88006.0,0,17,2.0,3,20,0.18,1,0,10.279861838731644,8-30 days,Very High,1
CLM100316,59,11.8,Motor,5351.12,14315.48,2,2,1.0,0,13,0.01,0,0,2.675230605929226,2-7 days,Low,0
CLM100317,52,8.9,Home,10548.73,87221.31,1,4,3.0,2,19,0.125,0,0,8.268418093931686,2-7 days,Very High,1
CLM100318,24,0.3,Motor,9294.24,10155.76,0,1,2.0,2,9,0.124,1,0,1.092693969598375,0-1 days,Low,0
CLM100319,33,11.6,Home,10458.94,41763.18,1,8,6.0,2,12,0.304,0,0,3.9930604822286004,8-30 days,High,0
CLM100320,43,10.6,Motor,5447.08,59731.73,2,23,1.0,0,18,0.377,0,0,10.96582572681143,8-30 days,Very High,1
CLM100321,65,9.3,Motor,11995.97,45400.83,1,4,5.0,1,1,0.041,1,0,3.7846735195236403,2-7 days,High,0
CLM100322,74,11.5,Personal,8899.33,61428.25,0,26,4.0,1,4,0.236,1,0,6.902570193486476,8-30 days,Very High,1
CLM100323,69,7.8,Personal,13508.78,25446.36,3,16,2.0,0,13,0.169,0,1,1.8836904590940113,8-30 days,Medium,0
CLM100324,66,10.6,Motor,6980.26,10776.37,1,20,4.0,0,23,0.275,0,0,1.543835043393799,8-30 days,Low,0
CLM100325,19,14.0,Home,11555.38,61552.81,0,19,4.0,1,20,0.437,0,0,5.326766406643486,8-30 days,Very High,1
CLM100326,18,5.8,Home,10384.67,112018.71,3,14,1.0,0,22,0.019,0,0,10.786930157626578,8-30 days,Very High,1
CLM100327,65,10.7,Personal,16880.5,24747.44,2,29,6.0,2,20,0.403,1,0,1.4660371434495423,8-30 days,Medium,0
CLM100328,29,7.2,Motor,8066.56,46696.02,2,12,2.0,1,23,0.472,0,0,5.788839356553474,8-30 days,High,1
CLM100329,22,10.2,Home,6621.83,15065.56,0,8,3.0,2,7,0.076,0,0,2.275135423289332,8-30 days,Low,0
CLM100330,54,11.5,Personal,6806.39,14236.92,0,1,6.0,3,0,0.36,0,0,2.091699123911501,0-1 days,Low,0
CLM100331,49,0.9,Motor,5161.99,30347.58,3,22,1.0,1,4,0.064,0,0,5.879046646738952,8-30 days,High,1
CLM100332,72,9.8,Personal,6778.01,16223.5,1,1,2.0,2,10,0.304,0,0,2.393549139054088,0-1 days,Low,0
CLM100333,26,3.6,Personal,2964.77,30095.32,0,28,3.0,3,7,0.076,0,0,10.150979671272982,8-30 days,High,1
CLM100334,58,10.1,Personal,15736.94,271766.47,1,28,4.0,2,16,0.113,0,0,17.269333809495365,8-30 days,Very High,1
CLM100335,52,7.1,Motor,20295.27,16490.64,1,10,5.0,2,9,0.098,0,0,0.8125361229488447,8-30 days,Low,0
CLM100336,36,11.6,Motor,7953.82,36175.1,0,27,5.0,4,13,0.048,0,0,4.548141647661124,8-30 days,High,1
CLM100337,65,2.0,Personal,10352.33,7488.62,0,2,1.0,1,0,0.321,1,0,0.7233753174406148,2-7 days,Low,0
CLM100338,33,9.5,Motor,9151.06,41457.93,1,29,6.0,0,4,0.279,0,0,4.530396478659303,8-30 days,High,1
CLM100339,20,4.3,Home,4707.65,16496.49,1,2,3.0,4,14,0.283,0,0,3.504187864433423,2-7 days,Low,0
CLM100340,37,12.8,Motor,13489.11,34871.98,0,9,3.0,2,9,0.143,0,0,2.585195020279322,8-30 days,High,0
CLM100341,41,13.9,Motor,14425.81,34179.41,3,23,5.0,2,14,0.159,0,0,2.369323455667308,8-30 days,High,0
CLM100342,71,14.9,Motor,5320.8,31079.18,0,1,3.0,3,0,0.262,0,0,5.841072771011878,0-1 days,High,1
CLM100343,73,12.0,Home,9860.3,13758.01,0,0,2.0,0,23,0.072,0,0,1.3952932466557815,0-1 days,Low,0
CLM100344,50,11.4,Motor,7552.08,22631.08,2,5,2.0,2,10,0.123,0,0,2.996668467495048,2-7 days,Medium,0
CLM100345,41,3.4,Home,14520.06,33414.6,2,5,5.0,2,17,0.349,0,0,2.3012714823492466,2-7 days,High,0
CLM100346,69,5.2,Home,8188.84,23341.35,1,10,4.0,2,5,0.264,0,0,2.850385402572281,8-30 days,Medium,0
CLM100347,28,7.1,Home,8289.25,80212.97,0,15,4.0,2,1,0.387,0,0,9.676746388394607,8-30 days,Very High,1
CLM100348,66,11.6,Home,19287.59,28874.73,1,30,4.0,5,1,0.203,1,0,1.4970626190208316,8-30 days,High,0
CLM100349,25,13.7,Motor,4766.58,13297.18,1,0,5.0,1,16,0.436,0,0,2.789668903070965,0-1 days,Low,0
CLM100350,53,3.0,Motor,9503.77,38697.65,0,4,1.0,4,21,0.349,0,0,4.071820972098441,2-7 days,High,1
CLM100351,55,13.9,Motor,8845.94,4468.11,0,24,3.0,2,4,0.352,0,0,0.5051029059659007,8-30 days,Low,0
CLM100352,57,10.5,Home,6478.18,121920.12,2,25,2.0,2,19,0.057,0,0,18.820119231018587,8-30 days,Very High,1
CLM100353,37,9.2,Home,21284.64,7703.05,2,26,6.0,4,13,0.113,0,0,0.3619065203827737,8-30 days,Low,0
CLM100354,52,3.2,Motor,9889.89,54847.15,2,9,2.0,0,11,0.133,0,0,5.54577957894375,8-30 days,Very High,1
CLM100355,65,1.0,Motor,11500.2,48803.18,0,20,6.0,1,3,0.228,0,0,4.243680979461226,8-30 days,Very High,1
CLM100356,42,8.6,Travel,12263.63,11992.72,1,27,1.0,1,8,0.485,0,0,0.9779094770471712,8-30 days,Low,0
CLM100357,52,9.8,Motor,7357.22,42597.63,2,22,3.0,1,17,0.234,0,0,5.789908416494273,8-30 days,High,1
CLM100358,42,3.3,Personal,14862.78,16694.73,1,5,4.0,0,9,0.389,1,0,1.1232575601603467,2-7 days,Low,0
CLM100359,46,8.4,Motor,13576.04,24732.87,0,10,6.0,2,6,0.424,0,1,1.8218029705274879,8-30 days,Medium,0
CLM100360,35,12.9,Personal,8045.56,39845.25,1,25,2.0,2,4,0.311,0,0,4.9524520356569335,8-30 days,High,1
CLM100361,63,12.6,Motor,12965.43,27003.2,1,15,4.0,5,14,0.237,0,0,2.0827076309848573,8-30 days,Medium,0
CLM100362,35,13.9,Motor,14850.56,13225.74,0,19,4.0,2,12,0.399,0,0,0.8905886377348733,8-30 days,Low,0
CLM100363,19,5.6,Motor,12156.44,38091.28,0,12,5.0,2,13,0.051,0,0,3.1334239300321474,8-30 days,High,0
CLM100364,71,4.9,Motor,5837.0,23953.64,1,11,5.0,1,3,0.302,0,0,4.103758780195306,8-30 days,Medium,1
CLM100365,52,11.3,Motor,8153.98,25770.96,0,17,3.0,1,5,0.446,0,0,3.1605375534401605,8-30 days,Medium,0
CLM100366,33,6.6,Motor,10527.42,26939.05,1,25,2.0,1,14,0.224,0,0,2.5589413170558406,8-30 days,Medium,0
CLM100367,58,1.5,Home,9521.2,10208.53,0,12,5.0,1,12,0.294,0,0,1.0721894299037937,8-30 days,Low,0
CLM100368,53,4.4,Motor,6078.38,12049.19,3,4,3.0,1,12,0.364,0,0,1.9823028504305424,2-7 days,Low,0
CLM100369,50,6.4,Travel,7471.63,17998.84,2,27,1.0,0,17,0.14,0,0,2.4089576170126197,8-30 days,Medium,0
CLM100370,21,4.5,Motor,9958.3,38090.01,0,27,4.0,2,16,0.682,0,0,3.824951045861242,8-30 days,High,0
CLM100371,50,5.1,Personal,4309.92,13948.23,2,29,2.0,1,0,0.007,0,0,3.236308330549059,8-30 days,Low,0
CLM100372,31,4.5,Home,8574.26,68316.39,0,29,2.0,3,3,0.101,0,1,7.967613531663374,8-30 days,Very High,1
CLM100373,38,0.8,Motor,11629.63,32572.03,2,25,3.0,4,10,0.311,1,0,2.8007795604847274,8-30 days,High,0
CLM100374,65,9.6,Motor,9654.15,36799.65,4,12,5.0,1,18,0.099,1,0,3.811795963393981,8-30 days,High,0
CLM100375,37,9.0,Motor,5778.83,21833.67,1,24,4.0,1,12,0.225,0,0,3.7782163517528633,8-30 days,Medium,0
CLM100376,73,9.9,Motor,6255.03,8458.45,1,12,4.0,0,15,0.24,0,0,1.3522636981757084,8-30 days,Low,0
CLM100377,25,3.0,Home,16596.87,41726.8,0,18,2.0,4,18,0.267,0,0,2.514136701679293,8-30 days,High,0
CLM100378,24,4.6,Home,5574.07,16290.01,1,18,2.0,1,14,0.015,0,0,2.9224624017997622,8-30 days,Low,0
CLM100379,20,9.4,Personal,14492.29,9145.71,2,12,4.0,2,11,0.076,0,0,0.6310741780629562,8-30 days,Low,0
CLM100380,34,9.1,Home,6426.78,14971.27,0,27,1.0,1,22,0.186,0,0,2.3295133799507686,8-30 days,Low,0
CLM100381,50,7.7,Personal,14134.87,26374.87,3,10,3.0,1,7,0.108,0,0,1.8659435849073955,8-30 days,Medium,0
CLM100382,65,5.4,Personal,10843.47,4704.45,1,15,1.0,1,21,0.175,1,0,0.43385097205968204,8-30 days,Low,0
CLM100383,29,13.7,Personal,7267.75,21760.88,1,22,5.0,1,0,0.1,1,0,2.9941701351862684,8-30 days,Medium,0
CLM100384,68,5.2,Home,3838.68,59647.21,1,13,1.0,1,21,0.268,1,0,15.538468952869216,8-30 days,Very High,1
CLM100385,39,6.9,Motor,10169.79,28679.57,2,9,1.0,0,7,0.122,0,0,2.820074947466958,8-30 days,High,0
CLM100386,72,10.2,Motor,9223.64,28465.055,0,1,5.0,0,4,0.449,1,0,3.086097787858156,0-1 days,Medium,0
CLM100387,39,8.2,Home,10240.26,20693.9,1,7,6.0,2,23,0.063,0,0,2.020837361551367,2-7 days,Medium,0
CLM100388,63,5.3,Motor,10835.16,66491.07,1,30,6.0,2,0,0.042,0,0,6.136602505177589,8-30 days,Very High,1
CLM100389,47,6.6,Motor,4705.39,10236.64,0,22,3.0,4,11,0.005,0,0,2.1755136131117716,8-30 days,Low,0
CLM100390,55,12.0,Motor,10145.58,43908.64,0,7,4.0,1,3,0.371,1,0,4.327859028266496,2-7 days,High,1
CLM100391,55,4.3,Motor,11872.32,25816.16,3,25,1.0,0,14,0.007,0,0,2.1744831675696075,8-30 days,Medium,0
CLM100392,62,2.3,Travel,11809.45,77351.18,2,21,3.0,2,8,0.031,0,0,6.549939243571885,8-30 days,Very High,1
CLM100393,68,4.8,Motor,4836.5,20550.99,0,20,5.0,1,9,0.309,0,0,4.249145042902926,8-30 days,Medium,1
CLM100394,71,12.8,Home,14289.15,12714.77,0,26,6.0,1,20,0.475,0,0,0.8898198983144554,8-30 days,Low,0
CLM100395,25,1.5,Travel,10308.63,40944.47,3,19,3.0,3,12,0.53,0,0,3.9718633804879993,8-30 days,High,0
CLM100396,44,14.9,Motor,10914.18,96312.12,1,13,6.0,4,9,0.167,1,0,8.82449437337482,8-30 days,Very High,1
CLM100397,44,8.2,Home,5680.28,33426.18,0,23,1.0,1,9,0.305,0,0,5.884600759117508,8-30 days,High,1
CLM100398,51,14.8,Travel,11950.32,27129.7,3,13,4.0,3,13,0.157,0,0,2.270206990273064,8-30 days,Medium,0
CLM100399,38,14.1,Motor,3913.0,11256.95,2,17,5.0,2,18,0.383,0,0,2.876808075645285,8-30 days,Low,0
CLM100400,47,6.9,Motor,5803.01,56961.92,0,14,5.0,3,18,0.019,0,0,9.81592656224959,8-30 days,Very High,1
CLM100401,50,3.1,Motor,15029.71,26936.96,2,21,1.0,5,0,0.097,0,0,1.792247488474495,8-30 days,Medium,0
CLM100402,45,2.6,Home,11692.34,47361.61,1,29,6.0,0,21,0.238,0,0,4.050652820564575,8-30 days,Very High,1
CLM100403,64,3.8,Home,9691.46,32463.77,2,27,3.0,2,21,0.379,0,1,3.3497295557119364,8-30 days,High,0
CLM100404,50,10.7,Motor,12997.24,129309.79,1,15,4.0,2,23,0.033,0,1,9.949019176378984,8-30 days,Very High,1
CLM100405,22,4.2,Motor,13410.03,18433.0,2,13,5.0,0,7,0.361,0,0,1.3745681404143018,8-30 days,Medium,0
CLM100406,65,5.3,Motor,11954.74,18945.78,0,9,1.0,2,16,0.303,0,0,1.5847923083228912,8-30 days,Medium,0
CLM100407,36,6.8,Personal,7707.73,59875.66,2,21,1.0,4,22,0.148,0,0,7.768261213093869,8-30 days,Very High,1
CLM100408,21,13.7,Motor,5725.59,60987.49,0,20,2.0,2,9,0.313,0,0,10.651738947427251,8-30 days,Very High,1
CLM100409,52,3.0,Personal,6306.18,62452.79,0,1,6.0,0,0,0.351,0,0,9.903426480056071,0-1 days,Very High,1
CLM100410,66,0.3,Motor,16035.91,27735.15,0,4,2.0,1,7,0.454,1,0,1.7295650823682598,2-7 days,Medium,0
CLM100411,34,1.1,Travel,4787.9,32718.72,1,30,3.0,3,4,0.432,1,0,6.833626433300613,8-30 days,High,1
CLM100412,61,13.6,Home,10600.88,10192.87,1,2,1.0,3,1,0.007,1,0,0.9615116858223093,2-7 days,Low,0
CLM100413,45,9.8,Home,10608.21,24817.6,0,22,6.0,2,18,0.266,0,0,2.3394710323419314,8-30 days,Medium,0
CLM100414,47,4.2,Motor,16456.03,34460.09,0,6,3.0,1,1,0.183,0,0,2.094070684120046,2-7 days,High,0
CLM100415,46,2.8,Travel,10594.85,34474.05,1,23,3.0,2,19,0.249,0,0,3.2538497477548054,8-30 days,High,0
CLM100416,63,4.6,Motor,7025.99,15861.58,1,26,4.0,2,22,0.197,0,0,2.2575580096185734,8-30 days,Low,0
CLM100417,70,1.9,Motor,7075.95,12276.61,1,11,2.0,0,23,0.216,1,0,1.7349769288929402,8-30 days,Low,0
CLM100418,23,14.1,Home,8477.92,61273.55,0,29,3.0,1,10,0.188,0,0,7.227427246305698,8-30 days,Very High,1
CLM100419,52,11.8,Personal,14150.75,54473.71,2,9,4.0,1,2,0.09,0,0,3.849528116884264,8-30 days,Very High,0
CLM100420,58,7.0,Home,12219.1,23523.55,3,10,4.0,0,8,0.229,0,0,1.9251458781743336,8-30 days,Medium,0
CLM100421,54,13.0,Motor,5214.78,60737.16,0,29,6.0,3,7,0.337,0,0,11.647118382750568,8-30 days,Very High,1
CLM100422,41,3.9,Home,9635.6,56645.54,1,24,2.0,2,5,0.16,0,0,5.87877662003404,8-30 days,Very High,1
CLM100423,46,10.8,Home,12322.6,28465.055,2,16,2.0,1,13,0.107,0,0,2.3099877460925455,8-30 days,Medium,0
CLM100424,66,12.9,Personal,7639.54,25900.7,5,3,1.0,0,7,0.224,0,0,3.3903481099647363,2-7 days,Medium,0
CLM100425,63,5.5,Personal,3215.8,76416.14,1,5,3.0,2,14,0.25,0,0,23.762715342993967,2-7 days,Very High,1
CLM100426,70,11.4,Home,7780.75,28465.055,0,6,4.0,0,23,0.079,1,0,3.6583947562895607,2-7 days,Medium,0
CLM100427,48,4.6,Motor,4356.85,9432.61,1,26,1.0,0,2,0.125,1,0,2.1650068283278054,8-30 days,Low,0
CLM100428,52,4.6,Travel,4057.27,44798.13,2,4,6.0,1,22,0.009,0,0,11.041446588469586,2-7 days,High,1
CLM100429,50,1.8,Home,13727.36,73807.69,0,5,3.0,1,7,0.243,0,1,5.376684956175113,2-7 days,Very High,1
CLM100430,69,6.7,Personal,26430.8,22697.88,0,16,3.0,4,21,0.137,0,0,0.8587662878157302,8-30 days,Medium,0
CLM100431,38,11.0,Motor,15705.24,19690.89,1,13,1.0,1,15,0.41,0,0,1.2537783567777379,8-30 days,Medium,0
CLM100432,49,14.1,Motor,2625.57,7829.28,1,10,4.0,1,5,0.274,1,0,2.981935351180886,8-30 days,Low,0
CLM100433,40,9.1,Motor,7863.33,22387.1,2,4,1.0,0,6,0.301,0,0,2.84702536965891,2-7 days,Medium,0
CLM100434,50,13.0,Home,6518.9,9283.44,0,1,3.0,1,12,0.216,1,0,1.424080749819755,0-1 days,Low,0
CLM100435,20,12.4,Personal,4384.83,21460.64,0,30,1.0,1,19,0.332,0,0,4.894292367092909,8-30 days,Medium,1
CLM100436,35,2.8,Motor,10477.74,74835.1,2,13,1.0,2,8,0.069,0,0,7.142294044326354,8-30 days,Very High,1
CLM100437,42,7.4,Travel,7821.76,10605.47,0,26,6.0,1,18,0.187,0,0,1.3558930470891462,8-30 days,Low,0
CLM100438,59,1.9,Home,5034.06,23173.03,1,15,3.0,4,6,0.141,0,0,4.603248670059553,8-30 days,Medium,1
CLM100439,48,10.3,Travel,3369.32,53407.38,0,1,2.0,1,15,0.374,0,1,15.851085679009413,0-1 days,Very High,1
CLM100440,71,14.3,Motor,6462.74,15643.09,0,16,6.0,0,23,0.014,0,0,2.4205043062230573,8-30 days,Low,0
CLM100441,75,2.2,Personal,8530.3,38020.48,2,25,4.0,2,6,0.227,1,0,4.457109363093913,8-30 days,High,1
CLM100442,20,11.1,Motor,8058.91,51410.91,0,15,3.0,1,14,0.397,1,0,6.379387535038858,8-30 days,Very High,1
CLM100443,57,9.6,Travel,13712.64,29696.24,1,8,6.0,2,4,0.176,0,0,2.1656107066181276,8-30 days,High,0
CLM100444,63,8.8,Motor,9896.28,30157.06,1,19,6.0,1,1,0.175,0,0,3.047312727610779,8-30 days,High,0
CLM100445,41,6.0,Motor,7278.93,12289.45,0,19,2.0,0,1,0.236,0,0,1.6883594154635366,8-30 days,Low,0
CLM100446,67,5.5,Personal,5884.45,20754.39,3,8,1.0,5,19,0.157,1,0,3.526988928447009,8-30 days,Medium,0
CLM100447,49,0.9,Motor,3831.09,31621.85,2,4,2.0,1,4,0.256,1,0,8.254008650279685,2-7 days,High,1
CLM100448,64,3.4,Motor,5201.73,6726.32,1,3,3.0,6,11,0.369,0,0,1.2930928748704758,2-7 days,Low,0
CLM100449,39,0.4,Home,15663.15,5193.47,3,6,6.0,3,3,0.243,0,0,0.33157251255334974,2-7 days,Low,0
CLM100450,40,8.8,Home,12543.08,24960.85,1,28,6.0,2,17,0.188,0,0,1.990009630808382,8-30 days,Medium,0
CLM100451,19,1.8,Home,9679.52,37200.26,2,28,3.0,1,19,0.318,0,0,3.843192637651454,8-30 days,High,0
CLM100452,44,13.1,Motor,6805.53,29912.82,1,4,1.0,2,10,0.436,0,0,4.395369647918678,2-7 days,High,1
CLM100453,59,7.9,Motor,14857.8,8300.59,1,23,6.0,1,20,0.088,1,0,0.5586688473394447,8-30 days,Low,0
CLM100454,19,10.6,Motor,5392.79,64062.77,1,2,3.0,0,19,0.496,0,0,11.87933704075256,2-7 days,Very High,1
CLM100455,43,6.3,Motor,5420.62,30261.02,1,29,5.0,2,5,0.099,0,0,5.58257542495139,8-30 days,High,1
CLM100456,34,8.5,Personal,8149.86,57987.36,1,7,2.0,3,12,0.252,0,0,7.1151357201228,2-7 days,Very High,1
CLM100457,57,14.2,Motor,3182.46,17343.47,0,30,5.0,2,22,0.244,0,0,5.44970557367571,8-30 days,Medium,1
CLM100458,50,1.4,Motor,5324.41,34156.74,2,15,5.0,0,4,0.253,0,0,6.415122051081716,8-30 days,High,1
CLM100459,26,4.0,Motor,7642.79,41367.5,3,26,2.0,0,3,0.071,0,0,5.412617643556868,8-30 days,High,1
CLM100460,60,11.7,Motor,6906.83,59477.38,0,5,3.0,2,9,0.007,1,0,8.611386120695022,2-7 days,Very High,1
CLM100461,71,1.7,Home,5448.56,55823.06,0,29,2.0,2,1,0.128,0,1,10.245470362811457,8-30 days,Very High,1
CLM100462,65,1.3,Home,21242.31,15366.26,3,28,1.0,3,7,0.086,0,0,0.7233798960659175,8-30 days,Low,0
CLM100463,56,5.6,Motor,15698.0,25671.2,1,8,5.0,0,19,0.273,0,0,1.6353166008408715,8-30 days,Medium,0
CLM100464,46,1.6,Motor,18386.87,18912.0,3,21,6.0,2,19,0.382,1,0,1.028560053995052,8-30 days,Medium,0
CLM100465,59,8.9,Motor,8129.47,31169.05,0,19,5.0,1,2,0.138,0,0,3.8340814345830663,8-30 days,High,0
CLM100466,72,3.5,Travel,6822.34,9526.06,0,17,3.0,1,8,0.005,1,0,1.396303907456972,8-30 days,Low,0
CLM100467,43,13.5,Home,17475.76,8497.54,0,10,2.0,2,19,0.104,1,0,0.48624723617170307,8-30 days,Low,0
CLM100468,52,11.8,Motor,8832.24,167576.2,0,18,6.0,1,1,0.009,0,0,18.973238951840077,8-30 days,Very High,1
CLM100469,67,10.6,Home,5274.3,119547.47,1,6,4.0,1,16,0.135,1,0,22.66603530326299,2-7 days,Very High,1
CLM100470,42,9.3,Travel,5441.76,67130.53,0,9,6.0,3,0,0.051,0,0,12.336179838875657,8-30 days,Very High,1
CLM100471,41,13.0,Personal,7345.4,28465.055,1,4,3.0,0,23,0.266,0,0,3.875221907588423,2-7 days,Medium,0
CLM100472,30,3.5,Personal,8416.19,50089.12,1,6,3.0,2,16,0.622,0,0,5.951519630616704,2-7 days,Very High,1
CLM100473,75,13.1,Motor,8817.37,50191.37,1,22,3.0,1,4,0.051,0,0,5.692328891721681,8-30 days,Very High,1
CLM100474,24,11.9,Motor,7826.01,96855.53,3,5,2.0,2,12,0.389,0,0,12.376106087265413,2-7 days,Very High,1
CLM100475,74,11.3,Motor,24358.67,28465.055,2,30,3.0,2,7,0.61,0,0,1.1685800168892637,8-30 days,Medium,0
CLM100476,53,8.5,Travel,4623.54,15862.94,0,17,1.0,2,6,0.08,1,0,3.430907919040389,8-30 days,Low,0
CLM100477,62,3.8,Personal,11505.05,27682.75,3,20,1.0,4,22,0.186,1,1,2.406139043289686,8-30 days,Medium,0
CLM100478,37,6.5,Motor,6856.61,43765.56,1,14,5.0,3,13,0.047,0,0,6.382973510233191,8-30 days,High,1
CLM100479,18,11.9,Motor,8352.93,23128.67,2,26,5.0,1,7,0.385,1,0,2.7689289865951228,8-30 days,Medium,0
CLM100480,25,0.7,Motor,12978.43,18499.16,1,30,2.0,1,10,0.059,0,0,1.4253773376286654,8-30 days,Medium,0
CLM100481,63,11.8,Motor,3810.76,82280.28,1,9,4.0,3,2,0.111,1,0,21.591567036496656,8-30 days,Very High,1
CLM100482,33,3.8,Motor,5553.48,14945.22,0,5,5.0,2,4,0.353,0,0,2.6911450117764,2-7 days,Low,0
CLM100483,31,2.3,Home,8003.82,84242.27,0,23,5.0,1,17,0.27,1,0,10.525257939333969,8-30 days,Very High,1
CLM100484,29,1.9,Motor,16516.82,57661.07,0,0,5.0,2,4,0.173,0,0,3.4910515462419522,0-1 days,Very High,0
CLM100485,68,0.6,Motor,16477.68,117468.29,2,27,6.0,2,12,0.079,1,0,7.1289338062154375,8-30 days,Very High,1
CLM100486,40,7.9,Home,15102.37,143959.66,1,27,5.0,0,4,0.396,0,0,9.532256195550763,8-30 days,Very High,1
CLM100487,32,3.4,Motor,3167.81,36961.59,2,27,3.0,1,1,0.359,1,0,11.667868338063204,8-30 days,High,1
CLM100488,45,14.8,Motor,5299.81,133094.92,0,9,5.0,5,12,0.107,1,0,25.11314933931594,8-30 days,Very High,1
CLM100489,51,8.7,Motor,5398.82,40900.02,1,22,6.0,0,5,0.221,0,0,7.575733215776781,8-30 days,High,1
CLM100490,19,2.2,Personal,8291.33,37687.5,0,14,2.0,1,16,0.273,1,0,4.545410688031956,8-30 days,High,1
CLM100491,49,10.4,Travel,3692.13,32380.47,3,13,6.0,1,7,0.003,1,0,8.770132687635593,8-30 days,High,1
CLM100492,40,13.5,Motor,13931.04,20214.12,0,15,3.0,1,16,0.345,1,0,1.4510129896978257,8-30 days,Medium,0
CLM100493,39,11.2,Home,3464.58,49499.3,2,4,6.0,4,18,0.584,0,0,14.287244052670166,2-7 days,Very High,1
CLM100494,68,1.3,Motor,13527.2,66364.61,0,13,3.0,3,14,0.357,0,0,4.906012330711455,8-30 days,Very High,1
CLM100495,42,13.5,Home,12577.93,9810.28,3,15,2.0,4,0,0.465,0,0,0.7799598185074968,8-30 days,Low,0
CLM100496,75,12.0,Travel,5194.46,190964.32,0,13,4.0,1,17,0.329,0,0,36.763074506300946,8-30 days,Very High,1
CLM100497,39,2.5,Personal,14998.43,94687.9,0,6,5.0,4,6,0.003,0,0,6.313187446952781,2-7 days,Very High,1
CLM100498,75,1.0,Motor,7316.42,18093.66,0,30,1.0,2,6,0.319,0,0,2.4730209583375475,8-30 days,Medium,0
CLM100499,75,8.4,Personal,6510.08,42689.88,2,18,4.0,2,15,0.026,1,0,6.557504669681478,8-30 days,High,1
CLM100500,39,2.5,Personal,7031.6,27107.73,1,3,5.0,3,10,0.1,0,0,3.8551297002104783,2-7 days,Medium,0
CLM100501,66,12.6,Personal,7308.29,35939.43,1,17,1.0,1,4,0.142,0,0,4.917625053193018,8-30 days,High,1
CLM100502,69,5.5,Home,7617.23,25286.09,0,27,3.0,1,20,0.124,0,0,3.3195912424857856,8-30 days,Medium,0
CLM100503,59,13.7,Motor,7695.44,41453.52,0,21,6.0,2,13,0.054,0,0,5.386764109654549,8-30 days,High,1
CLM100504,23,8.6,Motor,5694.06,12558.14,2,20,3.0,1,22,0.14,0,0,2.2054807992890835,8-30 days,Low,0
CLM100505,32,2.9,Motor,6321.0,144714.14,1,14,3.0,0,9,0.161,0,0,22.89418446448347,8-30 days,Very High,1
CLM100506,71,2.3,Motor,6572.18,13292.67,0,16,5.0,2,4,0.386,1,1,2.022566332632399,8-30 days,Low,0
CLM100507,60,8.7,Travel,18043.67,42372.18,1,30,2.0,2,23,0.249,0,0,2.348312732387591,8-30 days,High,0
CLM100508,54,11.5,Home,6573.51,16831.04,2,0,3.0,2,18,0.339,0,0,2.5604342276804934,0-1 days,Low,0
CLM100509,50,11.8,Personal,6386.28,24903.85,0,23,3.0,5,17,0.143,0,0,3.8995863006319795,8-30 days,Medium,0
CLM100510,25,4.3,Motor,16817.4,39573.1,1,14,3.0,2,3,0.335,0,0,2.3531045226967304,8-30 days,High,0
CLM100511,70,3.2,Motor,7353.4,30131.0,3,15,6.0,3,22,0.128,0,0,4.097560312236516,8-30 days,High,1
CLM100512,61,0.4,Travel,5694.28,30853.08,1,23,5.0,1,8,0.025,0,0,5.418258322386676,8-30 days,High,1
CLM100513,61,10.3,Motor,5165.16,21246.27,0,21,1.0,4,18,0.342,0,0,4.11338080524127,8-30 days,Medium,1
CLM100514,22,1.3,Motor,4486.15,16669.13,1,10,4.0,2,10,0.085,0,0,3.7156871705136925,8-30 days,Low,0
CLM100515,56,6.4,Personal,10843.86,46040.89,2,8,3.0,3,2,0.197,0,0,4.2458026938746904,8-30 days,High,1
CLM100516,21,9.1,Travel,3773.9,14753.66,0,16,4.0,1,10,0.194,0,0,3.9093934656456186,8-30 days,Low,0
CLM100517,23,14.1,Motor,15578.91,17201.37,2,30,2.0,3,6,0.119,1,0,1.1041446416982958,8-30 days,Low,0
CLM100518,62,4.8,Personal,8157.74,17353.42,1,25,2.0,5,16,0.02,0,0,2.12723376817599,8-30 days,Medium,0
CLM100519,49,3.9,Home,6982.33,21837.68,0,14,2.0,1,22,0.071,0,0,3.1275634351283883,8-30 days,Medium,0
CLM100520,69,9.9,Travel,7669.92,9650.51,0,7,3.0,3,17,0.2,0,0,1.2582282474914992,2-7 days,Low,0
CLM100521,47,9.4,Travel,10469.24,9762.42,0,17,4.0,0,14,0.196,0,0,0.9324860257287062,8-30 days,Low,0
CLM100522,64,5.1,Motor,6880.14,42076.99,3,7,1.0,0,16,0.141,0,0,6.115717122035307,2-7 days,High,1
CLM100523,52,13.9,Home,7797.23,42437.79,2,2,5.0,2,16,0.325,0,0,5.442675155151253,2-7 days,High,1
CLM100524,72,12.7,Motor,13652.9,35347.13,0,21,4.0,2,23,0.11,1,0,2.5889832929267773,8-30 days,High,0
CLM100525,57,3.5,Motor,9936.09,78539.11,3,22,5.0,1,9,0.138,1,0,7.904428200630227,8-30 days,Very High,1
CLM100526,69,3.7,Personal,4843.24,14447.78,0,18,4.0,2,14,0.011,0,0,2.983081573492125,8-30 days,Low,0
CLM100527,33,7.8,Home,6181.61,7677.11,0,13,3.0,2,22,0.374,0,0,1.2419272649034798,8-30 days,Low,0
CLM100528,30,11.6,Travel,3813.05,50460.2,0,1,1.0,3,15,0.05,1,0,13.233553192326351,0-1 days,Very High,1
CLM100529,67,0.9,Personal,11211.36,7553.12,0,30,3.0,1,14,0.046,0,0,0.6737023875783134,8-30 days,Low,0
CLM100530,59,10.5,Personal,11763.08,25268.01,2,0,2.0,1,8,0.014,0,0,2.1480777143401215,0-1 days,Medium,0
CLM100531,47,9.8,Personal,5582.3,34496.47,1,29,1.0,3,20,0.211,0,0,6.179615928918188,8-30 days,High,1
CLM100532,36,3.6,Home,23980.71,131341.11,0,4,6.0,1,18,0.165,0,0,5.476948347234089,2-7 days,Very High,1
CLM100533,34,10.3,Motor,25460.16,18582.16,0,16,6.0,2,0,0.144,0,0,0.7298524439752146,8-30 days,Medium,0
CLM100534,73,14.1,Motor,8587.7,19636.8,0,0,4.0,0,1,0.341,0,0,2.286619234486533,0-1 days,Medium,0
CLM100535,36,0.9,Motor,5937.28,45970.8,0,20,3.0,5,5,0.023,0,0,7.742737415112645,8-30 days,High,1
CLM100536,45,4.9,Motor,9614.54,43978.63,1,15,5.0,1,23,0.259,0,0,4.574179315911109,8-30 days,High,1
CLM100537,75,6.7,Home,5874.39,21642.43,0,2,3.0,2,8,0.195,0,0,3.6842004020843016,2-7 days,Medium,0
CLM100538,72,13.5,Home,13034.25,32171.12,1,9,3.0,0,23,0.245,0,0,2.468198783972994,8-30 days,High,0
CLM100539,43,14.4,Personal,9160.75,16110.05,4,18,4.0,1,17,0.198,0,0,1.7585950931965177,8-30 days,Low,0
CLM100540,54,6.8,Travel,9462.05,39142.33,0,10,4.0,2,0,0.06,0,0,4.136770572973088,8-30 days,High,1
CLM100541,43,11.3,Home,18759.32,8473.55,1,22,2.0,1,9,0.176,0,0,0.4516981425765966,8-30 days,Low,0
CLM100542,70,8.1,Motor,6433.42,247910.15,0,30,1.0,2,3,0.31,1,0,38.534737355869815,8-30 days,Very High,1
CLM100543,40,8.2,Motor,6550.36,48086.6,0,2,3.0,3,13,0.179,0,0,7.34106217062879,2-7 days,Very High,1
CLM100544,26,4.3,Motor,12507.56,12255.82,1,1,5.0,4,20,0.2,1,0,0.9798729728260348,0-1 days,Low,0
CLM100545,29,3.4,Travel,7029.86,22903.0,1,2,6.0,2,5,0.175,0,0,3.2579596179724777,2-7 days,Medium,0
CLM100546,70,4.5,Motor,17492.82,12709.29,1,14,6.0,2,19,0.057,0,0,0.7265432331665221,8-30 days,Low,0
CLM100547,18,8.4,Travel,13333.63,15153.27,2,26,4.0,1,4,0.216,1,0,1.1364699635433113,8-30 days,Low,0
CLM100548,75,0.6,Home,7191.89,32817.22,1,19,4.0,4,14,0.185,0,0,4.56308703275495,8-30 days,High,1
CLM100549,75,13.6,Motor,3761.66,79511.23,1,8,2.0,1,23,0.169,0,0,21.137271842750273,8-30 days,Very High,1
CLM100550,18,2.5,Motor,4421.84,25954.01,1,14,1.0,1,9,0.455,0,0,5.869504550142022,8-30 days,Medium,1
CLM100551,64,3.5,Home,6843.31,6782.65,1,27,6.0,0,2,0.2,0,1,0.9911358684613146,8-30 days,Low,0
CLM100552,51,7.9,Motor,10197.94,17668.43,2,1,2.0,1,16,0.16,1,0,1.7325489265479106,0-1 days,Medium,0
CLM100553,49,10.7,Travel,13958.53,18561.92,1,29,4.0,2,8,0.156,1,0,1.3297904578777275,8-30 days,Medium,0
CLM100554,71,1.6,Travel,7708.22,29931.11,1,5,5.0,4,8,0.009,0,0,3.8830119015803906,2-7 days,High,0
CLM100555,65,4.9,Home,5697.72,25190.27,3,4,2.0,0,14,0.202,1,1,4.421114059658951,2-7 days,Medium,1
CLM100556,42,14.5,Personal,7978.36,5379.11,2,5,3.0,3,17,0.223,1,0,0.6742124947984297,2-7 days,Low,0
CLM100557,57,4.1,Home,8578.27,13992.18,2,4,4.0,2,2,0.074,0,0,1.6311190951089205,2-7 days,Low,0
CLM100558,62,4.8,Personal,15291.41,12201.85,2,21,4.0,3,7,0.299,0,0,0.7979545378745322,8-30 days,Low,0
CLM100559,70,12.6,Motor,14914.1,54887.03,1,11,2.0,1,2,0.258,0,0,3.6802106731214086,8-30 days,Very High,0
CLM100560,18,0.9,Travel,5415.2,22611.18,2,3,5.0,0,18,0.162,0,0,4.17550228985079,2-7 days,Medium,1
CLM100561,33,7.1,Motor,10427.09,6254.16,3,23,2.0,4,21,0.313,0,0,0.5997991769515751,8-30 days,Low,0
CLM100562,56,5.8,Motor,5788.28,14598.29,0,27,5.0,1,12,0.118,0,0,2.5220428175554743,8-30 days,Low,0
CLM100563,22,4.9,Motor,5862.32,67573.88,1,24,4.0,0,21,0.308,0,0,11.526815322261495,8-30 days,Very High,1
CLM100564,39,4.4,Home,13564.69,17865.29,3,25,2.0,2,15,0.102,0,0,1.3170437363478267,8-30 days,Medium,0
CLM100565,46,1.6,Motor,7770.84,16821.82,0,22,1.0,1,6,0.433,0,0,2.164736373416516,8-30 days,Low,0
CLM100566,72,4.9,Motor,11336.23,24642.72,3,29,6.0,2,19,0.086,0,0,2.173802048829285,8-30 days,Medium,0
CLM100567,20,0.8,Personal,10812.43,33162.11,1,13,2.0,0,4,0.155,0,0,3.0670358097116006,8-30 days,High,0
CLM100568,29,11.8,Travel,8201.34,25157.69,0,13,2.0,0,18,0.041,1,0,3.0675096996344497,8-30 days,Medium,0
CLM100569,43,6.1,Travel,9874.06,60314.19,0,10,1.0,1,1,0.268,0,0,6.108347528777424,8-30 days,Very High,1
CLM100570,33,6.8,Travel,9316.62,25158.9,0,27,1.0,2,2,0.002,0,0,2.700432130965951,8-30 days,Medium,0
CLM100571,68,13.4,Personal,5065.05,46428.02,1,0,3.0,3,2,0.161,1,0,9.166349789241961,0-1 days,High,1
CLM100572,54,9.9,Home,10584.2,32450.64,2,20,1.0,2,1,0.041,0,0,3.0659511347102284,8-30 days,High,0
CLM100573,39,0.3,Motor,6186.49,10616.97,2,22,5.0,0,15,0.266,0,0,1.7161540712100076,8-30 days,Low,0
CLM100574,74,14.2,Personal,5253.92,106823.73,0,30,6.0,0,16,0.274,0,0,20.33219577001553,8-30 days,Very High,1
CLM100575,46,3.7,Travel,12486.6,66617.46,1,4,6.0,1,15,0.2,0,1,5.335116044399597,2-7 days,Very High,1
CLM100576,31,1.8,Motor,6514.12,18304.01,1,4,3.0,1,15,0.095,0,0,2.809897576341854,2-7 days,Medium,0
CLM100577,45,11.6,Motor,14011.46,25760.97,0,11,5.0,2,18,0.291,0,0,1.8385642895172953,8-30 days,Medium,0
CLM100578,22,7.6,Motor,13933.95,44415.97,1,4,3.0,0,16,0.029,0,0,3.1876079647192648,2-7 days,High,0
CLM100579,64,6.6,Personal,6858.77,32047.68,2,20,3.0,2,23,0.061,0,0,4.67251125201749,8-30 days,High,1
CLM100580,66,3.9,Motor,13746.99,30340.94,0,12,6.0,1,4,0.29,0,0,2.207096971773457,8-30 days,High,0
CLM100581,47,8.3,Personal,7133.98,28465.055,0,10,5.0,4,11,0.267,0,0,3.990066554714199,8-30 days,Medium,0
CLM100582,63,4.3,Personal,8242.39,36499.67,3,20,4.0,4,21,0.268,1,1,4.4282871836930795,8-30 days,High,1
CLM100583,69,13.5,Home,10615.02,36624.48,6,0,6.0,2,11,0.548,0,0,3.450250682523443,0-1 days,High,0
CLM100584,22,3.4,Home,21280.57,29985.69,0,11,4.0,1,6,0.207,0,0,1.4090642308923116,8-30 days,High,0
CLM100585,29,13.3,Motor,12980.78,45212.76,1,5,2.0,0,6,0.116,0,0,3.4830541770217196,2-7 days,High,0
CLM100586,33,8.5,Motor,8281.8,32768.55,0,26,4.0,0,3,0.157,1,0,3.9566941969137153,8-30 days,High,0
CLM100587,43,12.5,Motor,8904.46,33391.9,3,10,6.0,1,5,0.156,1,0,3.7500196530727306,8-30 days,High,0
CLM100588,43,10.8,Travel,4168.94,78520.0,3,11,2.0,3,15,0.242,0,0,18.834523883769016,8-30 days,Very High,1
CLM100589,65,10.5,Motor,13359.49,38756.13,2,28,4.0,2,7,0.406,0,0,2.901018676611158,8-30 days,High,0
CLM100590,38,5.0,Motor,12728.81,35877.77,0,5,2.0,4,5,0.124,0,0,2.818627192958336,2-7 days,High,0
CLM100591,56,3.7,Motor,9656.56,14376.76,0,23,6.0,2,22,0.39,0,0,1.488807608506549,8-30 days,Low,0
CLM100592,53,3.3,Personal,11740.64,14930.28,1,29,2.0,1,18,0.025,0,0,1.2716751386636505,8-30 days,Low,0
CLM100593,50,12.9,Motor,3416.89,65922.69,1,4,6.0,4,9,0.056,1,0,19.293184738168335,2-7 days,Very High,1
CLM100594,47,12.3,Personal,5224.04,42956.44,0,17,1.0,4,15,0.055,0,0,8.222839028797637,8-30 days,High,1
CLM100595,54,6.7,Motor,19119.89,55722.02,0,15,6.0,0,1,0.054,0,0,2.914348356606654,8-30 days,Very High,0
CLM100596,40,2.2,Home,7569.21,32474.54,2,12,2.0,3,13,0.413,0,1,4.290347341400225,8-30 days,High,1
CLM100597,75,5.9,Motor,11952.15,37724.87,1,6,6.0,0,10,0.262,0,0,3.1563250126546274,2-7 days,High,0
CLM100598,27,9.4,Home,6074.37,25100.59,3,13,6.0,0,23,0.279,0,0,4.132212887920887,8-30 days,Medium,1
CLM100599,71,6.9,Home,6966.35,27444.32,1,0,5.0,4,23,0.064,0,0,3.9395551472435346,0-1 days,Medium,0
CLM100600,22,11.7,Motor,19583.23,20483.46,2,20,5.0,2,1,0.307,0,0,1.0459694340514818,8-30 days,Medium,0
CLM100601,53,15.0,Home,7918.59,76134.22,0,27,2.0,1,2,0.099,0,0,9.614618259058746,8-30 days,Very High,1
CLM100602,51,3.0,Home,10758.2,16417.5,1,20,5.0,0,21,0.106,0,0,1.5260452492052572,8-30 days,Low,0
CLM100603,69,7.0,Home,9013.93,35263.96,2,11,4.0,4,10,0.352,0,0,3.912162619412398,8-30 days,High,0
CLM100604,48,6.6,Travel,9496.79,24896.43,0,2,5.0,1,3,0.045,0,0,2.6215626543284625,2-7 days,Medium,0
CLM100605,27,4.7,Motor,9351.8,57171.82,1,17,1.0,2,13,0.02,1,0,6.1134562330246585,8-30 days,Very High,1
CLM100606,75,3.1,Home,3490.85,33212.77,0,10,5.0,1,4,0.001,0,0,9.514235787845367,8-30 days,High,1
CLM100607,36,1.2,Personal,10535.45,39580.23,0,19,4.0,0,2,0.157,0,0,3.756861833144289,8-30 days,High,0
CLM100608,75,13.3,Personal,6673.42,32716.8,3,6,6.0,0,7,0.51,1,0,4.902553713088641,2-7 days,High,1
CLM100609,49,6.4,Personal,18932.34,13304.18,1,9,4.0,2,9,0.138,0,0,0.7027224315641912,8-30 days,Low,0
CLM100610,18,7.6,Motor,6003.71,42308.01,1,18,2.0,1,11,0.028,0,0,7.046977618839018,8-30 days,High,1
CLM100611,73,13.8,Travel,6874.68,25992.49,1,12,3.0,0,7,0.08,0,0,3.780901801974783,8-30 days,Medium,0
CLM100612,22,11.7,Home,25554.6,15818.18,0,13,4.0,0,22,0.106,1,0,0.6189954059151778,8-30 days,Low,0
CLM100613,62,2.1,Motor,11770.52,9718.84,1,14,2.0,0,6,0.188,0,0,0.8256933423502105,8-30 days,Low,0
CLM100614,21,8.6,Personal,5460.43,15168.94,0,5,2.0,1,1,0.238,0,0,2.7779753609148,2-7 days,Low,0
CLM100615,33,6.7,Home,9202.28,49663.55,1,6,5.0,0,11,0.155,1,0,5.396874470239984,2-7 days,Very High,1
CLM100616,41,12.0,Motor,4908.11,104963.21,0,12,5.0,0,21,0.016,1,0,21.385667802881358,8-30 days,Very High,1
CLM100617,33,10.9,Motor,9544.64,30600.06,1,15,2.0,1,19,0.028,0,0,3.205994149596004,8-30 days,High,0
CLM100618,72,10.4,Personal,5918.58,13258.75,1,14,6.0,0,10,0.343,0,0,2.240191059341937,8-30 days,Low,0
CLM100619,19,5.2,Motor,19673.02,38263.22,0,17,1.0,0,8,0.018,0,0,1.944959136929663,8-30 days,High,0
CLM100620,66,12.1,Motor,10272.44,62818.03,1,2,6.0,3,4,0.225,0,0,6.115200478172664,2-7 days,Very High,1
CLM100621,45,1.0,Motor,10777.54,118288.83,1,15,2.0,1,5,0.255,0,0,10.97549440781477,8-30 days,Very High,1
CLM100622,49,2.6,Motor,13032.6,72261.45,0,24,5.0,1,6,0.099,1,0,5.544668753740619,8-30 days,Very High,1
CLM100623,44,5.2,Personal,13705.49,33128.93,0,0,4.0,2,13,0.208,0,0,2.41720142804088,0-1 days,High,0
CLM100624,37,1.3,Motor,6233.79,43099.56,0,23,1.0,2,17,0.368,1,0,6.913861390903447,8-30 days,High,1
CLM100625,41,3.7,Home,8871.13,16285.03,1,0,3.0,2,14,0.39,0,0,1.8357334409483348,0-1 days,Low,0
CLM100626,29,12.5,Personal,6955.97,50902.75,1,18,6.0,3,0,0.177,0,0,7.3178507095344,8-30 days,Very High,1
CLM100627,67,14.2,Home,21810.66,56412.16,1,5,4.0,4,15,0.071,0,0,2.586449011630093,2-7 days,Very High,0
CLM100628,52,4.7,Motor,3039.51,4302.78,1,10,3.0,0,14,0.467,0,0,1.4156163328957627,8-30 days,Low,0
CLM100629,50,4.1,Travel,6561.81,31162.44,0,23,4.0,1,21,0.066,0,0,4.749061615621299,8-30 days,High,1
CLM100630,50,4.3,Motor,8199.58,85607.28,2,6,4.0,2,8,0.307,0,0,10.440446949721816,2-7 days,Very High,1
CLM100631,68,4.3,Motor,9040.25,16924.79,0,2,5.0,0,6,0.059,1,0,1.87215950886314,2-7 days,Low,0
CLM100632,60,0.7,Travel,8957.58,5686.5,0,27,4.0,1,11,0.253,0,0,0.6348254774168917,8-30 days,Low,0
CLM100633,54,13.9,Travel,8325.29,27424.92,1,5,2.0,3,8,0.028,0,0,3.2941699328191567,2-7 days,Medium,0
CLM100634,29,3.4,Travel,7900.91,62754.81,1,0,6.0,0,11,0.186,0,0,7.94273191315937,0-1 days,Very High,1
CLM100635,20,6.4,Personal,9474.93,37813.38,1,7,1.0,1,10,0.181,0,0,3.9908875316229246,2-7 days,High,0
CLM100636,18,0.3,Travel,10461.93,28571.45,1,24,6.0,3,2,0.121,0,0,2.730992273892102,8-30 days,High,0
CLM100637,50,12.9,Travel,19027.5,13984.82,1,24,5.0,1,12,0.117,1,0,0.7349793719616344,8-30 days,Low,0
CLM100638,57,11.0,Personal,18951.88,12286.75,0,13,1.0,1,4,0.353,0,0,0.6483129905845753,8-30 days,Low,0
CLM100639,27,14.2,Motor,9732.93,32113.71,1,3,2.0,1,21,0.166,0,0,3.2994904925854804,2-7 days,High,0
CLM100640,60,11.8,Motor,6801.62,26797.47,0,3,5.0,2,21,0.243,1,0,3.9398657966778505,2-7 days,Medium,0
CLM100641,61,4.8,Travel,7019.15,53068.58,0,22,2.0,0,20,0.636,0,0,7.560542230896904,8-30 days,Very High,1
CLM100642,46,3.9,Home,4705.47,38964.67,0,22,3.0,0,17,0.02,0,0,8.280717972912376,8-30 days,High,1
CLM100643,30,10.5,Motor,13053.05,16037.13,0,15,3.0,0,10,0.057,0,0,1.2286117037780442,8-30 days,Low,0
CLM100644,29,5.6,Motor,8330.6,33930.16,0,10,3.0,2,2,0.084,1,0,4.072955129282405,8-30 days,High,1
CLM100645,48,8.6,Motor,10348.42,29964.73,1,21,1.0,0,21,0.092,0,0,2.895585026506462,8-30 days,High,0
CLM100646,63,0.3,Home,9877.43,8037.48,0,6,6.0,1,8,0.485,0,0,0.813721787954964,2-7 days,Low,0
CLM100647,19,1.1,Personal,6209.85,20447.42,2,29,6.0,3,7,0.113,0,0,3.2927397602196504,8-30 days,Medium,0
CLM100648,68,8.1,Personal,5874.25,29290.19,2,0,3.0,0,23,0.241,0,0,4.986200791590416,0-1 days,High,1
CLM100649,67,8.6,Travel,6932.74,25717.66,3,8,3.0,2,7,0.135,1,0,3.7095953403704742,8-30 days,Medium,0
CLM100650,52,11.3,Personal,10576.59,35481.44,2,29,2.0,0,12,0.101,0,0,3.354714515737114,8-30 days,High,0
CLM100651,40,2.2,Motor,8196.67,29694.67,1,28,4.0,3,10,0.012,0,0,3.62277241855534,8-30 days,High,0
CLM100652,34,7.8,Motor,3840.78,36151.53,2,5,4.0,0,5,0.109,0,0,9.412549013481636,2-7 days,High,1
CLM100653,43,3.1,Motor,5361.27,31733.0,2,23,6.0,0,12,0.205,0,0,5.918933387051948,8-30 days,High,1
CLM100654,25,1.6,Home,7536.43,27516.44,0,30,6.0,1,10,0.114,0,0,3.651123940645637,8-30 days,Medium,0
CLM100655,46,6.3,Motor,8384.47,31559.11,1,12,3.0,2,13,0.316,0,0,3.7639958160742424,8-30 days,High,0
CLM100656,43,2.6,Home,10719.15,21350.02,1,20,6.0,1,13,0.17,0,0,1.9917642723536848,8-30 days,Medium,0
CLM100657,27,3.5,Home,8651.51,20500.29,2,11,4.0,1,18,0.182,0,0,2.3695620764467704,8-30 days,Medium,0
CLM100658,43,4.9,Motor,7219.93,30144.55,2,22,3.0,5,4,0.149,0,0,4.175185909004657,8-30 days,High,1
CLM100659,51,4.0,Personal,7109.11,6205.49,0,18,3.0,3,14,0.017,0,0,0.8728926687025521,8-30 days,Low,0
CLM100660,68,1.5,Home,9306.6,21201.57,1,25,1.0,2,12,0.011,0,0,2.2781219779511312,8-30 days,Medium,0
CLM100661,58,1.5,Motor,10259.34,16487.05,1,16,5.0,5,23,0.199,0,0,1.60702832735829,8-30 days,Low,0
CLM100662,24,3.1,Motor,7327.65,15028.05,3,22,4.0,1,15,0.059,0,0,2.0508689689054473,8-30 days,Low,0
CLM100663,21,0.9,Home,5233.62,22104.6,4,20,3.0,0,18,0.276,0,0,4.2235775619934195,8-30 days,Medium,1
CLM100664,75,9.5,Motor,8131.08,10246.69,1,0,4.0,1,16,0.126,0,0,1.2601880684976658,0-1 days,Low,0
CLM100665,70,4.5,Motor,6344.75,22183.9,0,8,1.0,2,15,0.056,0,0,3.4964182985933254,8-30 days,Medium,0
CLM100666,67,4.3,Home,9674.34,33304.72,0,24,1.0,1,13,0.221,0,0,3.442583163295894,8-30 days,High,0
CLM100667,62,5.1,Personal,16550.27,61560.46,2,21,3.0,0,16,0.184,0,0,3.7196045744268824,8-30 days,Very High,0
CLM100668,28,10.0,Home,4626.79,145705.05,1,26,4.0,0,6,0.085,0,0,31.491606491757782,8-30 days,Very High,1
CLM100669,46,13.1,Personal,14266.01,7104.95,1,24,4.0,0,5,0.111,0,0,0.4980334375203718,8-30 days,Low,0
CLM100670,73,11.4,Personal,10497.47,13898.34,1,22,4.0,0,4,0.271,0,0,1.323970442401836,8-30 days,Low,0
CLM100671,53,11.0,Motor,13962.07,22179.64,2,7,3.0,1,23,0.186,0,0,1.588563873408456,2-7 days,Medium,0
CLM100672,42,7.4,Travel,6986.51,31059.57,0,26,2.0,1,23,0.204,0,0,4.44564882895752,8-30 days,High,1
CLM100673,38,10.5,Motor,4434.23,36804.06,1,1,2.0,1,0,0.217,0,0,8.299988949603426,0-1 days,High,1
CLM100674,74,8.4,Motor,9215.89,17718.56,1,17,4.0,1,15,0.373,0,0,1.9226097533716224,8-30 days,Medium,0
CLM100675,53,3.4,Home,15957.43,4205.72,1,3,4.0,2,22,0.444,0,0,0.26355873094852994,2-7 days,Low,0
CLM100676,27,3.3,Travel,5274.22,60834.54,1,0,5.0,2,13,0.003,0,0,11.534319766714319,0-1 days,Very High,1
CLM100677,54,4.6,Motor,5643.06,40821.28,1,23,3.0,2,1,0.156,1,0,7.23389083227894,8-30 days,High,1
CLM100678,26,13.7,Personal,11070.74,47804.96,1,20,3.0,1,3,0.16,0,0,4.318135915033683,8-30 days,Very High,1
CLM100679,41,8.3,Travel,6750.21,23836.44,2,11,5.0,1,0,0.423,0,0,3.531214584435151,8-30 days,Medium,0
CLM100680,52,11.1,Personal,17989.79,36436.68,3,15,4.0,0,1,0.05,0,0,2.0254088569127267,8-30 days,High,0
CLM100681,66,5.3,Motor,11398.71,6249.26,4,29,6.0,1,8,0.41,1,0,0.5482427397486207,8-30 days,Low,0
CLM100682,52,6.2,Personal,6149.78,12546.29,2,22,2.0,1,0,0.27,0,0,2.040120134378791,8-30 days,Low,0
CLM100683,65,2.1,Motor,6592.78,68572.91,2,30,2.0,1,22,0.092,0,0,10.401213145289242,8-30 days,Very High,1
CLM100684,53,2.7,Motor,6711.14,28656.78,1,27,5.0,2,19,0.32,0,0,4.270031619069189,8-30 days,High,1
CLM100685,35,12.4,Travel,8337.4,113768.48,1,17,2.0,1,22,0.12,0,0,13.6455585674191,8-30 days,Very High,1
CLM100686,66,8.9,Travel,9748.07,13479.57,0,4,2.0,1,15,0.079,0,0,1.382793722244506,2-7 days,Low,0
CLM100687,56,5.2,Home,9432.96,189865.29,2,15,3.0,1,13,0.199,0,0,20.12785912375331,8-30 days,Very High,1
CLM100688,49,12.1,Home,5124.07,211397.05,0,8,3.0,3,22,0.138,0,0,41.25569127666093,8-30 days,Very High,1
CLM100689,41,3.8,Motor,12754.83,17262.12,1,8,4.0,0,12,0.102,1,0,1.3533790728688662,8-30 days,Low,0
CLM100690,40,14.6,Home,7459.81,19913.13,1,1,5.0,1,18,0.053,0,0,2.6693883624381853,0-1 days,Medium,0
CLM100691,49,5.3,Motor,5599.49,71607.94,0,13,6.0,1,14,0.278,0,0,12.788296791314924,8-30 days,Very High,1
CLM100692,54,5.2,Home,6901.2,18359.03,1,10,1.0,3,17,0.178,0,0,2.6602663304932475,8-30 days,Medium,0
CLM100693,29,4.8,Motor,13416.76,22942.68,1,1,1.0,0,2,0.104,0,0,1.710001520486317,0-1 days,Medium,0
CLM100694,66,2.0,Personal,9260.07,16156.16,1,15,6.0,2,14,0.083,0,0,1.7447125129723642,8-30 days,Low,0
CLM100695,72,1.8,Home,9630.82,16485.73,0,20,4.0,3,14,0.106,0,0,1.7117680529799124,8-30 days,Low,0
CLM100696,30,9.8,Travel,5020.71,30590.18,2,18,1.0,4,4,0.087,0,0,6.092799623957568,8-30 days,High,1
CLM100697,40,13.2,Personal,9021.14,22805.27,1,12,6.0,2,12,0.115,0,0,2.5279809425416304,8-30 days,Medium,0
CLM100698,42,11.9,Home,13315.86,5842.93,2,16,2.0,4,23,0.296,0,1,0.438794790573046,8-30 days,Low,0
CLM100699,52,2.3,Motor,3776.23,82518.36,0,26,3.0,5,19,0.121,0,0,21.852048206809435,8-30 days,Very High,1
CLM100700,58,8.3,Motor,7135.19,92917.61,2,28,5.0,1,15,0.205,0,0,13.022443691057983,8-30 days,Very High,1
CLM100701,47,1.8,Travel,11251.46,41120.28,2,30,5.0,1,21,0.118,0,0,3.6546617061252498,8-30 days,High,0
CLM100702,34,0.9,Motor,9127.36,30769.58,1,0,2.0,0,19,0.104,0,0,3.3711368895277496,0-1 days,High,0
CLM100703,66,9.9,Home,5374.17,13878.1,1,20,4.0,3,14,0.215,0,0,2.582370859128014,8-30 days,Low,0
CLM100704,37,8.1,Motor,10168.4,19802.46,0,18,3.0,3,13,0.065,0,0,1.9474509263994335,8-30 days,Medium,0
CLM100705,65,1.4,Motor,5026.54,63375.28,3,15,1.0,3,8,0.287,0,0,12.608132035157384,8-30 days,Very High,1
CLM100706,42,0.7,Home,5752.7,43844.29,0,24,5.0,0,20,0.445,0,0,7.621515114641821,8-30 days,High,1
CLM100707,39,14.8,Personal,6031.01,28465.055,1,12,5.0,0,17,0.074,1,0,4.719782424502695,8-30 days,Medium,1
CLM100708,30,0.6,Home,17023.43,40672.02,1,27,4.0,1,16,0.325,1,0,2.389178914002642,8-30 days,High,0
CLM100709,36,6.8,Personal,4009.62,62120.36,1,18,3.0,2,4,0.114,0,0,15.492829744464563,8-30 days,Very High,1
CLM100710,66,7.7,Personal,4145.04,55510.53,2,2,6.0,0,14,0.131,0,0,13.392037230038794,2-7 days,Very High,1
CLM100711,53,1.9,Motor,9655.82,46958.24,1,2,1.0,1,23,0.24,0,1,4.86320581783836,2-7 days,High,1
CLM100712,29,2.7,Motor,8910.47,21563.85,2,29,5.0,2,10,0.135,1,0,2.420057527829621,8-30 days,Medium,0
CLM100713,58,5.4,Travel,6879.84,99036.41,3,0,5.0,1,21,0.096,0,0,14.395161806088513,0-1 days,Very High,1
CLM100714,36,11.5,Personal,8553.05,19463.01,1,2,1.0,1,11,0.189,0,0,2.2755636878072734,2-7 days,Medium,0
CLM100715,29,7.7,Home,5264.69,14594.34,0,15,3.0,1,6,0.239,0,0,2.7721176365559987,8-30 days,Low,0
CLM100716,26,9.6,Personal,8859.79,18345.13,3,20,3.0,2,19,0.354,1,0,2.0706055109658354,8-30 days,Medium,0
CLM100717,24,14.8,Motor,9340.7,11459.15,2,7,3.0,1,20,0.394,1,0,1.226797777468498,2-7 days,Low,0
CLM100718,45,11.6,Motor,14682.87,43375.14,0,22,5.0,0,8,0.237,0,0,2.954132264332518,8-30 days,High,0
CLM100719,31,6.6,Home,20052.27,27716.62,1,15,6.0,0,2,0.159,0,0,1.382218571762698,8-30 days,Medium,0
CLM100720,48,6.8,Motor,7535.6,65280.42,0,27,2.0,1,16,0.357,0,1,8.662935930781888,8-30 days,Very High,1
CLM100721,69,9.4,Motor,4792.61,4470.15,2,12,5.0,4,23,0.106,0,0,0.932717245926541,8-30 days,Low,0
CLM100722,36,10.0,Motor,10107.77,32798.27,1,12,4.0,1,8,0.12,0,0,3.2448571742332875,8-30 days,High,0
CLM100723,75,7.6,Motor,8003.29,23093.45,0,10,4.0,1,10,0.158,0,0,2.885494590349719,8-30 days,Medium,0
CLM100724,64,9.7,Home,7845.4,21606.65,0,3,6.0,2,13,0.048,1,0,2.754053330614118,2-7 days,Medium,0
CLM100725,33,0.5,Personal,4116.83,12828.9,0,3,5.0,3,9,0.387,1,0,3.1162083447701265,2-7 days,Low,0
CLM100726,70,6.6,Personal,8885.7,28931.3,1,14,5.0,1,3,0.382,0,0,3.2559393182304146,8-30 days,High,0
CLM100727,22,4.3,Home,10281.57,15778.86,2,27,1.0,2,15,0.029,1,0,1.5346741791380112,8-30 days,Low,0
CLM100728,52,2.1,Motor,13291.15,87528.11,0,3,3.0,2,15,0.06,0,0,6.585442945117616,2-7 days,Very High,1
CLM100729,29,1.7,Home,6770.65,28465.055,1,7,6.0,0,11,0.124,0,0,4.204183497891636,2-7 days,Medium,1
CLM100730,42,9.1,Motor,5862.9,58456.14,0,23,1.0,1,5,0.372,0,0,9.970516297395488,8-30 days,Very High,1
CLM100731,69,7.9,Motor,6746.38,7590.79,1,1,6.0,0,6,0.123,1,1,1.125164903251818,0-1 days,Low,0
CLM100732,38,4.0,Motor,12938.69,54403.8,3,14,4.0,0,22,0.205,0,0,4.204737883046893,8-30 days,Very High,1
CLM100733,53,7.2,Personal,15860.23,50690.65,2,22,4.0,0,7,0.009,0,1,3.1960854287737317,8-30 days,Very High,0
CLM100734,70,7.5,Personal,14076.57,20644.84,2,27,2.0,2,5,0.424,1,0,1.4666101188002476,8-30 days,Medium,0
CLM100735,40,3.1,Home,11376.23,24346.2,0,26,3.0,2,6,0.007,0,0,2.140093862377958,8-30 days,Medium,0
CLM100736,33,9.9,Travel,8377.8,13398.47,0,13,3.0,2,8,0.114,0,0,1.5992826278975387,8-30 days,Low,0
CLM100737,74,11.8,Motor,8986.71,22232.02,1,27,6.0,3,15,0.093,0,0,2.4738775369406603,8-30 days,Medium,0
CLM100738,56,11.9,Home,9596.13,42763.02,1,20,4.0,2,21,0.378,0,0,4.456277686942549,8-30 days,High,1
CLM100739,62,9.1,Travel,7588.34,16948.82,0,1,1.0,3,12,0.175,0,0,2.233534607041856,0-1 days,Low,0
CLM100740,70,7.8,Motor,12682.18,28768.8,1,28,5.0,0,14,0.465,0,0,2.2684428071514517,8-30 days,High,0
CLM100741,59,1.1,Motor,4040.3,188938.85,1,2,3.0,0,17,0.023,0,0,46.763569536915575,2-7 days,Very High,1
CLM100742,75,4.5,Personal,4391.15,13438.26,0,10,5.0,1,3,0.348,1,0,3.0603053869715224,8-30 days,Low,0
CLM100743,56,1.6,Travel,4037.11,35920.45,2,6,4.0,0,4,0.243,0,0,8.897565337580595,2-7 days,High,1
CLM100744,31,14.5,Personal,5924.4,12895.05,1,15,2.0,4,7,0.053,0,0,2.176600162041726,8-30 days,Low,0
CLM100745,48,2.2,Travel,15577.89,9189.77,1,21,4.0,0,3,0.075,0,0,0.5899239242285059,8-30 days,Low,0
CLM100746,75,2.4,Personal,4978.04,50992.34,1,21,5.0,2,16,0.268,1,0,10.243457264304826,8-30 days,Very High,1
CLM100747,22,13.4,Motor,5061.2,20636.27,0,27,4.0,1,16,0.174,0,1,4.077347269422272,8-30 days,Medium,1
CLM100748,52,14.2,Motor,5862.94,92919.95,1,6,3.0,1,1,0.07,0,0,15.848695364441731,2-7 days,Very High,1
CLM100749,40,11.5,Motor,13991.46,42866.99,0,21,6.0,2,23,0.46,0,0,3.0637967731744937,8-30 days,High,0
CLM100750,46,0.3,Motor,16215.15,15531.23,0,10,6.0,3,15,0.187,0,0,0.9578221601403626,8-30 days,Low,0
CLM100751,60,0.2,Home,13421.28,14504.9,1,1,5.0,4,18,0.12,0,0,1.0807389459127594,0-1 days,Low,0
CLM100752,28,5.8,Home,13800.92,48070.11,4,7,5.0,1,21,0.007,0,0,3.4831090970746876,2-7 days,Very High,0
CLM100753,35,2.3,Home,17875.34,12711.71,1,6,2.0,1,6,0.097,0,0,0.7111310889750908,2-7 days,Low,0
CLM100754,64,0.5,Motor,3787.26,28465.055,0,5,3.0,2,10,0.163,0,0,7.516002334141305,2-7 days,Medium,1
CLM100755,29,7.1,Personal,4898.19,7712.17,0,15,1.0,5,0,0.18,0,0,1.574493843644285,8-30 days,Low,0
CLM100756,26,14.2,Motor,6201.15,44689.83,0,20,2.0,2,20,0.297,1,0,7.206700370092645,8-30 days,High,1
CLM100757,27,5.0,Motor,8906.17,15256.22,2,10,3.0,3,17,0.186,0,0,1.7129944746170351,8-30 days,Low,0
CLM100758,75,10.0,Travel,8893.19,36671.2,1,21,6.0,2,6,0.113,1,0,4.123514734307936,8-30 days,High,1
CLM100759,61,9.9,Travel,8955.84,10543.62,2,29,1.0,3,12,0.257,0,0,1.1772899024547112,8-30 days,Low,0
CLM100760,34,3.9,Motor,12372.36,8194.46,2,2,6.0,1,2,0.125,0,0,0.6623198807664826,2-7 days,Low,0
CLM100761,55,9.8,Motor,3585.99,48039.91,2,17,5.0,1,8,0.106,0,0,13.396554368528637,8-30 days,Very High,1
CLM100762,24,3.3,Home,7979.83,24861.48,1,8,6.0,3,16,0.147,0,0,3.115540055364588,8-30 days,Medium,0
CLM100763,63,2.0,Motor,9579.16,16836.55,1,16,2.0,2,1,0.163,0,0,1.7576227978236088,8-30 days,Low,0
CLM100764,30,10.6,Motor,7341.83,19440.6,0,1,5.0,2,14,0.144,0,0,2.647922929296919,0-1 days,Medium,0
CLM100765,57,1.9,Home,9255.13,19492.65,1,26,5.0,0,8,0.139,0,0,2.106145456627838,8-30 days,Medium,0
CLM100766,59,15.0,Motor,13464.56,128754.3,1,9,5.0,1,6,0.111,0,0,9.562458780680542,8-30 days,Very High,1
CLM100767,26,2.9,Motor,8741.36,34167.61,0,9,3.0,1,18,0.102,1,0,3.9087293052797274,8-30 days,High,0
CLM100768,67,9.0,Home,22243.93,31076.41,2,16,1.0,2,10,0.254,1,0,1.3970737185380462,8-30 days,High,0
CLM100769,44,6.3,Personal,13039.27,15912.25,2,7,3.0,1,23,0.062,0,0,1.2203328867336898,2-7 days,Low,0
CLM100770,75,2.1,Personal,9581.39,50517.16,0,19,5.0,2,20,0.415,0,0,5.272424982178996,8-30 days,Very High,1
CLM100771,19,0.6,Motor,10662.63,11798.58,0,5,2.0,1,17,0.22,0,0,1.1065356295773183,2-7 days,Low,0
CLM100772,22,9.4,Motor,11876.47,41314.69,2,10,6.0,0,16,0.06,0,0,3.478701162887626,8-30 days,High,0
CLM100773,46,12.1,Motor,18147.01,41482.67,2,4,5.0,6,21,0.049,0,0,2.285923135546848,2-7 days,High,0
CLM100774,54,12.7,Motor,14418.27,60060.87,1,23,1.0,1,3,0.233,0,0,4.1656086340455545,8-30 days,Very High,1
CLM100775,55,7.3,Home,10713.01,6396.95,1,9,3.0,2,1,0.191,0,0,0.5971197637265343,8-30 days,Low,0
CLM100776,36,11.7,Home,6123.73,65211.63,2,22,1.0,0,16,0.284,0,0,10.649004773234614,8-30 days,Very High,1
CLM100777,25,10.2,Home,10244.94,36509.08,1,0,3.0,5,22,0.459,0,0,3.56362067518209,0-1 days,High,0
CLM100778,65,10.9,Motor,11029.65,15902.35,1,7,6.0,1,19,0.354,0,0,1.4417819241771046,2-7 days,Low,0
CLM100779,62,7.5,Motor,12062.48,5544.45,0,3,1.0,0,0,0.35,0,0,0.4596442854205769,2-7 days,Low,0
CLM100780,18,9.6,Home,6109.3,20646.04,0,6,1.0,1,12,0.158,0,0,3.379444453538049,2-7 days,Medium,0
CLM100781,39,12.1,Motor,11848.47,32211.58,1,18,3.0,1,9,0.185,0,0,2.7186278059530053,8-30 days,High,0
CLM100782,69,6.1,Home,12186.11,8953.93,1,14,3.0,2,16,0.167,0,0,0.7347652368147013,8-30 days,Low,0
CLM100783,34,12.1,Home,4931.42,14790.03,1,1,3.0,0,22,0.252,0,0,2.9991422348938035,0-1 days,Low,0
CLM100784,24,9.0,Home,4950.17,10854.82,2,16,4.0,1,20,0.084,0,0,2.1928176204049556,8-30 days,Low,0
CLM100785,42,2.7,Motor,14057.74,20209.08,0,25,6.0,2,16,0.436,0,0,1.4375767370857622,8-30 days,Medium,0
CLM100786,62,0.6,Home,5784.84,12379.01,1,20,1.0,1,10,0.408,0,0,2.139905338782058,8-30 days,Low,0
CLM100787,21,5.6,Motor,16980.18,142579.12,1,30,4.0,1,8,0.193,0,0,8.396796735959217,8-30 days,Very High,1
CLM100788,53,8.3,Motor,7497.31,53515.38,1,15,4.0,1,2,0.096,0,0,7.13794414263249,8-30 days,Very High,1
CLM100789,23,12.6,Home,10107.3,12219.44,1,26,5.0,1,9,0.027,0,0,1.2089717333016732,8-30 days,Low,0
CLM100790,48,2.1,Motor,9888.77,13629.69,2,13,4.0,1,16,0.432,0,0,1.3782998289979442,8-30 days,Low,0
CLM100791,36,12.0,Home,6162.95,28465.055,1,2,4.0,1,15,0.2,0,0,4.618738591096796,2-7 days,Medium,1
CLM100792,61,13.0,Travel,15891.3,25014.55,4,26,3.0,1,15,0.061,0,0,1.5741034402471794,8-30 days,Medium,0
CLM100793,71,2.4,Personal,7500.56,106014.69,0,18,3.0,1,14,0.159,1,0,14.13423664366394,8-30 days,Very High,1
CLM100794,56,12.8,Personal,8727.87,68732.26,1,7,2.0,0,12,0.136,0,0,7.875032510795874,2-7 days,Very High,1
CLM100795,44,14.9,Motor,3483.69,32483.25,1,16,6.0,2,1,0.462,0,0,9.324380183081733,8-30 days,High,1
CLM100796,27,11.0,Personal,4658.49,22456.23,0,28,1.0,1,5,0.208,0,0,4.820495482441736,8-30 days,Medium,1
CLM100797,43,11.8,Home,14115.51,42342.27,5,17,6.0,2,2,0.183,0,0,2.999698204315678,8-30 days,High,0
CLM100798,36,14.9,Home,8478.87,34538.23,1,0,4.0,1,23,0.039,1,0,4.073447287197468,0-1 days,High,1
CLM100799,56,9.2,Motor,6531.01,38741.74,0,6,4.0,0,0,0.186,1,0,5.931967643595707,2-7 days,High,1
CLM100800,20,4.8,Personal,6578.42,32467.29,1,3,1.0,1,16,0.187,0,0,4.935423703564077,2-7 days,High,1
CLM100801,62,12.6,Motor,10880.04,39087.89,0,2,6.0,0,23,0.265,0,0,3.592623740353895,2-7 days,High,0
CLM100802,30,9.3,Personal,14987.75,9648.03,1,18,3.0,2,0,0.188,0,0,0.643727710963954,8-30 days,Low,0
CLM100803,67,8.8,Motor,6601.44,25583.73,0,9,3.0,1,10,0.125,0,0,3.8754771686177563,8-30 days,Medium,0
CLM100804,45,4.0,Home,13918.29,33359.56,3,26,1.0,2,3,0.188,0,0,2.3968145512128283,8-30 days,High,0
CLM100805,75,11.4,Motor,7909.24,20204.68,1,2,1.0,2,10,0.056,1,0,2.5545665575959258,2-7 days,Medium,0
CLM100806,37,1.4,Motor,10647.86,10983.38,2,1,3.0,2,12,0.205,1,1,1.0315105570509002,0-1 days,Low,0
CLM100807,45,13.9,Motor,3824.01,28109.94,0,4,1.0,5,21,0.387,0,0,7.350906509135697,2-7 days,Medium,1
CLM100808,25,5.0,Motor,4130.55,628367.88,0,16,6.0,1,16,0.321,0,0,152.1269274067618,8-30 days,Very High,1
CLM100809,58,2.1,Motor,12293.92,28465.055,0,4,3.0,1,19,0.133,1,0,2.3153766251935917,2-7 days,Medium,0
CLM100810,56,6.7,Home,9619.48,25166.39,2,25,1.0,1,20,0.147,1,0,2.616190272239248,8-30 days,Medium,0
CLM100811,18,0.8,Home,10193.2,72113.67,1,13,3.0,1,12,0.274,0,0,7.0746841031275745,8-30 days,Very High,1
CLM100812,20,10.3,Personal,5231.09,105852.62,3,15,3.0,0,16,0.24,0,0,20.23528939475329,8-30 days,Very High,1
CLM100813,30,13.6,Home,7029.11,18078.75,3,23,3.0,3,1,0.18,0,0,2.5719827972531375,8-30 days,Medium,0
CLM100814,45,12.6,Motor,4005.04,57723.59,2,22,3.0,2,1,0.091,1,0,14.412737450811976,8-30 days,Very High,1
CLM100815,74,2.1,Motor,5804.97,50685.68,0,30,4.0,0,21,0.038,0,0,8.731428413928064,8-30 days,Very High,1
CLM100816,66,2.1,Motor,8413.0,19152.99,3,13,6.0,2,17,0.036,0,0,2.2765945560442176,8-30 days,Medium,0
CLM100817,42,12.2,Personal,9851.15,44742.5,1,29,3.0,3,5,0.154,1,0,4.541855519406364,8-30 days,High,1
CLM100818,73,13.9,Personal,6167.22,24591.5,1,26,3.0,2,1,0.234,0,0,3.98745301772922,8-30 days,Medium,0
CLM100819,50,7.0,Motor,10897.52,17498.62,1,30,5.0,1,22,0.095,1,0,1.6057433250868085,8-30 days,Medium,0
CLM100820,55,7.6,Motor,8354.83,101646.76,1,18,1.0,1,10,0.297,0,0,12.166227200314069,8-30 days,Very High,1
CLM100821,70,4.9,Personal,7678.3,45567.89,2,12,4.0,1,16,0.009,0,0,5.934632666084941,8-30 days,High,1
CLM100822,23,13.4,Personal,8825.98,7931.6,1,11,1.0,0,8,0.07,0,0,0.8986650774191649,8-30 days,Low,0
CLM100823,75,9.7,Personal,21865.17,25442.31,0,24,2.0,2,19,0.139,0,0,1.1635999171284743,8-30 days,Medium,0
CLM100824,61,4.5,Personal,7905.93,18964.87,1,26,5.0,2,4,0.241,0,0,2.3988158255891463,8-30 days,Medium,0
CLM100825,62,4.6,Home,13047.23,23908.15,0,25,5.0,2,19,0.421,0,0,1.8324310984017298,8-30 days,Medium,0
CLM100826,49,13.4,Motor,10868.78,41230.25,1,15,6.0,2,14,0.106,0,0,3.7934570393365212,8-30 days,High,0
CLM100827,62,0.4,Motor,7601.87,34892.03,2,28,4.0,0,16,0.353,0,0,4.589927215277293,8-30 days,High,1
CLM100828,64,5.0,Home,4231.0,82085.47,2,22,6.0,2,9,0.116,1,0,19.400961947530135,8-30 days,Very High,1
CLM100829,38,8.4,Home,6409.71,70006.79,1,16,5.0,2,5,0.393,0,0,10.921990230447243,8-30 days,Very High,1
CLM100830,33,2.4,Home,8797.25,11265.91,0,21,3.0,1,12,0.169,0,0,1.280617238341527,8-30 days,Low,0
CLM100831,71,1.6,Motor,8108.53,26009.69,3,19,4.0,2,20,0.058,0,0,3.207694859610805,8-30 days,Medium,0
CLM100832,38,12.3,Motor,15234.32,6502.02,1,5,6.0,2,15,0.066,1,0,0.42680080239879437,2-7 days,Low,0
CLM100833,28,13.4,Motor,6110.39,13259.17,2,13,2.0,4,23,0.182,0,0,2.169938416369495,8-30 days,Low,0
CLM100834,54,12.4,Motor,7956.59,5815.43,1,15,5.0,1,1,0.147,0,0,0.7308947677334134,8-30 days,Low,0
CLM100835,53,13.5,Motor,10820.37,8638.32,0,30,5.0,4,19,0.018,0,0,0.798338688972743,8-30 days,Low,0
CLM100836,52,8.4,Travel,7500.01,80020.42,2,2,4.0,2,4,0.031,0,0,10.669375107499857,2-7 days,Very High,1
CLM100837,36,12.2,Personal,13173.66,49241.46,1,20,5.0,3,23,0.308,0,0,3.7378723908162197,8-30 days,Very High,0
CLM100838,37,5.9,Motor,5210.42,44478.21,0,18,5.0,1,16,0.189,1,0,8.536396298187094,8-30 days,High,1
CLM100839,74,10.1,Home,4289.5,67606.75,1,6,2.0,0,6,0.261,0,0,15.760986128919454,2-7 days,Very High,1
CLM100840,35,14.8,Motor,7472.11,44333.21,2,30,2.0,1,23,0.004,1,1,5.9331581039358365,8-30 days,High,1
CLM100841,64,3.5,Home,8232.58,26275.17,0,4,4.0,3,16,0.483,0,0,3.19160822002337,2-7 days,Medium,0
CLM100842,58,6.0,Motor,9376.55,17996.91,0,19,5.0,1,4,0.144,1,0,1.9193530669595962,8-30 days,Medium,0
CLM100843,66,7.3,Motor,9046.44,99877.15,1,30,6.0,2,5,0.157,0,0,11.040492171506138,8-30 days,Very High,1
CLM100844,31,2.2,Personal,7073.02,74589.05,1,25,1.0,0,9,0.112,0,0,10.54557317807669,8-30 days,Very High,1
CLM100845,32,1.4,Motor,4312.34,23750.6,1,22,4.0,1,4,0.343,0,0,5.507589846811707,8-30 days,Medium,1
CLM100846,48,12.5,Motor,8057.85,49655.14,1,22,6.0,3,13,0.528,1,0,6.162331142922739,8-30 days,Very High,1
CLM100847,18,14.7,Motor,5324.96,3452.17,1,9,2.0,1,19,0.338,1,0,0.6482997055376942,8-30 days,Low,0
CLM100848,70,6.2,Motor,8774.21,51566.85,0,8,1.0,1,13,0.203,0,0,5.877093208391411,8-30 days,Very High,1
CLM100849,71,1.5,Motor,5162.75,19232.71,1,30,6.0,1,1,0.025,0,0,3.725284005617161,8-30 days,Medium,0
CLM100850,71,1.2,Personal,10081.59,214126.93,0,2,6.0,1,8,0.058,0,0,21.23940072944843,2-7 days,Very High,1
CLM100851,20,13.4,Home,18004.59,66365.12,0,26,5.0,3,17,0.074,1,0,3.6860111782606544,8-30 days,Very High,0
CLM100852,33,7.1,Home,6131.13,6376.96,1,26,4.0,2,17,0.115,0,0,1.0400953820910663,8-30 days,Low,0
CLM100853,40,4.9,Motor,4810.35,16423.77,2,9,4.0,4,21,0.139,1,0,3.4142567588637,8-30 days,Low,0
CLM100854,74,7.3,Motor,14226.35,29301.54,0,15,2.0,1,8,0.212,0,0,2.0596667451595105,8-30 days,High,0
CLM100855,28,4.9,Motor,18825.58,27122.82,0,23,3.0,0,4,0.087,0,0,1.440742861574517,8-30 days,Medium,0
CLM100856,29,7.4,Motor,4852.8,26219.42,0,22,3.0,3,17,0.206,0,0,5.402946752390372,8-30 days,Medium,1
CLM100857,27,12.9,Home,8157.0,58601.09,0,8,3.0,0,11,0.24,0,0,7.18414735809734,8-30 days,Very High,1
CLM100858,49,9.0,Motor,10581.49,18664.46,0,1,4.0,1,5,0.004,0,1,1.763878243990213,0-1 days,Medium,0
CLM100859,33,10.5,Personal,7560.6,26521.51,0,5,2.0,2,16,0.02,0,0,3.5078578419702136,2-7 days,Medium,0
CLM100860,25,5.6,Motor,3864.53,87949.13,0,4,2.0,3,13,0.356,0,0,22.758040434412464,2-7 days,Very High,1
CLM100861,55,11.1,Motor,4582.55,89020.71,1,2,3.0,1,9,0.2,1,0,19.426020447130966,2-7 days,Very High,1
CLM100862,29,10.1,Motor,4804.53,58294.53,1,6,1.0,0,18,0.156,0,0,12.133243001916941,2-7 days,Very High,1
CLM100863,41,2.0,Motor,5322.91,21539.95,2,14,3.0,2,2,0.048,0,1,4.046649295216339,8-30 days,Medium,1
CLM100864,45,8.7,Motor,8838.78,16472.8,1,20,4.0,1,9,0.303,0,0,1.8636961209578695,8-30 days,Low,0
CLM100865,70,4.0,Motor,13930.0,27146.12,2,5,1.0,4,13,0.18,0,0,1.9487523330940415,2-7 days,Medium,0
CLM100866,25,12.1,Motor,4614.52,28603.91,2,3,2.0,3,14,0.419,0,0,6.198675051793035,2-7 days,High,1
CLM100867,75,6.5,Home,5967.97,27267.84,2,22,5.0,4,15,0.211,0,0,4.569031010544624,8-30 days,Medium,1
CLM100868,45,14.9,Home,5158.18,42496.69,2,28,6.0,0,5,0.139,0,0,8.238698533203571,8-30 days,High,1
CLM100869,53,1.6,Motor,9677.97,36697.34,2,12,1.0,1,13,0.081,0,0,3.791842710816421,8-30 days,High,0
CLM100870,43,11.7,Motor,5872.03,35565.82,2,22,2.0,0,3,0.433,0,0,6.056818510804611,8-30 days,High,1
CLM100871,25,10.2,Travel,5393.76,19730.12,0,4,1.0,4,12,0.339,0,0,3.6579528937142176,2-7 days,Medium,0
CLM100872,75,11.6,Personal,4142.87,11393.03,1,14,3.0,0,7,0.215,0,0,2.7500331895521706,8-30 days,Low,0
CLM100873,67,4.8,Home,15672.98,47143.03,1,6,1.0,0,22,0.331,0,0,3.0079174477348913,2-7 days,High,0
CLM100874,45,7.5,Motor,22768.3,29303.97,1,6,1.0,1,8,0.234,0,0,1.2870512950022621,2-7 days,High,0
CLM100875,45,12.0,Travel,8828.14,38046.62,4,9,1.0,0,20,0.11,1,0,4.309698305645357,8-30 days,High,1
CLM100876,54,3.6,Home,16586.42,38851.48,1,12,4.0,1,10,0.331,0,0,2.342366827802504,8-30 days,High,0
CLM100877,58,3.5,Motor,6586.07,6123.26,2,23,6.0,0,4,0.292,0,0,0.9297289582406504,8-30 days,Low,0
CLM100878,53,8.4,Personal,8496.57,101833.37,3,29,4.0,1,4,0.005,0,1,11.985232864555933,8-30 days,Very High,1
CLM100879,44,7.9,Motor,11394.59,18327.04,2,10,6.0,3,17,0.274,0,0,1.6083983715078822,8-30 days,Medium,0
CLM100880,71,4.4,Personal,6060.37,78465.81,3,0,3.0,2,15,0.046,0,0,12.947362949786895,0-1 days,Very High,1
CLM100881,34,4.6,Travel,7911.47,38501.48,3,19,5.0,1,22,0.112,0,0,4.866539340982144,8-30 days,High,1
CLM100882,26,4.3,Home,7484.01,12469.38,0,10,4.0,1,18,0.204,0,0,1.6661362023834814,8-30 days,Low,0
CLM100883,50,11.6,Travel,10350.64,16468.93,0,0,5.0,2,23,0.196,0,0,1.591102579164187,0-1 days,Low,0
CLM100884,70,9.8,Motor,8740.74,16699.23,1,2,4.0,4,8,0.167,0,0,1.910505289025872,2-7 days,Low,0
CLM100885,37,12.5,Home,6127.17,17435.3,0,7,2.0,1,10,0.08,0,0,2.845571446524252,2-7 days,Medium,0
CLM100886,30,14.6,Personal,7423.61,7427.49,1,12,2.0,2,10,0.187,1,0,1.0005226567667214,8-30 days,Low,0
CLM100887,45,7.2,Home,14037.06,15384.46,3,27,1.0,3,13,0.448,0,0,1.0959887611793353,8-30 days,Low,0
CLM100888,65,1.2,Personal,10881.36,57843.49,1,6,5.0,2,9,0.223,0,0,5.315832763551614,2-7 days,Very High,1
CLM100889,46,0.9,Personal,10463.54,62459.68,1,2,1.0,2,8,0.151,0,0,5.9692685267127565,2-7 days,Very High,1
CLM100890,30,4.6,Personal,23459.29,16861.13,2,19,6.0,0,4,0.291,0,0,0.7187399959674824,8-30 days,Low,0
CLM100891,63,14.0,Travel,5109.69,6872.68,2,1,1.0,3,10,0.204,0,0,1.3450287590832322,0-1 days,Low,0
CLM100892,52,7.9,Home,11698.47,44942.92,2,17,4.0,0,8,0.113,0,0,3.841777599976749,8-30 days,High,0
CLM100893,23,4.2,Motor,8712.23,12467.82,0,4,4.0,1,12,0.326,1,0,1.4310710346260371,2-7 days,Low,0
CLM100894,35,6.1,Travel,9922.29,13219.39,1,28,1.0,2,18,0.222,0,0,1.3322922430205122,8-30 days,Low,0
CLM100895,68,9.1,Motor,9226.62,22648.17,2,17,6.0,1,7,0.245,0,0,2.454655117475305,8-30 days,Medium,0
CLM100896,22,9.9,Motor,6199.0,21112.24,1,15,4.0,1,22,0.148,0,0,3.4057493144055497,8-30 days,Medium,0
CLM100897,64,2.5,Motor,5335.02,15485.27,0,26,6.0,1,3,0.164,0,0,2.9025701871783047,8-30 days,Low,0
CLM100898,42,14.7,Personal,8499.36,16571.05,1,6,2.0,0,11,0.308,0,1,1.949682093710585,2-7 days,Low,0
CLM100899,19,8.3,Personal,5978.01,19216.12,2,0,2.0,3,6,0.099,0,0,3.214467690753277,0-1 days,Medium,0
CLM100900,27,2.2,Home,7197.57,16390.69,1,8,5.0,1,23,0.551,0,0,2.277253295209355,8-30 days,Low,0
CLM100901,73,13.4,Motor,12173.22,17182.46,1,14,2.0,2,7,0.086,0,0,1.4114967116342265,8-30 days,Low,0
CLM100902,47,1.3,Home,4893.8,22262.58,1,25,6.0,1,18,0.083,0,0,4.549139727818873,8-30 days,Medium,1
CLM100903,67,13.6,Home,7797.44,36496.72,1,0,1.0,3,22,0.346,0,0,4.680602864529898,0-1 days,High,1
CLM100904,62,14.9,Motor,13661.73,33750.46,1,26,3.0,2,7,0.176,0,0,2.4704382241487717,8-30 days,High,0
CLM100905,22,10.6,Motor,6765.51,18644.97,1,16,4.0,2,18,0.276,0,0,2.755885365626538,8-30 days,Medium,0
CLM100906,72,11.6,Motor,16466.38,22080.27,1,29,1.0,1,3,0.423,0,0,1.34093042915322,8-30 days,Medium,0
CLM100907,73,5.2,Home,4230.03,76743.32,0,8,4.0,3,9,0.245,1,0,18.142500171393586,8-30 days,Very High,1
CLM100908,50,14.1,Home,19274.62,58684.75,0,22,5.0,1,14,0.234,0,0,3.044664434370172,8-30 days,Very High,0
CLM100909,71,8.0,Motor,8569.07,42240.02,1,29,1.0,3,22,0.092,1,0,4.929358728543471,8-30 days,High,1
CLM100910,18,11.0,Personal,4674.76,7416.49,0,14,1.0,0,7,0.044,1,0,1.5864964190675028,8-30 days,Low,0
CLM100911,35,13.9,Motor,12366.56,30340.77,1,9,1.0,3,14,0.066,1,0,2.4534526982442975,8-30 days,High,0
CLM100912,49,14.6,Motor,10318.54,16871.07,2,27,3.0,2,15,0.066,0,0,1.6350249163156803,8-30 days,Low,0
CLM100913,64,12.5,Motor,15831.99,13664.77,1,19,1.0,1,23,0.104,0,0,0.863111333445764,8-30 days,Low,0
CLM100914,66,4.7,Motor,4258.21,21379.62,1,2,4.0,1,20,0.061,0,0,5.020799819642526,2-7 days,Medium,1
CLM100915,28,14.5,Motor,5190.42,61406.2,1,27,3.0,0,6,0.139,0,0,11.83068036883335,8-30 days,Very High,1
CLM100916,38,9.5,Motor,12020.21,54511.56,0,4,1.0,1,7,0.104,0,0,4.5349923171059405,2-7 days,Very High,1
CLM100917,43,14.0,Home,26772.02,17594.19,2,1,5.0,3,12,0.315,0,0,0.6571857484044908,0-1 days,Medium,0
CLM100918,42,10.2,Motor,11011.37,29834.63,0,21,5.0,4,12,0.03,1,0,2.7094385167331585,8-30 days,High,0
CLM100919,39,4.7,Travel,11805.97,20410.19,2,5,1.0,2,1,0.338,0,0,1.7288024618053408,2-7 days,Medium,0
CLM100920,44,5.7,Home,6034.52,23386.4,1,15,5.0,0,19,0.289,1,0,3.8754366544480754,8-30 days,Medium,0
CLM100921,66,8.3,Motor,7832.12,59167.44,2,11,2.0,2,14,0.032,0,0,7.554460350454283,8-30 days,Very High,1
CLM100922,30,11.9,Travel,6431.07,26704.66,3,16,6.0,2,5,0.024,0,0,4.152444305535471,8-30 days,Medium,1
CLM100923,50,4.9,Motor,10655.97,28465.055,1,11,5.0,2,17,0.27,0,0,2.671277696915438,8-30 days,Medium,0
CLM100924,51,8.8,Personal,12914.53,31069.35,1,25,3.0,1,6,0.269,0,0,2.405766992681886,8-30 days,High,0
CLM100925,58,5.3,Personal,9240.89,109342.06,1,24,2.0,0,1,0.053,0,0,11.832416574594006,8-30 days,Very High,1
CLM100926,52,12.3,Motor,12158.32,16563.57,2,16,4.0,2,1,0.032,1,0,1.3623239065923582,8-30 days,Low,0
CLM100927,18,7.1,Personal,8390.76,89443.88,0,21,2.0,0,0,0.116,0,1,10.659806739794726,8-30 days,Very High,1
CLM100928,38,1.3,Travel,15427.65,44491.72,0,6,3.0,1,21,0.334,0,0,2.883894825200209,2-7 days,High,0
CLM100929,65,2.7,Personal,5768.25,67653.55,1,23,6.0,1,13,0.267,0,0,11.728609196896807,8-30 days,Very High,1
CLM100930,72,1.1,Home,16074.55,53989.31,1,15,2.0,1,1,0.079,1,0,3.358682513662902,8-30 days,Very High,0
CLM100931,23,7.6,Motor,6158.31,31994.07,0,17,1.0,1,9,0.212,0,0,5.195267857577809,8-30 days,High,1
CLM100932,45,1.8,Personal,8562.91,17677.12,1,26,5.0,4,3,0.467,0,0,2.0643823186276626,8-30 days,Medium,0
CLM100933,34,1.9,Motor,4966.1,31943.23,0,7,1.0,2,3,0.117,0,0,6.4322567004289075,2-7 days,High,1
CLM100934,22,14.1,Motor,10673.37,33351.11,2,26,1.0,2,22,0.288,0,0,3.1247028820325724,8-30 days,High,0
CLM100935,48,13.1,Motor,9018.11,58025.02,0,25,1.0,3,6,0.139,0,0,6.434277248780509,8-30 days,Very High,1
CLM100936,22,6.9,Motor,11851.53,5175.56,0,29,2.0,0,19,0.109,0,0,0.4366997341271549,8-30 days,Low,0
CLM100937,55,14.8,Home,3895.66,9581.19,1,30,4.0,4,4,0.424,0,0,2.4594523136002633,8-30 days,Low,0
CLM100938,20,0.2,Travel,9027.73,33429.27,0,17,6.0,1,11,0.091,0,0,3.7029541202494975,8-30 days,High,0
CLM100939,70,9.3,Personal,10192.3,35936.46,0,1,5.0,4,11,0.268,0,0,3.5258440195049205,0-1 days,High,0
CLM100940,40,9.3,Motor,5447.77,14611.16,0,8,2.0,0,5,0.23,0,0,2.6820442125860673,8-30 days,Low,0
CLM100941,54,7.0,Personal,10804.07,36604.2,0,22,6.0,2,17,0.247,0,0,3.3880010033255985,8-30 days,High,0
CLM100942,70,6.1,Personal,3023.26,46570.69,2,23,1.0,2,1,0.28,0,0,15.404129978896952,8-30 days,High,1
CLM100943,54,6.9,Motor,8025.23,24195.65,0,15,3.0,1,18,0.263,0,0,3.0149478581922264,8-30 days,Medium,0
CLM100944,27,6.3,Motor,16049.69,81807.69,1,16,3.0,0,15,0.09,0,0,5.09715078608995,8-30 days,Very High,1
CLM100945,27,11.0,Travel,7994.07,94116.92,0,9,1.0,0,22,0.111,0,0,11.773341989749902,8-30 days,Very High,1
CLM100946,36,2.2,Home,6150.22,30677.92,0,21,4.0,3,1,0.224,0,0,4.988101238654877,8-30 days,High,1
CLM100947,34,3.1,Travel,8256.29,52607.51,2,0,6.0,0,16,0.117,0,0,6.371809856485176,0-1 days,Very High,1
CLM100948,38,2.9,Travel,8887.46,7845.45,2,20,5.0,1,19,0.239,0,0,0.8827550278707302,8-30 days,Low,0
CLM100949,31,4.1,Home,12723.18,62629.29,0,17,6.0,1,6,0.088,1,0,4.92245570682801,8-30 days,Very High,1
CLM100950,26,8.0,Motor,9011.62,28465.055,1,14,2.0,1,20,0.347,0,0,3.158705648928827,8-30 days,Medium,0
CLM100951,63,1.8,Home,11976.9,13074.35,5,8,4.0,1,6,0.134,0,0,1.0916305554859773,8-30 days,Low,0
CLM100952,18,13.0,Motor,8859.49,44466.95,1,2,3.0,1,22,0.254,1,0,5.019132026787095,2-7 days,High,1
CLM100953,68,4.6,Home,6067.05,6869.16,3,15,1.0,2,11,0.223,0,0,1.1322075802902563,8-30 days,Low,0
CLM100954,62,2.6,Travel,4523.25,15519.93,2,25,2.0,0,22,0.205,0,0,3.431145746973968,8-30 days,Low,0
CLM100955,30,10.2,Home,10047.5,18953.03,2,22,4.0,1,10,0.391,0,0,1.886342871361035,8-30 days,Medium,0
CLM100956,21,0.8,Personal,2795.5,9264.04,4,14,6.0,1,16,0.182,0,0,3.313911643713111,8-30 days,Low,0
CLM100957,18,9.4,Motor,3840.97,23422.84,1,1,4.0,3,10,0.22,0,0,6.098157496674018,0-1 days,Medium,1
CLM100958,66,10.5,Travel,4531.04,22292.12,0,9,4.0,4,7,0.015,0,0,4.919868286309544,8-30 days,Medium,1
CLM100959,57,3.4,Home,11724.1,44468.77,2,3,6.0,2,5,0.201,1,0,3.7929367712660245,2-7 days,High,0
CLM100960,49,0.8,Personal,4347.75,8996.01,0,25,2.0,4,5,0.139,0,0,2.0691185095739177,8-30 days,Low,0
CLM100961,51,5.6,Travel,10502.66,44688.29,2,18,5.0,1,14,0.137,0,0,4.254949698457343,8-30 days,High,1
CLM100962,45,1.7,Motor,5342.41,15492.07,0,16,6.0,1,19,0.076,1,0,2.899827980256102,8-30 days,Low,0
CLM100963,48,1.9,Personal,7957.77,10732.98,1,9,2.0,0,11,0.457,0,1,1.3487421727443742,8-30 days,Low,0
CLM100964,25,4.0,Home,8263.88,24165.13,0,21,6.0,0,8,0.027,0,0,2.9241869436632677,8-30 days,Medium,0
CLM100965,56,4.6,Motor,7904.34,49242.73,1,20,1.0,1,12,0.133,0,0,6.22983449598575,8-30 days,Very High,1
CLM100966,43,8.0,Home,6353.93,19473.36,2,5,2.0,0,14,0.058,1,0,3.064774084700335,2-7 days,Medium,0
CLM100967,75,10.2,Personal,4200.48,41166.88,3,29,4.0,1,14,0.052,0,0,9.800518036033978,8-30 days,High,1
CLM100968,51,9.0,Home,8603.26,34514.67,2,0,5.0,2,12,0.049,0,0,4.011812963922978,0-1 days,High,1
CLM100969,71,2.4,Motor,10924.53,293889.4,1,10,5.0,2,8,0.428,0,0,26.901788909911915,8-30 days,Very High,1
CLM100970,71,2.7,Personal,11538.73,22148.4,0,15,1.0,1,10,0.077,0,0,1.9194833400209557,8-30 days,Medium,0
CLM100971,20,13.2,Travel,8818.67,24713.18,1,23,1.0,2,21,0.088,0,0,2.8023704254723216,8-30 days,Medium,0
CLM100972,67,8.5,Home,9544.72,64273.44,0,19,3.0,3,10,0.116,0,0,6.733926191653606,8-30 days,Very High,1
CLM100973,29,13.1,Motor,6007.85,26934.85,4,6,3.0,2,8,0.062,0,0,4.483276047171617,2-7 days,Medium,1
CLM100974,18,5.7,Motor,10405.43,33799.44,2,23,3.0,0,16,0.041,0,0,3.248250192447597,8-30 days,High,0
CLM100975,71,9.3,Travel,10234.53,7498.63,0,2,2.0,6,22,0.111,0,0,0.732679468426982,2-7 days,Low,0
CLM100976,61,8.0,Travel,7433.93,25553.33,2,13,5.0,2,20,0.018,1,0,3.4373917968019607,8-30 days,Medium,0
CLM100977,22,4.9,Motor,8685.93,16500.35,0,3,1.0,1,5,0.329,0,0,1.899664169524737,2-7 days,Low,0
CLM100978,47,7.2,Motor,8398.12,19542.15,2,8,3.0,0,21,0.429,0,0,2.3269672259981995,8-30 days,Medium,0
CLM100979,47,7.6,Motor,10438.6,33940.48,1,14,1.0,0,4,0.38,0,0,3.2514398482555134,8-30 days,High,0
CLM100980,74,3.2,Travel,4243.31,26870.33,1,11,3.0,3,20,0.128,0,0,6.332398528507227,8-30 days,Medium,1
CLM100981,34,4.9,Motor,4205.52,49965.18,0,24,2.0,1,2,0.139,0,0,11.880856588483706,8-30 days,Very High,1
CLM100982,65,11.9,Motor,4304.89,57265.16,2,15,6.0,1,5,0.071,0,0,13.302351511885322,8-30 days,Very High,1
CLM100983,64,13.8,Motor,6958.2,24515.46,0,22,2.0,1,21,0.266,0,0,3.5232473915667843,8-30 days,Medium,0
CLM100984,40,5.5,Home,10432.8,35051.38,1,18,4.0,1,16,0.097,0,0,3.359728931830381,8-30 days,High,0
CLM100985,32,4.7,Motor,3093.71,6091.84,0,13,1.0,1,10,0.564,0,0,1.969105055095662,8-30 days,Low,0
CLM100986,54,3.1,Motor,8867.29,35450.59,1,26,6.0,0,3,0.184,0,0,3.99790578632254,8-30 days,High,0
CLM100987,38,10.2,Personal,14545.09,61680.25,0,3,6.0,1,11,0.351,0,0,4.24062346812567,2-7 days,Very High,1
CLM100988,31,5.0,Motor,9611.73,14152.49,0,22,4.0,4,9,0.354,0,0,1.4724185968602947,8-30 days,Low,0
CLM100989,19,14.8,Motor,3426.59,49345.01,1,28,6.0,3,16,0.02,0,0,14.400616939873169,8-30 days,Very High,1
CLM100990,28,5.0,Personal,10746.13,19949.9,3,5,2.0,5,5,0.046,0,0,1.856472981436108,2-7 days,Medium,0
CLM100991,68,6.0,Motor,9479.13,18168.51,2,21,6.0,5,17,0.427,0,0,1.916685392013824,8-30 days,Medium,0
CLM100992,56,9.1,Home,7285.45,81479.0,0,10,2.0,0,20,0.094,0,0,11.18379784364727,8-30 days,Very High,1
CLM100993,55,12.1,Motor,9224.53,27317.67,1,3,6.0,2,18,0.154,0,0,2.9614159203775148,2-7 days,Medium,0
CLM100994,51,7.1,Travel,4535.46,53641.14,2,25,6.0,1,21,0.292,0,0,11.827056131020889,8-30 days,Very High,1
CLM100995,55,6.5,Motor,8697.29,6473.66,2,7,1.0,2,14,0.256,0,0,0.7443307053116545,2-7 days,Low,0
CLM100996,67,14.9,Travel,10542.69,17722.36,1,8,4.0,3,11,0.117,0,0,1.681009305974092,8-30 days,Medium,0
CLM100997,51,0.4,Motor,6222.98,47746.33,2,25,6.0,2,18,0.11,0,0,7.6725829104384085,8-30 days,Very High,1
CLM100998,35,13.4,Motor,6877.08,30738.37,0,22,6.0,3,4,0.021,0,0,4.469683353981631,8-30 days,High,1
CLM100999,47,2.4,Travel,6583.95,24393.2,1,23,4.0,1,17,0.033,0,0,3.704949156661275,8-30 days,Medium,0
CLM101000,32,11.8,Personal,6863.3,44043.94,1,25,4.0,0,11,0.441,0,0,6.417312371599668,8-30 days,High,1
CLM101001,44,9.3,Motor,5850.35,15009.57,2,1,1.0,0,14,0.213,1,0,2.5655849650020937,0-1 days,Low,0
CLM101002,68,5.3,Travel,6009.14,69765.19,2,19,1.0,0,9,0.082,0,0,11.609846001258083,8-30 days,Very High,1
CLM101003,51,13.1,Motor,10722.1,23873.51,2,2,1.0,1,18,0.279,0,0,2.2265703546879805,2-7 days,Medium,0
CLM101004,69,0.4,Home,3880.07,15186.4,0,5,5.0,3,8,0.107,0,0,3.9139500060565915,2-7 days,Low,0
CLM101005,74,3.6,Motor,9229.57,15953.14,1,1,6.0,1,5,0.005,0,0,1.728481391874161,0-1 days,Low,0
CLM101006,55,8.6,Home,10712.72,26338.77,2,22,2.0,1,13,0.087,0,0,2.4586444899147932,8-30 days,Medium,0
CLM101007,50,5.4,Motor,4624.42,20335.07,1,7,5.0,1,0,0.046,0,0,4.397323340008044,2-7 days,Medium,1
CLM101008,41,9.2,Motor,8212.14,41546.95,1,19,5.0,4,0,0.435,0,1,5.059211119147993,8-30 days,High,1
CLM101009,32,0.6,Motor,5627.26,27042.98,1,23,2.0,4,10,0.28,1,0,4.805710061379783,8-30 days,Medium,1
CLM101010,47,1.9,Motor,14174.06,21439.13,0,7,6.0,1,2,0.279,1,0,1.5125609740610666,2-7 days,Medium,0
CLM101011,72,2.1,Personal,7748.76,36497.71,2,2,3.0,0,20,0.094,0,0,4.710135557173018,2-7 days,High,1
CLM101012,59,3.0,Personal,16493.55,18822.41,0,16,3.0,2,21,0.17,0,0,1.1411982259731834,8-30 days,Medium,0
CLM101013,68,7.0,Travel,15411.15,40475.83,3,10,3.0,2,4,0.101,0,0,2.62639906820711,8-30 days,High,0
CLM101014,34,11.3,Motor,9760.7,35766.05,0,2,1.0,3,7,0.046,0,0,3.664291495487004,2-7 days,High,0
CLM101015,22,13.6,Motor,22293.26,34679.08,2,25,1.0,1,21,0.324,1,0,1.5555858586855402,8-30 days,High,0
CLM101016,46,12.6,Travel,4185.18,21407.55,2,30,4.0,3,17,0.307,0,0,5.115084655857095,8-30 days,Medium,1
CLM101017,21,3.1,Personal,16289.23,17461.49,1,11,4.0,0,4,0.244,0,0,1.0719653415170638,8-30 days,Medium,0
CLM101018,27,6.7,Motor,7534.05,51353.6,2,13,5.0,2,11,0.184,1,1,6.816201113610873,8-30 days,Very High,1
CLM101019,73,3.2,Personal,8028.97,44378.06,0,30,4.0,2,22,0.038,0,0,5.527241974998038,8-30 days,High,1
CLM101020,34,4.1,Personal,6906.84,13147.28,1,28,1.0,1,17,0.233,1,0,1.903515934928274,8-30 days,Low,0
CLM101021,27,7.7,Personal,4426.21,20238.44,0,0,5.0,2,20,0.024,0,0,4.572408448763163,0-1 days,Medium,1
CLM101022,34,1.2,Motor,10983.4,76476.79,2,11,4.0,2,11,0.046,0,0,6.96294316878198,8-30 days,Very High,1
CLM101023,37,3.4,Motor,4863.43,58569.27,1,29,4.0,1,20,0.025,0,0,12.042790787571732,8-30 days,Very High,1
CLM101024,41,14.0,Home,6515.06,11642.81,0,17,3.0,2,7,0.075,0,0,1.7870610554622672,8-30 days,Low,0
CLM101025,22,7.1,Home,6646.14,28250.78,0,23,1.0,0,8,0.06,0,1,4.250704920450065,8-30 days,Medium,1
CLM101026,51,6.8,Motor,13304.14,38338.63,4,3,5.0,0,14,0.297,0,0,2.8817067469223865,2-7 days,High,0
CLM101027,23,0.4,Motor,8222.81,58993.76,0,29,2.0,2,2,0.018,1,0,7.174403883830467,8-30 days,Very High,1
CLM101028,70,3.9,Travel,2830.3,30800.96,0,28,6.0,1,14,0.178,0,0,10.882577818605801,8-30 days,High,1
CLM101029,19,13.0,Motor,5671.76,40249.6,1,24,4.0,1,3,0.277,0,0,7.096492094164773,8-30 days,High,1
CLM101030,30,2.6,Motor,4208.47,56301.0,1,22,1.0,1,15,0.374,0,1,13.37802099100148,8-30 days,Very High,1
CLM101031,60,6.3,Home,10656.64,62269.71,2,2,5.0,1,18,0.241,1,0,5.843277993814185,2-7 days,Very High,1
CLM101032,60,0.4,Home,4991.64,24449.95,2,29,6.0,2,17,0.125,0,1,4.898179756552956,8-30 days,Medium,1
CLM101033,65,7.3,Travel,6471.71,28973.27,0,16,3.0,1,15,0.143,0,0,4.476911048239183,8-30 days,High,1
CLM101034,28,0.5,Motor,18684.94,15857.86,1,30,1.0,0,11,0.294,0,0,0.8486974001522082,8-30 days,Low,0
CLM101035,68,12.3,Travel,11320.5,22813.62,0,12,5.0,0,11,0.023,1,0,2.0152484430899693,8-30 days,Medium,0
CLM101036,64,12.4,Home,5032.93,20627.91,1,16,3.0,1,22,0.393,0,0,4.09858869485568,8-30 days,Medium,1
CLM101037,74,11.9,Motor,12321.4,24306.41,0,29,6.0,1,3,0.389,0,0,1.972698719301378,8-30 days,Medium,0
CLM101038,40,4.4,Travel,6153.63,26089.16,2,16,3.0,0,14,0.26,0,0,4.239637417264281,8-30 days,Medium,1
CLM101039,72,12.6,Motor,12307.56,51533.17,0,25,4.0,2,18,0.333,0,1,4.187115073987045,8-30 days,Very High,1
CLM101040,33,8.2,Motor,7060.51,36386.46,3,18,3.0,2,17,0.373,0,0,5.153517238839687,8-30 days,High,1
CLM101041,48,5.7,Motor,5518.21,10721.51,1,4,4.0,3,10,0.19,0,0,1.9429325813986782,2-7 days,Low,0
CLM101042,28,9.5,Motor,5290.99,42308.96,0,7,4.0,2,23,0.321,1,0,7.996416549643828,2-7 days,High,1
CLM101043,71,0.4,Motor,9674.55,18552.76,0,23,5.0,2,22,0.004,0,0,1.917687127566657,8-30 days,Medium,0
CLM101044,33,2.3,Travel,12818.97,12368.51,0,1,1.0,2,14,0.296,0,0,0.9648598912393118,0-1 days,Low,0
CLM101045,25,11.2,Motor,10050.74,11887.74,1,24,2.0,4,15,0.243,0,0,1.1827726117678898,8-30 days,Low,0
CLM101046,21,3.8,Personal,6996.27,31802.28,2,8,2.0,1,10,0.579,0,0,4.5456050152438365,8-30 days,High,1
CLM101047,57,9.1,Home,3785.82,62047.17,3,6,3.0,4,10,0.118,0,0,16.38936082539582,2-7 days,Very High,1
CLM101048,21,5.9,Motor,6374.84,23905.22,0,15,5.0,0,20,0.384,0,0,3.749932547326678,8-30 days,Medium,0
CLM101049,73,12.9,Motor,4838.72,56551.67,0,11,2.0,3,12,0.332,1,0,11.68732020038357,8-30 days,Very High,1
CLM101050,42,14.3,Home,15735.55,29858.2,1,25,1.0,2,6,0.163,0,0,1.8974996107539934,8-30 days,High,0
CLM101051,20,13.3,Home,7104.64,5559.43,1,20,4.0,2,14,0.11,0,0,0.7825069250517971,8-30 days,Low,0
CLM101052,49,4.2,Motor,9730.23,44314.68,1,4,4.0,2,16,0.116,0,0,4.554330164857357,2-7 days,High,1
CLM101053,20,3.1,Motor,7282.11,28465.055,0,23,5.0,2,23,0.162,1,0,3.908902090190893,8-30 days,Medium,0
CLM101054,44,7.2,Travel,10313.2,15245.76,1,30,3.0,1,12,0.333,1,0,1.4782763836636543,8-30 days,Low,0
CLM101055,46,0.3,Motor,11742.85,44505.94,2,23,1.0,1,3,0.225,0,0,3.7900458576921277,8-30 days,High,0
CLM101056,49,0.6,Personal,24236.77,30957.01,2,20,3.0,0,0,0.185,1,0,1.2772745708277133,8-30 days,High,0
CLM101057,67,8.4,Home,6923.35,26622.42,0,21,3.0,2,11,0.312,1,0,3.8453089905898152,8-30 days,Medium,0
CLM101058,75,7.9,Motor,13591.76,30114.11,0,5,3.0,1,3,0.304,0,0,2.215615196265973,2-7 days,High,0
CLM101059,68,14.9,Motor,9632.37,14833.47,0,21,4.0,1,0,0.335,1,0,1.5399605704515087,8-30 days,Low,0
CLM101060,36,3.2,Motor,6552.92,105601.77,1,20,3.0,2,5,0.044,0,0,16.115223442373782,8-30 days,Very High,1
CLM101061,38,4.0,Personal,6766.82,31869.06,1,24,3.0,0,23,0.335,0,0,4.7096065803435,8-30 days,High,1
CLM101062,22,1.9,Motor,10506.27,31537.72,1,29,1.0,3,10,0.388,0,0,3.0017998775969015,8-30 days,High,0
CLM101063,35,13.8,Motor,7437.95,26230.4,1,16,6.0,3,20,0.607,0,0,3.526563098703272,8-30 days,Medium,0
CLM101064,45,11.7,Home,8911.01,8329.48,0,14,4.0,0,17,0.259,0,0,0.9347402819657928,8-30 days,Low,0
CLM101065,59,12.4,Motor,11463.37,16882.55,0,9,3.0,2,17,0.354,0,0,1.4727388193873179,8-30 days,Low,0
CLM101066,39,13.6,Home,26126.55,11182.78,1,2,6.0,1,19,0.254,0,0,0.4280236005136538,2-7 days,Low,0
CLM101067,38,8.0,Travel,8625.17,10406.82,1,6,2.0,0,5,0.281,0,0,1.2065640445347743,2-7 days,Low,0
CLM101068,23,6.9,Motor,5116.08,8811.28,0,28,6.0,1,13,0.355,0,0,1.7222717393004021,8-30 days,Low,0
CLM101069,18,5.1,Personal,10167.14,17388.31,2,24,2.0,1,5,0.079,0,0,1.710245949204988,8-30 days,Medium,0
CLM101070,22,8.9,Personal,6836.34,28433.48,1,1,4.0,1,21,0.227,0,0,4.159167039673275,0-1 days,Medium,1
CLM101071,58,6.9,Motor,19929.28,9636.51,0,12,4.0,1,14,0.232,0,0,0.4835352807527417,8-30 days,Low,0
CLM101072,29,6.9,Motor,6796.21,47327.29,1,26,5.0,1,21,0.083,0,0,6.963776869755349,8-30 days,Very High,1
CLM101073,43,14.1,Motor,8570.66,34998.28,0,28,6.0,2,0,0.066,0,0,4.083498820394229,8-30 days,High,1
CLM101074,63,14.8,Home,11250.1,23533.45,0,13,3.0,1,16,0.106,0,0,2.0918436280566395,8-30 days,Medium,0
CLM101075,51,12.0,Motor,10603.15,141708.82,0,3,2.0,1,11,0.231,0,0,13.364784993138832,2-7 days,Very High,1
CLM101076,66,11.4,Personal,15889.41,23377.07,1,7,6.0,5,2,0.146,0,0,1.4712358734528217,2-7 days,Medium,0
CLM101077,31,10.3,Home,11478.02,50950.89,1,4,2.0,1,1,0.225,0,0,4.438996447122413,2-7 days,Very High,1
CLM101078,43,2.7,Motor,24395.34,32763.13,1,11,4.0,0,22,0.031,1,0,1.3430077219665724,8-30 days,High,0
CLM101079,62,1.1,Home,10405.53,82372.99,1,26,4.0,3,5,0.204,1,0,7.916270483098891,8-30 days,Very High,1
CLM101080,44,10.4,Motor,15251.27,63158.23,2,23,1.0,1,4,0.235,0,0,4.1411784067818616,8-30 days,Very High,1
CLM101081,26,11.0,Travel,6881.96,22358.43,1,11,1.0,1,7,0.022,0,1,3.2488462589146114,8-30 days,Medium,0
CLM101082,43,0.9,Home,20671.1,22975.85,1,10,4.0,0,1,0.039,0,0,1.1114962435477551,8-30 days,Medium,0
CLM101083,74,13.9,Motor,7268.89,10238.38,1,1,1.0,1,11,0.308,0,0,1.408520420586912,0-1 days,Low,0
CLM101084,64,1.5,Motor,16589.69,30544.07,0,27,4.0,1,6,0.201,0,0,1.8411477248821408,8-30 days,High,0
CLM101085,74,4.4,Personal,12697.81,45749.69,0,23,6.0,4,13,0.017,0,0,3.6029590929459494,8-30 days,High,0
CLM101086,39,10.2,Home,8758.87,26730.37,1,21,4.0,0,9,0.114,0,0,3.0518057694656955,8-30 days,Medium,0
CLM101087,64,2.7,Personal,16661.79,80050.61,0,4,5.0,0,19,0.256,0,0,4.804442379840341,2-7 days,Very High,1
CLM101088,73,1.0,Motor,8454.27,31219.35,1,12,1.0,2,13,0.033,0,0,3.6927316019005776,8-30 days,High,0
CLM101089,47,5.1,Motor,15734.25,71361.8,2,17,3.0,3,10,0.427,0,0,4.535443379887824,8-30 days,Very High,1
CLM101090,60,11.5,Motor,10076.32,24775.32,1,22,3.0,3,18,0.27,0,0,2.4587666926020613,8-30 days,Medium,0
CLM101091,65,6.3,Home,7172.96,11734.71,0,16,6.0,1,0,0.313,1,0,1.63596478998907,8-30 days,Low,0
CLM101092,34,9.9,Motor,9817.7,17522.08,0,29,5.0,2,1,0.207,0,0,1.7847438809497134,8-30 days,Medium,0
CLM101093,43,8.8,Motor,8631.45,27331.93,3,5,3.0,0,22,0.277,0,0,3.16655139055431,2-7 days,Medium,0
CLM101094,53,0.5,Home,6965.25,15959.35,0,18,3.0,0,2,0.519,1,0,2.291281719966979,8-30 days,Low,0
CLM101095,18,14.8,Home,9439.56,8092.23,2,21,6.0,3,4,0.11,0,1,0.8572677116306269,8-30 days,Low,0
CLM101096,25,0.8,Motor,10193.24,6236.71,3,16,6.0,0,10,0.118,1,0,0.611847655897438,8-30 days,Low,0
CLM101097,66,14.5,Motor,2816.59,59897.53,1,16,5.0,1,18,0.517,0,0,21.265974103437134,8-30 days,Very High,1
CLM101098,52,8.3,Travel,10651.28,37382.55,1,17,2.0,0,6,0.388,0,0,3.509676771242517,8-30 days,High,0
CLM101099,69,14.5,Motor,11864.65,28465.055,1,25,5.0,3,15,0.152,0,0,2.3991483103167814,8-30 days,Medium,0
CLM101100,32,1.9,Motor,16334.95,31768.4,1,14,5.0,0,19,0.054,0,0,1.9448115849757728,8-30 days,High,0
CLM101101,64,7.5,Motor,4873.76,18571.5,3,22,1.0,1,7,0.114,1,0,3.810507698368405,8-30 days,Medium,0
CLM101102,73,2.7,Travel,5377.32,50802.97,1,27,3.0,2,23,0.505,0,0,9.447637484843751,8-30 days,Very High,1
CLM101103,39,1.0,Personal,9339.37,7596.95,2,29,3.0,2,3,0.194,0,0,0.8134328118491931,8-30 days,Low,0
CLM101104,31,9.3,Motor,6167.23,5865.78,1,27,2.0,2,11,0.349,0,0,0.9511206814080228,8-30 days,Low,0
CLM101105,43,3.3,Motor,4976.24,24070.03,1,19,5.0,0,17,0.219,0,0,4.836991383052264,8-30 days,Medium,1
CLM101106,45,8.9,Personal,7057.1,30860.53,0,3,4.0,2,22,0.232,0,0,4.372976151677034,2-7 days,High,1
CLM101107,40,1.9,Personal,7229.34,14427.25,0,3,2.0,0,13,0.275,0,0,1.9956524385351913,2-7 days,Low,0
CLM101108,31,5.1,Home,5381.81,8475.74,0,4,2.0,2,16,0.161,0,0,1.5748865158747707,2-7 days,Low,0
CLM101109,41,11.8,Personal,5365.67,43606.38,1,14,3.0,3,11,0.139,0,0,8.126921707820271,8-30 days,High,1
CLM101110,19,6.7,Home,8048.4,20565.87,0,1,3.0,0,8,0.433,0,0,2.5552743402415388,0-1 days,Medium,0
CLM101111,62,9.5,Travel,4429.04,47123.45,2,10,3.0,0,15,0.145,0,0,10.639653288297238,8-30 days,High,1
CLM101112,43,9.8,Motor,4397.09,74550.98,0,22,3.0,3,20,0.264,0,0,16.95461771307842,8-30 days,Very High,1
CLM101113,31,12.7,Motor,8777.97,8410.79,0,2,2.0,1,9,0.352,0,0,0.9581702831064587,2-7 days,Low,0
CLM101114,73,5.0,Motor,16736.73,32857.93,0,10,6.0,1,19,0.271,0,0,1.963222803976643,8-30 days,High,0
CLM101115,68,10.4,Personal,11821.68,33764.14,3,2,5.0,1,19,0.302,0,0,2.8561202807046038,2-7 days,High,0
CLM101116,24,14.4,Personal,14735.28,48936.51,1,10,6.0,0,10,0.081,0,0,3.321043780640748,8-30 days,Very High,0
CLM101117,20,11.0,Home,3772.69,18767.85,0,28,6.0,1,8,0.218,1,0,4.974659990616774,8-30 days,Medium,1
CLM101118,64,7.5,Motor,4509.54,29197.34,0,30,3.0,3,0,0.386,0,0,6.474571685803873,8-30 days,High,1
CLM101119,40,9.5,Motor,8540.83,48543.26,1,1,1.0,0,15,0.541,0,0,5.68367008827011,0-1 days,Very High,1
CLM101120,63,11.1,Motor,12383.51,38881.47,1,21,2.0,1,3,0.367,0,0,3.139777817436252,8-30 days,High,0
CLM101121,60,9.3,Motor,11326.96,90144.61,1,19,4.0,1,21,0.222,1,0,7.958411612648055,8-30 days,Very High,1
CLM101122,64,0.4,Home,4642.22,14597.71,0,19,4.0,1,7,0.274,0,0,3.1445536833670094,8-30 days,Low,0
CLM101123,62,3.1,Personal,14170.1,32703.2,4,14,5.0,2,1,0.297,1,0,2.307901849669374,8-30 days,High,0
CLM101124,35,12.2,Motor,8194.47,26245.44,2,7,2.0,1,13,0.146,0,0,3.202823367466108,2-7 days,Medium,0
CLM101125,75,4.2,Motor,12061.8,23982.34,0,27,2.0,2,23,0.005,0,0,1.9882886468023016,8-30 days,Medium,0
CLM101126,55,11.0,Home,6473.92,43523.83,0,30,2.0,0,8,0.203,0,0,6.722948383668627,8-30 days,High,1
CLM101127,52,5.7,Motor,4243.48,30536.97,1,1,6.0,0,23,0.168,0,0,7.1962092433568685,0-1 days,High,1
CLM101128,68,7.9,Personal,12437.26,12587.97,0,22,1.0,0,13,0.12,0,0,1.0121176207621292,8-30 days,Low,0
CLM101129,32,1.2,Motor,10500.34,57210.37,1,17,1.0,2,13,0.242,0,0,5.448430241306472,8-30 days,Very High,1
CLM101130,42,2.9,Motor,4852.7,43593.11,2,21,6.0,1,20,0.261,0,0,8.983269107919304,8-30 days,High,1
CLM101131,72,14.4,Motor,6292.69,84624.41,1,28,3.0,1,11,0.065,0,0,13.448050039013523,8-30 days,Very High,1
CLM101132,54,13.4,Motor,11574.51,48305.44,0,20,6.0,0,10,0.04,0,0,4.173432827825973,8-30 days,Very High,1
CLM101133,45,9.9,Home,9325.78,23856.65,0,7,4.0,2,0,0.114,0,0,2.5581399089405927,2-7 days,Medium,0
CLM101134,27,7.0,Motor,10652.85,23994.01,1,21,6.0,2,21,0.27,0,0,2.2523559423065187,8-30 days,Medium,0
CLM101135,56,10.2,Motor,6713.41,60889.16,1,11,1.0,2,0,0.147,1,0,9.069781228913474,8-30 days,Very High,1
CLM101136,74,9.4,Motor,16126.65,15750.47,2,22,4.0,2,10,0.093,0,0,0.9766733946603913,8-30 days,Low,0
CLM101137,34,8.6,Motor,8085.31,14204.22,0,5,6.0,2,19,0.409,0,0,1.7567934933849165,2-7 days,Low,0
CLM101138,56,1.1,Motor,2929.14,33032.32,0,23,2.0,1,14,0.287,1,0,11.277139365137892,8-30 days,High,1
CLM101139,39,9.6,Home,8919.04,9130.69,1,1,1.0,3,20,0.152,0,0,1.02373013239093,0-1 days,Low,0
CLM101140,43,11.6,Home,11159.49,36369.61,0,11,4.0,3,22,0.469,0,0,3.2590745634433116,8-30 days,High,0
CLM101141,61,14.9,Personal,9715.77,39823.94,2,22,1.0,1,8,0.196,0,0,4.098896947951629,8-30 days,High,1
CLM101142,42,0.4,Motor,7015.2,23275.68,0,20,2.0,4,19,0.333,0,0,3.3178925761204243,8-30 days,Medium,0
CLM101143,34,11.0,Motor,3528.57,80498.27,1,29,2.0,0,20,0.026,0,0,22.813284134932847,8-30 days,Very High,1
CLM101144,30,8.7,Motor,6344.44,65247.24,0,11,2.0,2,21,0.044,0,0,10.284160619376967,8-30 days,Very High,1
CLM101145,37,6.6,Motor,6619.82,15619.9,1,12,3.0,0,16,0.051,0,0,2.3595656679486754,8-30 days,Low,0
CLM101146,42,2.1,Home,6318.17,45788.18,0,30,6.0,1,9,0.266,0,0,7.24706362760103,8-30 days,High,1
CLM101147,21,6.3,Personal,11194.8,58592.73,3,8,4.0,2,14,0.16,0,0,5.233923786043521,8-30 days,Very High,1
CLM101148,27,5.4,Home,7315.72,29793.23,2,14,3.0,2,11,0.153,0,0,4.072494573329761,8-30 days,High,1
CLM101149,20,4.7,Motor,15828.62,20253.87,1,10,5.0,2,4,0.218,0,0,1.2795726980621178,8-30 days,Medium,0
CLM101150,58,11.0,Motor,7679.58,12189.98,3,8,5.0,2,13,0.204,0,0,1.58732378593621,8-30 days,Low,0
CLM101151,62,10.6,Personal,14690.69,28465.055,2,23,1.0,0,9,0.377,0,0,1.937625462112399,8-30 days,Medium,0
CLM101152,35,8.9,Motor,9361.22,12395.37,5,7,1.0,0,19,0.091,0,0,1.3241190784961792,2-7 days,Low,0
CLM101153,64,14.1,Home,9571.42,55509.5,2,29,1.0,1,0,0.048,0,0,5.79950519358674,8-30 days,Very High,1
CLM101154,53,5.4,Personal,6251.22,23123.5,1,19,3.0,2,15,0.442,1,0,3.6990379477925908,8-30 days,Medium,0
CLM101155,64,3.8,Travel,4628.72,41406.73,3,27,6.0,1,3,0.105,0,0,8.945611313710918,8-30 days,High,1
CLM101156,39,9.9,Travel,8224.1,72055.09,2,23,2.0,0,4,0.373,1,0,8.76145596478642,8-30 days,Very High,1
CLM101157,51,3.1,Motor,18158.65,32829.87,2,17,1.0,2,8,0.244,0,0,1.8079466259881654,8-30 days,High,0
CLM101158,64,4.9,Motor,6914.72,67694.89,2,10,1.0,0,16,0.415,0,0,9.789968357359372,8-30 days,Very High,1
CLM101159,25,3.5,Motor,6438.2,21526.51,0,4,6.0,2,5,0.08,0,0,3.343560311888416,2-7 days,Medium,0
CLM101160,57,1.2,Home,7867.2,37414.05,1,3,5.0,3,23,0.319,0,0,4.755700884685784,2-7 days,High,1
CLM101161,66,12.4,Motor,18835.64,32663.55,0,20,2.0,1,4,0.135,0,0,1.734135394390634,8-30 days,High,0
CLM101162,61,4.0,Personal,12111.89,16544.73,1,4,3.0,1,17,0.073,0,0,1.365990774354787,2-7 days,Low,0
CLM101163,36,7.2,Travel,14679.98,22202.42,2,20,6.0,1,16,0.449,1,0,1.5124284910469905,8-30 days,Medium,0
CLM101164,59,0.8,Home,3486.55,80930.96,1,6,2.0,2,20,0.061,1,0,23.212333108660424,2-7 days,Very High,1
CLM101165,58,10.6,Motor,5864.88,21618.55,0,16,5.0,2,10,0.053,0,0,3.686102699458471,8-30 days,Medium,0
CLM101166,54,5.1,Motor,5957.17,8046.41,2,28,3.0,5,2,0.001,1,0,1.3507101526395922,8-30 days,Low,0
CLM101167,23,11.2,Travel,14172.53,21596.41,1,17,4.0,2,5,0.108,1,0,1.5238217876413032,8-30 days,Medium,0
CLM101168,69,6.3,Home,11438.81,15918.91,0,22,1.0,1,8,0.205,0,0,1.391657873502576,8-30 days,Low,0
CLM101169,43,3.1,Travel,13670.18,39415.01,0,0,3.0,1,12,0.154,0,0,2.8832839070151235,0-1 days,High,0
CLM101170,51,7.8,Motor,3654.84,44402.68,2,15,5.0,1,0,0.242,0,0,12.149007890906304,8-30 days,High,1
CLM101171,73,2.1,Home,14009.26,36627.57,3,8,2.0,2,14,0.073,0,0,2.6145256780158266,8-30 days,High,0
CLM101172,62,6.7,Travel,11435.96,20596.01,1,11,3.0,4,19,0.174,0,0,1.8009865372036977,8-30 days,Medium,0
CLM101173,23,4.9,Motor,5608.17,29270.86,1,18,5.0,2,3,0.048,0,0,5.21932466383865,8-30 days,High,1
CLM101174,54,13.7,Home,7779.17,22103.83,1,10,6.0,0,22,0.11,0,0,2.8414123871826944,8-30 days,Medium,0
CLM101175,74,1.1,Travel,5685.69,9460.09,2,5,3.0,2,1,0.142,0,0,1.6638420314860642,2-7 days,Low,0
CLM101176,50,10.5,Motor,8138.39,25742.11,2,3,1.0,1,15,0.175,0,0,3.163046990866744,2-7 days,Medium,0
CLM101177,70,2.9,Motor,10404.89,202289.75,0,15,6.0,1,23,0.237,0,0,19.441796117018058,8-30 days,Very High,1
CLM101178,39,4.9,Home,15990.02,12939.26,2,2,2.0,0,5,0.022,0,0,0.8092084937980065,2-7 days,Low,0
CLM101179,38,6.3,Motor,5569.62,6966.21,4,7,6.0,2,19,0.108,0,0,1.2507513977614273,2-7 days,Low,0
CLM101180,23,13.6,Travel,6882.07,81464.07,2,15,2.0,1,14,0.546,0,0,11.837146381829887,8-30 days,Very High,1
CLM101181,23,3.8,Travel,5174.53,39200.7,2,28,3.0,0,18,0.167,0,0,7.5757025275725525,8-30 days,High,1
CLM101182,72,1.6,Personal,12001.36,35010.91,0,1,6.0,3,6,0.149,0,0,2.917245212209283,0-1 days,High,0
CLM101183,65,4.9,Home,4183.11,21397.46,1,12,5.0,1,10,0.128,1,0,5.115203759882002,8-30 days,Medium,1
CLM101184,21,1.7,Motor,9204.78,33178.24,2,18,1.0,0,17,0.207,1,0,3.604457683942473,8-30 days,High,0
CLM101185,47,2.1,Motor,4896.21,29108.5,1,23,1.0,2,7,0.074,1,0,5.945108563562429,8-30 days,High,1
CLM101186,28,8.7,Travel,8677.05,74834.54,3,15,3.0,2,1,0.217,1,0,8.62442189453789,8-30 days,Very High,1
CLM101187,47,1.1,Motor,14299.53,55696.57,1,18,4.0,2,11,0.25,0,0,3.8949930522191987,8-30 days,Very High,0
CLM101188,48,0.7,Home,6753.07,43986.55,0,7,6.0,4,21,0.186,0,0,6.513563460766734,2-7 days,High,1
CLM101189,41,10.8,Travel,9388.24,16779.62,0,22,3.0,2,7,0.078,0,0,1.7873019863147939,8-30 days,Low,0
CLM101190,72,5.6,Motor,5686.76,33245.66,0,1,6.0,4,0,0.045,0,0,5.846151411348466,0-1 days,High,1
CLM101191,26,2.1,Motor,8080.65,17648.38,1,0,1.0,4,6,0.055,0,0,2.184029750081986,0-1 days,Medium,0
CLM101192,72,4.0,Home,4216.53,70355.09,0,16,6.0,0,8,0.491,0,0,16.68554237726282,8-30 days,Very High,1
CLM101193,20,9.7,Personal,11687.72,16378.47,0,17,2.0,3,21,0.225,0,0,1.4013400389468604,8-30 days,Low,0
CLM101194,68,4.3,Motor,7050.56,25313.09,1,6,3.0,1,21,0.272,0,0,3.5902240389415874,2-7 days,Medium,0
CLM101195,48,7.5,Personal,7737.61,12393.03,0,8,3.0,2,8,0.377,0,0,1.6016612364799985,8-30 days,Low,0
CLM101196,57,2.0,Home,8768.87,19271.03,1,22,2.0,3,1,0.424,0,0,2.197664009159675,8-30 days,Medium,0
CLM101197,54,8.9,Personal,3507.95,19108.48,0,2,6.0,2,3,0.203,1,0,5.447192804914551,2-7 days,Medium,1
CLM101198,53,4.9,Motor,6224.93,24969.75,0,23,3.0,2,13,0.253,0,0,4.011249925701976,8-30 days,Medium,1
CLM101199,41,9.5,Motor,9033.36,14260.35,2,23,5.0,1,13,0.183,0,0,1.578631871197428,8-30 days,Low,0
CLM101200,48,12.2,Personal,7909.8,69680.88,1,24,2.0,1,7,0.136,0,0,8.809436395357658,8-30 days,Very High,1
CLM101201,23,9.3,Personal,22643.47,24334.76,1,10,2.0,1,20,0.226,1,0,1.0746921739468376,8-30 days,Medium,0
CLM101202,19,4.6,Motor,14976.6,18764.94,0,27,6.0,0,8,0.093,0,0,1.2529506029405872,8-30 days,Medium,0
CLM101203,37,4.0,Travel,9051.08,49872.49,1,15,2.0,2,2,0.288,0,0,5.510114815027599,8-30 days,Very High,1
CLM101204,45,5.0,Personal,5365.24,141741.33,4,28,1.0,1,21,0.055,0,1,26.418450991940713,8-30 days,Very High,1
CLM101205,28,2.6,Motor,6802.88,20677.12,2,8,3.0,4,21,0.101,1,0,3.039465638082694,8-30 days,Medium,0
CLM101206,21,2.9,Home,11429.83,23297.33,2,11,4.0,1,18,0.327,0,0,2.0382919081036204,8-30 days,Medium,0
CLM101207,32,11.9,Personal,8798.19,16094.61,0,13,3.0,1,5,0.155,0,0,1.8293092101898232,8-30 days,Low,0
CLM101208,23,5.9,Motor,15094.24,46003.88,5,24,3.0,1,0,0.06,0,0,3.047777165329291,8-30 days,High,0
CLM101209,71,6.7,Motor,8766.89,57324.79,0,3,1.0,0,20,0.032,1,0,6.538782852299961,2-7 days,Very High,1
CLM101210,66,9.0,Travel,8954.82,27042.81,3,25,5.0,1,17,0.143,0,0,3.019916648240836,8-30 days,Medium,0
CLM101211,47,8.9,Motor,17653.99,20154.53,3,3,5.0,1,7,0.203,0,0,1.1416416345540015,2-7 days,Medium,0
CLM101212,73,1.2,Motor,5189.37,41790.74,0,10,1.0,3,6,0.268,0,0,8.053143252456463,8-30 days,High,1
CLM101213,55,12.5,Personal,18546.89,48762.28,1,1,1.0,1,6,0.31,0,0,2.629135127236965,0-1 days,Very High,0
CLM101214,68,2.8,Home,12017.94,89813.6,1,30,1.0,1,9,0.049,0,0,7.473294091999128,8-30 days,Very High,1
CLM101215,74,10.9,Travel,36453.15,18089.01,2,23,3.0,2,3,0.219,0,0,0.4962262520522917,8-30 days,Medium,0
CLM101216,19,11.6,Personal,6199.21,53061.75,2,17,1.0,1,17,0.152,0,0,8.55943741218639,8-30 days,Very High,1
CLM101217,32,10.8,Motor,17695.28,30311.92,0,2,4.0,1,18,0.138,0,0,1.7129946516811263,2-7 days,High,0
CLM101218,28,8.8,Motor,9027.8,7625.48,4,24,2.0,0,9,0.212,1,0,0.8446664746671393,8-30 days,Low,0
CLM101219,25,0.4,Motor,7818.97,87694.39,0,1,5.0,0,19,0.453,0,0,11.215593613992635,0-1 days,Very High,1
CLM101220,43,5.5,Motor,9750.05,34998.83,0,0,3.0,1,18,0.132,0,0,3.58960518151189,0-1 days,High,0
CLM101221,68,9.2,Home,8992.7,44137.4,2,4,4.0,1,2,0.196,1,1,4.908136599686412,2-7 days,High,1
CLM101222,62,5.9,Home,5986.78,56936.84,3,6,6.0,1,16,0.02,0,0,9.510427976307797,2-7 days,Very High,1
CLM101223,61,13.0,Home,8011.11,43783.05,1,19,5.0,3,0,0.003,1,0,5.465291326670087,8-30 days,High,1
CLM101224,22,4.8,Motor,9759.72,13557.77,1,30,3.0,0,23,0.005,0,0,1.389155631514019,8-30 days,Low,0
CLM101225,23,4.5,Motor,7019.88,46442.43,2,3,3.0,3,7,0.076,0,0,6.6158438605788135,2-7 days,High,1
CLM101226,43,4.1,Home,10840.24,40636.94,0,26,1.0,0,16,0.072,0,0,3.748712205633824,8-30 days,High,0
CLM101227,71,5.1,Motor,7440.49,8003.06,1,2,5.0,1,3,0.462,0,0,1.0756092676691993,2-7 days,Low,0
CLM101228,21,8.4,Motor,10447.07,97683.48,2,5,3.0,1,1,0.052,0,0,9.350323104947128,2-7 days,Very High,1
CLM101229,36,10.7,Home,9895.09,21098.69,0,11,3.0,2,16,0.125,0,0,2.132238312132583,8-30 days,Medium,0
CLM101230,37,10.0,Motor,10414.15,59079.28,1,28,6.0,3,1,0.047,0,0,5.6729814723237135,8-30 days,Very High,1
CLM101231,50,12.2,Motor,4632.72,21762.85,2,15,6.0,0,0,0.144,0,0,4.697639831459703,8-30 days,Medium,1
CLM101232,37,13.3,Travel,13925.94,18770.68,0,7,5.0,0,4,0.006,0,0,1.3478932122355833,2-7 days,Medium,0
CLM101233,66,12.3,Motor,5756.61,26390.74,1,10,3.0,1,5,0.125,0,0,4.584423818879515,8-30 days,Medium,1
CLM101234,29,0.5,Home,7818.03,137482.68,1,12,1.0,2,11,0.124,0,0,17.585335436164865,8-30 days,Very High,1
CLM101235,64,11.1,Motor,6356.25,126711.4,0,13,3.0,3,23,0.161,0,0,19.93493018682399,8-30 days,Very High,1
CLM101236,18,3.3,Motor,8777.34,18752.08,1,26,4.0,2,9,0.357,0,0,2.1364194619326584,8-30 days,Medium,0
CLM101237,43,2.2,Motor,8085.41,71358.12,1,17,4.0,0,7,0.465,0,0,8.825541314540635,8-30 days,Very High,1
CLM101238,31,9.6,Personal,11394.18,28495.04,1,21,1.0,1,13,0.464,0,0,2.50084165775861,8-30 days,High,0
CLM101239,55,4.9,Home,8669.52,28465.055,1,7,4.0,2,3,0.197,0,0,3.2833484437431366,2-7 days,Medium,0
CLM101240,54,1.0,Personal,7126.41,66477.11,1,0,6.0,2,18,0.208,1,0,9.32827468529035,0-1 days,Very High,1
CLM101241,28,2.2,Home,3785.71,34518.52,3,3,3.0,3,4,0.195,0,0,9.118109945030126,2-7 days,High,1
CLM101242,53,0.2,Home,12654.49,29762.26,2,16,4.0,0,23,0.303,0,0,2.3519130364005187,8-30 days,High,0
CLM101243,30,13.6,Motor,10729.08,44189.92,1,29,4.0,0,20,0.07,1,0,4.118705424882656,8-30 days,High,1
CLM101244,60,0.6,Motor,12888.97,40238.91,3,19,3.0,2,6,0.017,1,0,3.121964749704593,8-30 days,High,0
CLM101245,20,3.3,Motor,7819.64,12246.35,2,29,5.0,2,19,0.141,0,0,1.566101508509343,8-30 days,Low,0
CLM101246,50,6.4,Motor,9981.03,32722.55,0,26,1.0,1,1,0.323,0,0,3.2784742656819983,8-30 days,High,0
CLM101247,23,5.5,Motor,6334.68,17174.81,0,24,5.0,2,10,0.216,0,0,2.7112356109543025,8-30 days,Low,0
CLM101248,67,13.7,Motor,6079.39,18820.26,2,21,5.0,2,9,0.049,0,0,3.095748093147503,8-30 days,Medium,0
CLM101249,73,0.8,Motor,7481.59,64593.81,0,5,4.0,3,17,0.437,0,0,8.63370085770538,2-7 days,Very High,1
CLM101250,27,7.8,Motor,12869.75,32622.95,0,4,2.0,0,1,0.074,0,0,2.5348549894131587,2-7 days,High,0
CLM101251,22,10.3,Motor,7511.37,19911.84,1,13,5.0,0,13,0.421,0,0,2.6508932458393075,8-30 days,Medium,0
CLM101252,40,14.0,Home,8295.62,11283.06,0,18,3.0,2,23,0.041,0,0,1.3601225707059867,8-30 days,Low,0
CLM101253,27,9.4,Personal,9479.83,15645.29,1,13,3.0,2,9,0.209,0,0,1.650376641775222,8-30 days,Low,0
CLM101254,61,12.1,Motor,8597.49,26779.12,1,1,3.0,2,5,0.25,0,0,3.1147602381625332,0-1 days,Medium,0
CLM101255,19,1.4,Motor,13416.94,99146.54,1,8,2.0,0,20,0.095,0,0,7.389653676620749,8-30 days,Very High,1
CLM101256,30,5.9,Motor,6070.47,12748.29,1,24,2.0,0,2,0.027,0,0,2.1000499137628554,8-30 days,Low,0
CLM101257,57,5.7,Personal,8890.21,28465.055,1,6,6.0,3,22,0.185,0,0,3.2018428136118273,2-7 days,Medium,0
CLM101258,19,13.3,Motor,10522.0,37998.4,4,17,1.0,1,15,0.056,0,0,3.6113286447443453,8-30 days,High,0
CLM101259,37,2.4,Home,4059.42,70048.23,3,19,2.0,0,7,0.073,0,0,17.25572372407881,8-30 days,Very High,1
CLM101260,18,2.4,Motor,9581.06,30749.16,0,10,1.0,2,8,0.11,0,0,3.2093693182173997,8-30 days,High,0
CLM101261,54,5.1,Motor,15548.7,38022.86,1,7,6.0,1,10,0.21,1,0,2.445404438956311,2-7 days,High,0
CLM101262,26,1.0,Motor,7259.75,67950.44,1,25,3.0,1,15,0.188,1,0,9.359887048452082,8-30 days,Very High,1
CLM101263,34,2.9,Motor,5216.35,15633.35,0,21,2.0,1,1,0.133,0,0,2.9969902326339297,8-30 days,Low,0
CLM101264,26,14.5,Personal,10487.99,50683.92,2,20,4.0,3,23,0.301,1,0,4.832567536773014,8-30 days,Very High,1
CLM101265,28,6.5,Home,9215.03,9842.68,2,26,6.0,2,4,0.062,0,0,1.0681115525397096,8-30 days,Low,0
CLM101266,32,9.6,Home,16863.76,29381.05,2,9,4.0,2,0,0.036,0,0,1.7422597332979124,8-30 days,High,0
CLM101267,41,10.9,Home,10350.31,23434.12,0,17,4.0,0,22,0.23,0,0,2.264098370000512,8-30 days,Medium,0
CLM101268,55,5.6,Home,5559.29,16291.27,0,16,2.0,1,14,0.245,0,0,2.930458745631187,8-30 days,Low,0
CLM101269,72,2.4,Home,5447.35,58061.3,2,16,2.0,0,6,0.169,0,1,10.658632178949397,8-30 days,Very High,1
CLM101270,52,3.3,Motor,12515.71,60557.2,1,0,2.0,1,15,0.101,1,0,4.838494979509752,0-1 days,Very High,1
CLM101271,47,4.8,Motor,9980.93,62425.58,1,30,4.0,1,11,0.41,0,0,6.254485303473724,8-30 days,Very High,1
CLM101272,48,9.6,Motor,8280.2,37226.1,1,26,3.0,2,18,0.435,0,0,4.495797202966111,8-30 days,High,1
CLM101273,66,6.1,Home,9185.64,11109.16,0,21,5.0,1,14,0.232,0,0,1.2094051149402765,8-30 days,Low,0
CLM101274,22,0.3,Motor,10370.21,21877.81,0,3,3.0,1,2,0.067,0,0,2.1096785889581797,2-7 days,Medium,0
CLM101275,61,7.9,Home,10052.64,59538.01,0,10,2.0,3,19,0.192,1,0,5.922624305655033,8-30 days,Very High,1
CLM101276,67,13.8,Motor,4317.18,58951.84,0,8,5.0,0,20,0.319,0,0,13.655173052779823,8-30 days,Very High,1
CLM101277,31,12.2,Personal,14696.07,68698.38,1,8,6.0,0,20,0.291,0,1,4.6746089260598245,8-30 days,Very High,1
CLM101278,70,12.4,Motor,15145.31,35437.58,4,2,5.0,2,4,0.198,1,0,2.3398385374746375,2-7 days,High,0
CLM101279,73,12.0,Motor,19194.5,24428.71,1,5,3.0,1,14,0.056,0,0,1.2726932194118106,2-7 days,Medium,0
CLM101280,28,5.0,Personal,17404.67,6411.53,1,5,4.0,3,21,0.3,1,0,0.36837986586358723,2-7 days,Low,0
CLM101281,26,11.5,Motor,16122.43,53473.7,0,9,1.0,0,16,0.026,0,0,3.316727069058448,8-30 days,Very High,0
CLM101282,51,2.3,Personal,7471.89,25993.47,1,9,4.0,1,15,0.233,0,0,3.4788346723519754,8-30 days,Medium,0
CLM101283,29,9.9,Motor,9734.56,10933.93,0,16,4.0,1,15,0.31,0,0,1.1232074176953042,8-30 days,Low,0
CLM101284,52,9.7,Motor,14371.05,49612.88,1,14,5.0,0,22,0.275,0,0,3.4522794089506332,8-30 days,Very High,0
CLM101285,52,0.6,Home,3780.01,81196.29,0,24,2.0,2,11,0.256,0,0,21.480443173430753,8-30 days,Very High,1
CLM101286,18,11.9,Personal,7703.39,53659.42,0,3,2.0,1,3,0.101,1,0,6.965689131668006,2-7 days,Very High,1
CLM101287,57,13.6,Motor,3945.79,46450.93,1,21,5.0,2,4,0.042,0,0,11.77227627420618,8-30 days,High,1
CLM101288,39,4.2,Personal,9642.62,56388.08,1,9,4.0,3,23,0.466,0,0,5.847796553218938,8-30 days,Very High,1
CLM101289,46,12.2,Home,15024.46,3611.89,0,27,3.0,1,7,0.131,0,0,0.240400653334629,8-30 days,Low,0
CLM101290,25,1.4,Travel,8572.21,101806.65,0,7,6.0,2,11,0.198,0,0,11.876359771867465,2-7 days,Very High,1
CLM101291,28,9.1,Motor,6579.22,15462.25,1,0,1.0,2,4,0.089,0,0,2.3501646091785955,0-1 days,Low,0
CLM101292,58,7.4,Motor,9655.14,16514.01,2,23,4.0,0,10,0.391,1,0,1.710385349150815,8-30 days,Low,0
CLM101293,54,8.3,Personal,10233.57,19665.73,1,21,4.0,2,18,0.184,0,0,1.9216881303396567,8-30 days,Medium,0
CLM101294,31,13.9,Personal,10563.37,21426.55,1,16,1.0,3,9,0.039,0,0,2.02838204095852,8-30 days,Medium,0
CLM101295,47,13.1,Home,4920.17,86272.45,0,11,3.0,2,23,0.104,0,0,17.534444948040413,8-30 days,Very High,1
CLM101296,52,11.8,Motor,9484.27,42101.33,0,11,1.0,5,17,0.321,1,0,4.4390691112758285,8-30 days,High,1
CLM101297,38,4.3,Motor,9234.46,16832.75,3,24,5.0,1,11,0.35,0,0,1.822819092832716,8-30 days,Low,0
CLM101298,54,13.7,Home,13024.07,18856.17,1,12,1.0,0,8,0.283,0,0,1.4477939691663204,8-30 days,Medium,0
CLM101299,22,1.6,Motor,8215.66,181813.56,3,24,1.0,0,21,0.196,0,0,22.130122229985176,8-30 days,Very High,1
CLM101300,36,12.8,Motor,20665.53,36487.91,1,25,4.0,2,9,0.024,0,0,1.7656411425209035,8-30 days,High,0
CLM101301,31,5.1,Motor,8820.84,20253.68,0,13,4.0,2,19,0.062,1,0,2.296116923104829,8-30 days,Medium,0
CLM101302,43,1.0,Travel,6854.67,8296.26,1,7,2.0,3,19,0.253,1,0,1.2103077172205228,2-7 days,Low,0
CLM101303,21,10.1,Motor,5412.25,7968.0,0,13,1.0,1,18,0.341,0,0,1.4722158067347222,8-30 days,Low,0
CLM101304,42,3.6,Home,6745.2,12116.15,2,6,5.0,0,20,0.058,0,0,1.796262527426911,2-7 days,Low,0
CLM101305,62,3.8,Home,5932.96,30086.69,0,16,2.0,2,5,0.094,0,0,5.071109530487312,8-30 days,High,1
CLM101306,59,4.7,Home,7923.69,64345.37,1,10,6.0,1,9,0.146,0,0,8.120631927801316,8-30 days,Very High,1
CLM101307,42,1.1,Motor,18157.67,44445.35,2,0,1.0,4,18,0.216,0,0,2.4477452228176855,0-1 days,High,0
CLM101308,35,2.8,Motor,4407.81,67542.05,0,7,4.0,1,8,0.205,0,1,15.323267109970711,2-7 days,Very High,1
CLM101309,57,0.3,Home,4549.32,42799.89,1,12,5.0,1,15,0.264,0,0,9.407975257840732,8-30 days,High,1
CLM101310,25,6.8,Personal,7648.28,11165.42,2,25,3.0,2,7,0.093,0,0,1.4598602561621699,8-30 days,Low,0
CLM101311,56,1.4,Home,4603.2,38507.25,0,23,2.0,1,11,0.376,0,0,8.365321949947862,8-30 days,High,1
CLM101312,57,10.3,Personal,5464.07,39762.4,1,16,4.0,4,21,0.421,0,0,7.277066362619806,8-30 days,High,1
CLM101313,31,3.7,Travel,9901.52,25588.18,1,23,3.0,0,4,0.264,1,0,2.5842678699835986,8-30 days,Medium,0
CLM101314,49,14.2,Travel,8301.15,22258.47,3,23,1.0,1,10,0.097,0,0,2.6813718581160444,8-30 days,Medium,0
CLM101315,68,13.1,Motor,10354.23,25053.26,1,11,5.0,2,18,0.268,0,0,2.4196159444014667,8-30 days,Medium,0
CLM101316,55,4.5,Motor,11089.98,8779.25,3,30,4.0,4,2,0.072,0,0,0.7916380372191835,8-30 days,Low,0
CLM101317,50,11.8,Home,15552.69,10309.66,1,25,4.0,2,23,0.2,0,0,0.662885970208369,8-30 days,Low,0
CLM101318,40,12.1,Motor,10080.79,188392.68,1,15,5.0,1,21,0.281,1,0,18.688285342716192,8-30 days,Very High,1
CLM101319,32,14.8,Home,14618.79,10952.86,0,9,4.0,1,14,0.122,0,0,0.7492316395542996,8-30 days,Low,0
CLM101320,50,9.0,Motor,8919.59,7442.79,0,28,4.0,5,21,0.162,0,0,0.8344318516882502,8-30 days,Low,0
CLM101321,42,1.4,Home,10132.62,16312.87,0,15,1.0,0,19,0.449,0,0,1.6099360283914723,8-30 days,Low,0
CLM101322,34,9.8,Motor,10073.93,39509.88,0,29,2.0,2,2,0.003,0,0,3.9219927079104178,8-30 days,High,0
CLM101323,50,9.4,Motor,9661.19,42652.82,0,27,3.0,1,21,0.088,1,0,4.414861937297579,8-30 days,High,1
CLM101324,64,9.6,Personal,9324.26,12990.78,0,2,6.0,1,0,0.205,0,1,1.3932236981808745,2-7 days,Low,0
CLM101325,72,4.7,Motor,19288.5,30103.49,0,0,5.0,2,10,0.331,0,0,1.5606962697980662,0-1 days,High,0
CLM101326,19,12.9,Motor,11637.23,18610.95,1,18,3.0,5,12,0.036,0,0,1.5992594457615774,8-30 days,Medium,0
CLM101327,31,14.4,Motor,6950.0,32295.36,2,23,5.0,0,4,0.122,1,0,4.646814388489209,8-30 days,High,1
CLM101328,70,3.4,Personal,24400.59,22471.79,0,29,6.0,3,6,0.31,0,0,0.9209527310610113,8-30 days,Medium,0
CLM101329,57,1.5,Home,7173.49,16637.72,0,7,5.0,1,0,0.426,0,0,2.319334103762604,2-7 days,Low,0
CLM101330,57,3.1,Home,8480.02,17207.68,2,15,4.0,0,12,0.187,0,0,2.029202761314242,8-30 days,Low,0
CLM101331,68,12.3,Motor,5849.07,5380.9,0,27,6.0,1,9,0.018,0,0,0.9199582155795708,8-30 days,Low,0
CLM101332,56,10.2,Home,11737.24,23713.74,1,14,6.0,2,19,0.234,0,0,2.0203846900975018,8-30 days,Medium,0
CLM101333,68,9.6,Motor,18186.37,26439.99,2,6,1.0,2,17,0.009,1,0,1.4538354822870097,2-7 days,Medium,0
CLM101334,23,6.1,Travel,4345.07,9736.01,0,1,5.0,2,12,0.167,1,0,2.2407026814297586,0-1 days,Low,0
CLM101335,23,8.8,Personal,7502.6,21751.34,1,12,6.0,2,0,0.045,0,0,2.8991736198117986,8-30 days,Medium,0
CLM101336,20,4.8,Travel,14048.87,23121.47,0,4,3.0,0,16,0.045,0,0,1.6457885936733703,2-7 days,Medium,0
CLM101337,24,7.3,Travel,5277.08,6973.36,0,9,2.0,2,11,0.539,0,0,1.3214429191901582,8-30 days,Low,0
CLM101338,68,11.9,Home,11007.07,15698.33,0,7,3.0,0,22,0.351,0,0,1.426204248723775,2-7 days,Low,0
CLM101339,25,14.7,Travel,4732.33,15332.01,1,12,6.0,0,5,0.071,0,0,3.2398437978754653,8-30 days,Low,0
CLM101340,59,14.0,Motor,10212.73,32040.75,1,18,1.0,1,6,0.108,0,0,3.1373344835318275,8-30 days,High,0
CLM101341,69,14.0,Home,8802.93,71244.86,1,5,2.0,0,0,0.295,0,0,8.09331211312597,2-7 days,Very High,1
CLM101342,32,6.2,Motor,37825.31,29009.26,2,17,4.0,4,9,0.113,0,0,0.7669272241258565,8-30 days,High,0
CLM101343,64,7.1,Motor,11882.62,66812.83,2,7,3.0,2,2,0.374,0,0,5.622735558319629,2-7 days,Very High,1
CLM101344,46,10.6,Motor,3197.84,23697.04,0,8,3.0,1,6,0.072,0,0,7.410326970705226,8-30 days,Medium,1
CLM101345,50,13.8,Motor,8218.85,36989.58,0,16,6.0,0,9,0.168,0,0,4.500578548093712,8-30 days,High,1
CLM101346,69,2.3,Motor,12317.23,28465.055,1,3,5.0,0,9,0.051,0,0,2.310994842184485,2-7 days,Medium,0
CLM101347,47,4.7,Travel,7057.88,170849.61,1,21,5.0,3,8,0.221,0,0,24.206930409698096,8-30 days,Very High,1
CLM101348,56,2.3,Motor,6921.34,24976.65,3,29,2.0,0,5,0.199,1,0,3.6086437019421096,8-30 days,Medium,0
CLM101349,44,9.3,Motor,7075.1,50353.26,6,17,4.0,2,23,0.184,0,1,7.116967958050063,8-30 days,Very High,1
CLM101350,53,4.7,Travel,10873.06,32597.89,1,5,5.0,0,8,0.248,0,0,2.99804194955238,2-7 days,High,0
CLM101351,46,5.0,Motor,4831.68,65131.94,2,10,6.0,2,22,0.223,0,0,13.480184946022915,8-30 days,Very High,1
CLM101352,55,1.2,Travel,6602.05,44984.37,1,22,3.0,1,8,0.003,0,0,6.813697260699328,8-30 days,High,1
CLM101353,74,5.4,Home,13529.97,36152.98,1,21,2.0,0,9,0.162,0,0,2.672066530820098,8-30 days,High,0
CLM101354,50,13.0,Personal,6827.03,11893.21,2,9,5.0,3,3,0.162,0,0,1.7420767156435522,8-30 days,Low,0
CLM101355,54,3.6,Home,6645.62,12705.59,1,25,5.0,1,15,0.186,0,0,1.9118742871244518,8-30 days,Low,0
CLM101356,44,10.5,Motor,4575.45,17638.86,2,10,1.0,0,1,0.531,0,0,3.85510933350818,8-30 days,Medium,0
CLM101357,72,9.5,Motor,11367.15,22484.33,1,7,2.0,4,10,0.184,0,0,1.9780094394813126,2-7 days,Medium,0
CLM101358,50,13.0,Motor,10293.51,30434.12,1,20,2.0,2,8,0.442,0,0,2.9566318971857024,8-30 days,High,0
CLM101359,21,2.2,Personal,13165.9,17670.67,2,2,6.0,1,2,0.133,1,0,1.3421543532914575,2-7 days,Medium,0
CLM101360,39,14.7,Motor,8078.82,6355.39,1,1,4.0,1,6,0.086,0,0,0.786673053738046,0-1 days,Low,0
CLM101361,19,8.8,Motor,9797.9,60505.6,1,17,5.0,0,12,0.139,0,0,6.175364108635524,8-30 days,Very High,1
CLM101362,27,14.9,Motor,9760.88,39161.07,0,1,2.0,0,12,0.426,0,0,4.012042971535354,0-1 days,High,1
CLM101363,22,13.7,Personal,4476.41,29294.29,0,25,6.0,1,18,0.171,1,0,6.5441481008218645,8-30 days,High,1
CLM101364,27,3.5,Motor,24510.87,71707.71,0,11,4.0,0,10,0.335,0,0,2.9255473183938396,8-30 days,Very High,0
CLM101365,50,1.0,Personal,13199.68,15324.59,3,30,5.0,0,4,0.265,1,0,1.1609819328953428,8-30 days,Low,0
CLM101366,71,4.0,Motor,8807.61,25381.73,1,4,3.0,0,15,0.266,0,0,2.88179540193083,2-7 days,Medium,0
CLM101367,55,8.0,Motor,7684.22,31559.09,2,25,1.0,2,1,0.147,0,0,4.106999799589288,8-30 days,High,1
CLM101368,30,2.7,Motor,15422.78,20508.26,0,3,4.0,0,9,0.205,1,0,1.3297382184016109,2-7 days,Medium,0
CLM101369,48,2.7,Travel,8874.94,15416.78,1,15,1.0,4,9,0.172,0,0,1.7371137156983596,8-30 days,Low,0
CLM101370,64,7.0,Personal,12822.43,53962.1,1,13,3.0,2,18,0.071,0,0,4.2084144736996025,8-30 days,Very High,1
CLM101371,53,0.7,Motor,6553.22,34647.0,1,1,2.0,2,19,0.324,0,0,5.2870192058255325,0-1 days,High,1
CLM101372,62,2.0,Motor,5732.28,44710.87,2,20,5.0,0,5,0.193,0,0,7.799840552101434,8-30 days,High,1
CLM101373,41,6.4,Travel,7903.34,15096.8,0,6,2.0,1,21,0.054,0,0,1.9101797467905972,2-7 days,Low,0
CLM101374,69,1.1,Motor,8540.56,52179.45,0,20,1.0,0,15,0.245,0,0,6.10960522495012,8-30 days,Very High,1
CLM101375,73,6.1,Motor,10284.63,17544.69,3,10,2.0,1,12,0.146,0,1,1.7059135817234068,8-30 days,Medium,0
CLM101376,32,7.2,Motor,16447.45,33704.09,3,23,2.0,3,18,0.108,0,0,2.0491985079754,8-30 days,High,0
CLM101377,46,6.9,Motor,14019.94,123580.84,2,11,4.0,0,2,0.092,0,0,8.814648279521881,8-30 days,Very High,1
CLM101378,25,13.1,Motor,15381.56,53051.5,0,21,6.0,2,8,0.096,0,0,3.449032477850101,8-30 days,Very High,0
CLM101379,22,8.0,Motor,6112.84,36111.78,0,28,4.0,2,9,0.088,0,0,5.907529069957662,8-30 days,High,1
CLM101380,46,7.1,Motor,7443.55,77097.92,1,24,3.0,1,15,0.229,1,0,10.357681482625898,8-30 days,Very High,1
CLM101381,64,6.3,Personal,13140.04,18264.49,1,25,4.0,2,17,0.118,0,0,1.3899873972986383,8-30 days,Medium,0
CLM101382,21,12.3,Motor,14684.5,40454.94,2,4,4.0,3,3,0.609,0,0,2.7549416050938067,2-7 days,High,0
CLM101383,29,13.4,Travel,11868.64,15003.99,1,23,4.0,4,20,0.066,0,0,1.2641709580878686,8-30 days,Low,0
CLM101384,62,12.8,Motor,6598.51,21346.64,0,15,4.0,1,23,0.019,0,0,3.2350697354402733,8-30 days,Medium,0
CLM101385,19,10.2,Home,5319.28,92318.23,0,29,6.0,1,23,0.094,1,0,17.355399602953785,8-30 days,Very High,1
CLM101386,44,2.2,Motor,9439.53,34379.24,2,21,3.0,2,21,0.238,0,0,3.642049974945786,8-30 days,High,0
CLM101387,48,4.3,Travel,5690.45,80445.44,0,6,4.0,2,15,0.128,0,0,14.136920630178633,2-7 days,Very High,1
CLM101388,68,0.9,Motor,10457.87,25926.06,1,27,4.0,0,17,0.082,0,0,2.479095647584068,8-30 days,Medium,0
CLM101389,68,14.0,Personal,14922.57,69951.8,0,7,1.0,0,9,0.011,0,0,4.687650987732006,2-7 days,Very High,1
CLM101390,53,10.0,Motor,9254.93,29107.61,1,3,4.0,1,0,0.249,0,0,3.1450923994022646,2-7 days,High,0
CLM101391,53,11.2,Motor,4722.99,30955.24,1,3,3.0,0,22,0.618,1,0,6.554161664538778,2-7 days,High,1
CLM101392,43,4.8,Personal,6759.05,28512.66,0,26,6.0,2,9,0.011,0,0,4.218441940805291,8-30 days,High,1
CLM101393,60,12.7,Home,12543.14,36694.8,2,5,3.0,3,16,0.272,1,0,2.9254875573421013,2-7 days,High,0
CLM101394,44,4.0,Motor,10520.55,23058.92,1,1,2.0,1,18,0.431,0,0,2.191797957331128,0-1 days,Medium,0
CLM101395,22,0.2,Personal,10906.05,9878.74,4,8,4.0,1,15,0.203,0,0,0.9058036594367347,8-30 days,Low,0
CLM101396,37,5.8,Motor,18842.21,27260.04,1,27,5.0,0,5,0.234,0,0,1.4467538574296752,8-30 days,Medium,0
CLM101397,28,8.6,Motor,9945.77,30923.31,1,7,2.0,2,7,0.167,0,0,3.109192149024158,2-7 days,High,0
CLM101398,27,7.3,Personal,9805.58,95426.31,1,17,3.0,1,15,0.466,0,0,9.731837382388395,8-30 days,Very High,1
CLM101399,57,13.0,Motor,12498.02,5138.95,0,27,2.0,1,11,0.308,0,0,0.41118113109116483,8-30 days,Low,0
CLM101400,55,1.8,Personal,5013.55,94181.1,0,11,5.0,1,8,0.362,1,0,18.785311805008426,8-30 days,Very High,1
CLM101401,23,8.4,Motor,6957.13,61461.07,0,15,1.0,1,15,0.159,0,0,8.834256367208893,8-30 days,Very High,1
CLM101402,25,7.8,Travel,6096.7,46824.97,0,29,5.0,0,6,0.289,0,0,7.680379549592403,8-30 days,High,1
CLM101403,40,4.4,Home,11413.28,31434.05,0,0,6.0,4,7,0.168,0,1,2.754164447030126,0-1 days,High,0
CLM101404,64,12.4,Personal,5620.78,13026.41,1,25,6.0,1,19,0.304,1,0,2.317544895904127,8-30 days,Low,0
CLM101405,43,11.3,Home,10953.05,120942.7,1,19,2.0,3,4,0.115,0,0,11.041919830549482,8-30 days,Very High,1
CLM101406,63,11.0,Motor,7710.01,70681.65,2,29,4.0,0,22,0.367,0,0,9.167517292454873,8-30 days,Very High,1
CLM101407,60,13.2,Home,7241.27,33794.16,0,26,1.0,1,8,0.267,1,0,4.666883019138909,8-30 days,High,1
CLM101408,29,10.9,Motor,12812.08,34690.07,1,3,6.0,0,7,0.107,0,0,2.707606415195659,2-7 days,High,0
CLM101409,43,3.6,Travel,4667.35,25805.64,0,13,5.0,1,22,0.32,0,0,5.528970400762745,8-30 days,Medium,1
CLM101410,30,10.6,Personal,6822.04,43728.65,1,17,4.0,2,19,0.13,0,0,6.409908179957902,8-30 days,High,1
CLM101411,57,4.8,Home,31764.53,27083.88,1,4,5.0,0,15,0.018,0,0,0.8526453877957584,2-7 days,Medium,0
CLM101412,35,3.8,Travel,19545.68,35273.45,1,27,3.0,1,10,0.135,0,0,1.8046673229071588,8-30 days,High,0
CLM101413,42,1.3,Motor,3756.84,38888.69,1,2,4.0,0,0,0.137,0,0,10.351436313497514,2-7 days,High,1
CLM101414,50,11.2,Home,6764.35,173284.04,1,18,3.0,1,16,0.005,0,0,25.617249255286907,8-30 days,Very High,1
CLM101415,64,10.7,Motor,8743.7,14147.91,2,11,1.0,2,11,0.26,1,0,1.6180690096869745,8-30 days,Low,0
CLM101416,57,3.7,Home,4504.26,31569.31,1,25,1.0,1,4,0.247,0,0,7.008767255886649,8-30 days,High,1
CLM101417,60,11.3,Motor,21076.95,70301.17,0,30,1.0,2,13,0.178,0,0,3.335452710188144,8-30 days,Very High,0
CLM101418,29,13.8,Travel,8613.9,52050.37,2,27,1.0,3,6,0.311,0,0,6.042602073393005,8-30 days,Very High,1
CLM101419,61,1.8,Motor,7817.79,46538.92,1,18,3.0,0,23,0.122,0,0,5.952950897888022,8-30 days,High,1
CLM101420,53,3.6,Home,10090.01,267921.75,3,19,3.0,0,6,0.058,0,0,26.553169917571935,8-30 days,Very High,1
CLM101421,65,11.3,Motor,10017.91,63315.86,3,10,6.0,1,3,0.076,1,0,6.320266402872456,8-30 days,Very High,1
CLM101422,21,4.3,Personal,5786.96,17525.01,2,20,2.0,3,14,0.047,0,0,3.028362041555497,8-30 days,Medium,0
CLM101423,22,9.4,Motor,15362.73,16079.22,3,19,2.0,1,6,0.121,0,0,1.0466381951645314,8-30 days,Low,0
CLM101424,73,1.4,Home,9142.94,27206.46,0,8,3.0,1,21,0.196,0,0,2.9756795954036663,8-30 days,Medium,0
CLM101425,54,6.9,Motor,15317.59,20186.84,1,19,1.0,1,23,0.504,0,0,1.3178861687772032,8-30 days,Medium,0
CLM101426,25,11.1,Travel,6560.25,29716.73,0,26,2.0,2,8,0.066,0,0,4.529816699058725,8-30 days,High,1
CLM101427,59,10.4,Motor,3788.23,36078.72,1,22,4.0,1,0,0.322,0,0,9.523899024082487,8-30 days,High,1
CLM101428,66,12.3,Travel,16229.77,34371.99,2,25,3.0,0,1,0.019,0,0,2.1178359274345846,8-30 days,High,0
CLM101429,45,13.2,Motor,11860.87,4433.79,0,26,4.0,5,7,0.253,1,0,0.3738165918688932,8-30 days,Low,0
CLM101430,48,11.6,Travel,14378.92,15886.88,0,4,1.0,1,6,0.078,0,0,1.10487296681531,2-7 days,Low,0
CLM101431,75,10.1,Motor,14782.52,47904.71,0,9,6.0,0,22,0.217,0,0,3.240632179087192,8-30 days,Very High,0
CLM101432,26,0.7,Motor,8574.09,96055.68,0,8,3.0,2,2,0.441,0,0,11.203017463077714,8-30 days,Very High,1
CLM101433,71,8.1,Home,7206.24,20685.34,4,24,2.0,1,6,0.057,0,0,2.870476142898377,8-30 days,Medium,0
CLM101434,68,0.8,Motor,8156.47,20760.9,1,12,6.0,1,19,0.23,0,0,2.545329045530726,8-30 days,Medium,0
CLM101435,46,12.2,Motor,10893.96,26189.08,1,28,2.0,0,15,0.186,0,0,2.4040000146870377,8-30 days,Medium,0
CLM101436,31,4.9,Personal,9628.56,102073.74,1,28,4.0,2,1,0.344,0,0,10.601142850021189,8-30 days,Very High,1
CLM101437,57,8.5,Personal,3731.96,29151.07,1,7,3.0,2,0,0.192,0,0,7.811195725570477,2-7 days,High,1
CLM101438,58,4.3,Travel,8058.61,5211.67,0,21,6.0,4,7,0.731,1,0,0.6467207123809193,8-30 days,Low,0
CLM101439,39,11.8,Motor,16059.81,107011.22,1,12,1.0,0,4,0.369,0,0,6.66329302775064,8-30 days,Very High,1
CLM101440,28,13.3,Motor,8494.98,47036.95,0,27,5.0,3,9,0.281,0,0,5.537028927672578,8-30 days,High,1
CLM101441,40,6.1,Home,23129.51,10616.68,1,26,5.0,3,3,0.239,1,0,0.45901015628951936,8-30 days,Low,0
CLM101442,18,13.0,Motor,5515.7,19083.23,3,21,6.0,0,8,0.275,1,0,3.459802019689251,8-30 days,Medium,0
CLM101443,63,4.2,Personal,9943.36,15417.71,1,27,1.0,3,13,0.202,0,0,1.550553334084253,8-30 days,Low,0
CLM101444,54,8.1,Motor,5455.71,23938.67,0,30,2.0,1,20,0.203,0,0,4.387819367231763,8-30 days,Medium,1
CLM101445,38,12.9,Personal,5783.78,85416.17,0,17,5.0,4,9,0.063,1,0,14.768225969867457,8-30 days,Very High,1
CLM101446,43,5.0,Home,5808.03,6902.77,2,22,1.0,3,17,0.274,0,0,1.1884873184194986,8-30 days,Low,0
CLM101447,63,14.3,Travel,22975.36,21642.27,0,8,6.0,2,22,0.272,0,0,0.9419774053594807,8-30 days,Medium,0
CLM101448,53,2.0,Motor,7588.25,30434.21,1,30,6.0,1,8,0.237,0,0,4.010702072282806,8-30 days,High,1
CLM101449,71,0.5,Personal,6195.84,26579.66,3,8,6.0,1,4,0.241,0,0,4.289920333643218,8-30 days,Medium,1
CLM101450,40,13.6,Motor,8489.65,15404.84,0,1,4.0,3,22,0.302,0,0,1.8145435913141297,0-1 days,Low,0
CLM101451,74,1.2,Home,7690.45,68350.77,1,24,2.0,0,7,0.254,1,0,8.887746490777523,8-30 days,Very High,1
CLM101452,18,14.9,Travel,12246.24,24856.35,0,6,1.0,1,11,0.194,0,0,2.029712793477835,2-7 days,Medium,0
CLM101453,71,14.3,Motor,3395.31,22574.0,0,4,6.0,3,19,0.233,1,0,6.648582898174246,2-7 days,Medium,1
CLM101454,72,2.2,Motor,5531.67,36299.95,0,20,4.0,4,23,0.377,0,1,6.562204542208772,8-30 days,High,1
CLM101455,68,8.2,Home,12440.95,22691.51,4,5,3.0,0,22,0.415,0,0,1.8239370787600624,2-7 days,Medium,0
CLM101456,57,2.9,Motor,6822.21,18484.57,1,12,5.0,2,18,0.023,1,0,2.7094695120789303,8-30 days,Medium,0
CLM101457,32,6.5,Home,6051.69,13986.12,0,23,5.0,1,13,0.117,0,0,2.3111097891663324,8-30 days,Low,0
CLM101458,38,1.1,Motor,5931.05,144712.71,0,17,5.0,2,10,0.332,0,0,24.399172153328667,8-30 days,Very High,1
CLM101459,64,3.5,Motor,11771.79,50761.59,1,2,1.0,2,10,0.269,1,0,4.312138595744572,2-7 days,Very High,1
CLM101460,26,5.6,Home,11542.67,21019.8,2,9,3.0,2,23,0.078,0,0,1.821051801706191,8-30 days,Medium,0
CLM101461,70,6.7,Home,13078.83,72654.64,1,22,1.0,1,3,0.19,0,0,5.555132989724616,8-30 days,Very High,1
CLM101462,26,14.7,Motor,5037.21,41463.51,2,2,6.0,0,17,0.306,1,0,8.231443596752964,2-7 days,High,1
CLM101463,27,12.2,Personal,4904.96,28465.055,0,0,1.0,1,8,0.487,0,0,5.803320516375261,0-1 days,Medium,1
CLM101464,69,11.1,Personal,14180.58,12941.19,0,5,3.0,1,7,0.557,0,1,0.9125994846473134,2-7 days,Low,0
CLM101465,74,8.1,Home,9321.95,15049.74,1,22,6.0,2,3,0.111,0,0,1.614441184516115,8-30 days,Low,0
CLM101466,70,12.6,Motor,6471.39,57890.91,1,15,6.0,2,18,0.316,0,0,8.945668550342353,8-30 days,Very High,1
CLM101467,43,5.2,Motor,7919.63,49224.21,1,24,4.0,1,18,0.08,0,0,6.2154683994075475,8-30 days,Very High,1
CLM101468,58,10.7,Travel,4877.42,9998.91,1,16,6.0,0,21,0.365,0,0,2.0500408002591533,8-30 days,Low,0
CLM101469,52,14.9,Home,6697.57,20624.13,0,26,2.0,1,1,0.039,0,0,3.0793451953469693,8-30 days,Medium,0
CLM101470,69,4.9,Motor,9131.34,46626.74,1,15,5.0,1,10,0.071,0,0,5.1062319440520225,8-30 days,High,1
CLM101471,42,10.2,Home,9969.98,64489.59,4,24,3.0,1,2,0.152,1,0,6.46837706795801,8-30 days,Very High,1
CLM101472,43,12.7,Motor,8172.07,41182.98,0,9,4.0,1,0,0.287,0,0,5.03947959329766,8-30 days,High,1
CLM101473,28,13.8,Motor,7804.49,19884.86,2,6,6.0,3,9,0.121,0,0,2.5478743646285666,2-7 days,Medium,0
CLM101474,55,10.8,Home,11822.82,33421.75,3,7,3.0,3,20,0.063,0,0,2.8268847872165863,2-7 days,High,0
CLM101475,19,4.4,Home,8120.95,23905.84,1,2,2.0,3,12,0.094,0,0,2.9437245642443313,2-7 days,Medium,0
CLM101476,24,5.0,Motor,6950.85,37289.09,1,4,3.0,4,2,0.074,0,0,5.364680578634267,2-7 days,High,1
CLM101477,35,0.5,Home,6031.72,84840.72,0,30,3.0,1,6,0.288,0,0,14.065759020644194,8-30 days,Very High,1
CLM101478,44,11.5,Personal,3836.84,15572.86,0,18,4.0,0,4,0.418,0,0,4.058772323057516,8-30 days,Low,1
CLM101479,51,0.8,Home,11387.65,34568.7,1,6,5.0,2,1,0.013,0,0,3.0356307051937845,2-7 days,High,0
CLM101480,44,13.0,Home,16422.94,26040.54,2,17,5.0,2,17,0.028,0,0,1.5856198707417797,8-30 days,Medium,0
CLM101481,34,2.0,Motor,5859.92,22990.8,2,21,4.0,1,13,0.062,1,0,3.9233982716487596,8-30 days,Medium,0
CLM101482,60,2.7,Motor,4799.65,25212.21,1,25,4.0,0,19,0.161,0,0,5.252926775910744,8-30 days,Medium,1
CLM101483,61,7.3,Motor,6422.71,74993.27,3,17,1.0,0,1,0.211,0,0,11.676265937587093,8-30 days,Very High,1
CLM101484,68,11.1,Home,9687.21,43243.41,2,24,1.0,2,4,0.131,0,0,4.463969502054772,8-30 days,High,1
CLM101485,71,2.3,Travel,6771.22,19547.41,2,30,2.0,2,12,0.073,0,0,2.886837231695322,8-30 days,Medium,0
CLM101486,41,6.7,Motor,6718.43,45578.23,0,5,1.0,2,6,0.145,0,0,6.784059668702361,2-7 days,High,1
CLM101487,42,7.3,Motor,8188.66,18414.09,2,4,1.0,2,9,0.101,0,0,2.248730561532656,2-7 days,Medium,0
CLM101488,24,3.3,Motor,8894.47,7317.57,0,5,3.0,1,19,0.265,0,0,0.8227100659173622,2-7 days,Low,0
CLM101489,69,1.9,Motor,10032.0,4971.56,0,28,3.0,0,6,0.181,1,0,0.49557017543859655,8-30 days,Low,0
CLM101490,23,12.6,Personal,7442.8,40763.67,1,27,4.0,1,22,0.449,0,0,5.47692669425485,8-30 days,High,1
CLM101491,70,7.6,Home,7383.41,22621.22,1,5,6.0,4,17,0.063,0,0,3.0637903082721945,2-7 days,Medium,0
CLM101492,41,0.4,Motor,3579.32,59162.48,1,21,5.0,2,17,0.196,0,0,16.528971983505247,8-30 days,Very High,1
CLM101493,50,12.1,Travel,12950.37,37432.76,0,30,2.0,1,1,0.403,0,0,2.89047803267397,8-30 days,High,0
CLM101494,66,14.7,Travel,9522.26,34042.28,0,25,1.0,4,15,0.132,0,0,3.575021055925799,8-30 days,High,0
CLM101495,46,9.2,Home,16777.6,19966.05,2,21,3.0,0,12,0.024,0,0,1.1900420799160787,8-30 days,Medium,0
CLM101496,60,7.7,Motor,10698.1,41406.49,1,24,5.0,1,16,0.253,0,0,3.870452697207915,8-30 days,High,0
CLM101497,39,13.2,Motor,8223.1,89660.82,0,22,1.0,3,5,0.129,0,0,10.903530298792427,8-30 days,Very High,1
CLM101498,43,14.3,Motor,4355.15,6158.02,1,10,6.0,2,22,0.098,0,0,1.4139627796975995,8-30 days,Low,0
CLM101499,45,11.4,Travel,4075.01,25024.63,1,16,5.0,1,8,0.076,0,0,6.140998426997725,8-30 days,Medium,1
CLM101500,67,6.8,Home,13623.86,76791.3,0,25,3.0,1,2,0.228,0,0,5.636530322537078,8-30 days,Very High,1
CLM101501,38,9.0,Home,10943.69,11859.04,1,8,4.0,0,6,0.47,1,0,1.0836418063742668,8-30 days,Low,0
CLM101502,66,10.6,Motor,16436.36,30948.89,1,21,6.0,3,4,0.04,0,0,1.8829527949010607,8-30 days,High,0
CLM101503,24,3.1,Motor,12924.54,16771.94,2,15,6.0,1,20,0.026,1,0,1.2976817743610216,8-30 days,Low,0
CLM101504,34,6.8,Motor,7192.63,22908.15,3,9,1.0,0,6,0.156,0,0,3.184947647800596,8-30 days,Medium,0
CLM101505,37,12.5,Personal,3019.31,7406.05,1,14,1.0,3,9,0.295,0,0,2.4528948667079566,8-30 days,Low,0
CLM101506,58,9.9,Motor,11157.37,58601.11,1,7,2.0,0,21,0.118,0,0,5.252233277197045,2-7 days,Very High,1
CLM101507,66,6.3,Motor,5380.72,31348.06,0,13,1.0,1,23,0.273,0,0,5.825997264306635,8-30 days,High,1
CLM101508,37,10.0,Personal,7823.49,9477.25,0,15,3.0,2,9,0.05,0,0,1.2113839220092313,8-30 days,Low,0
CLM101509,71,1.9,Home,10231.96,38327.61,1,18,5.0,1,9,0.188,0,0,3.745871758685531,8-30 days,High,0
CLM101510,39,6.1,Travel,6399.86,32727.16,3,2,6.0,2,5,0.178,0,0,5.1137306128571565,2-7 days,High,1
CLM101511,45,11.9,Motor,5863.47,16702.95,1,12,5.0,3,18,0.431,0,0,2.8486459383266225,8-30 days,Low,0
CLM101512,57,3.5,Home,7402.64,122529.75,0,29,4.0,1,17,0.361,0,0,16.552169226113925,8-30 days,Very High,1
CLM101513,66,3.0,Motor,3384.77,41234.55,1,27,6.0,0,20,0.198,0,0,12.18237871406329,8-30 days,High,1
CLM101514,24,14.3,Travel,5338.29,73690.19,3,8,6.0,0,14,0.028,1,0,13.80408145679609,8-30 days,Very High,1
CLM101515,18,3.3,Motor,5303.69,24812.74,3,11,4.0,1,12,0.193,0,0,4.678391836626953,8-30 days,Medium,1
CLM101516,49,4.1,Motor,7644.1,8276.68,2,24,3.0,0,19,0.038,0,0,1.0827540194398293,8-30 days,Low,0
CLM101517,30,14.6,Travel,5550.26,4901.32,0,4,5.0,2,1,0.53,1,0,0.8830793512375996,2-7 days,Low,0
CLM101518,47,11.1,Home,6739.24,13089.31,1,20,6.0,2,21,0.11,1,0,1.9422531324006862,8-30 days,Low,0
CLM101519,40,10.6,Home,6957.58,76946.36,2,18,4.0,1,9,0.034,0,0,11.059356845339902,8-30 days,Very High,1
CLM101520,68,12.8,Motor,22143.07,19102.54,0,6,6.0,5,22,0.2,0,0,0.8626870619114694,2-7 days,Medium,0
CLM101521,73,1.9,Motor,12017.61,61136.13,3,6,4.0,1,1,0.383,1,1,5.087212016365982,2-7 days,Very High,1
CLM101522,36,10.6,Home,8051.79,11674.08,2,18,2.0,3,2,0.025,0,0,1.4498738789759793,8-30 days,Low,0
CLM101523,49,7.7,Home,10403.59,17034.95,1,7,2.0,4,4,0.254,1,0,1.6374107399464992,2-7 days,Low,0
CLM101524,47,12.5,Personal,12863.43,18979.06,0,5,3.0,2,14,0.054,0,0,1.4754276270015074,2-7 days,Medium,0
CLM101525,46,7.7,Travel,9675.17,33150.98,0,2,3.0,2,6,0.015,0,0,3.4263976756997554,2-7 days,High,0
CLM101526,66,9.4,Home,5337.81,10156.0,0,21,3.0,0,14,0.085,0,0,1.9026529606711364,8-30 days,Low,0
CLM101527,62,7.3,Personal,7991.77,15431.74,1,0,3.0,0,11,0.173,1,0,1.930953968895501,0-1 days,Low,0
CLM101528,46,7.3,Motor,5478.96,23508.01,1,5,5.0,3,2,0.023,1,0,4.290597120621431,2-7 days,Medium,1
CLM101529,47,11.6,Motor,7330.04,10227.12,1,22,1.0,1,9,0.358,0,0,1.3952338595696614,8-30 days,Low,0
CLM101530,33,9.5,Motor,7913.55,7482.07,2,19,3.0,2,3,0.412,0,0,0.9454757978404129,8-30 days,Low,0
CLM101531,57,9.6,Motor,13649.83,28606.28,1,30,2.0,1,6,0.066,0,0,2.095724269093461,8-30 days,High,0
CLM101532,36,6.9,Travel,5945.96,10345.89,3,19,6.0,1,10,0.305,1,0,1.7399864782137786,8-30 days,Low,0
CLM101533,35,8.1,Home,5735.42,69627.39,0,18,1.0,1,16,0.064,0,0,12.13989385258621,8-30 days,Very High,1
CLM101534,18,11.2,Home,6156.12,71078.12,1,20,1.0,3,19,0.15,1,0,11.545928279500725,8-30 days,Very High,1
CLM101535,31,12.4,Motor,6462.48,18076.73,0,27,5.0,3,14,0.314,0,0,2.7971815773511097,8-30 days,Medium,0
CLM101536,68,10.5,Motor,7366.11,43979.27,2,12,4.0,3,16,0.295,0,0,5.970487815142592,8-30 days,High,1
CLM101537,64,13.9,Motor,9857.79,29487.92,0,26,6.0,1,13,0.203,0,0,2.991331728511157,8-30 days,High,0
CLM101538,67,12.3,Home,5970.12,62368.29,1,16,6.0,0,20,0.372,0,0,10.446739764024844,8-30 days,Very High,1
CLM101539,19,8.5,Motor,8951.02,19855.95,1,21,1.0,3,11,0.062,0,0,2.2182890888412716,8-30 days,Medium,0
CLM101540,71,10.1,Travel,9000.94,41059.83,2,17,5.0,1,17,0.194,1,0,4.561726886302986,8-30 days,High,1
CLM101541,45,13.9,Motor,10904.99,35376.38,1,19,5.0,2,12,0.188,0,0,3.2440543274225835,8-30 days,High,0
CLM101542,66,9.4,Motor,7730.84,34049.38,1,29,5.0,0,18,0.247,0,0,4.404357094442518,8-30 days,High,1
CLM101543,67,12.4,Home,12360.48,17641.89,1,5,3.0,1,4,0.277,0,0,1.4272819502155256,2-7 days,Medium,0
CLM101544,47,10.4,Personal,10035.51,68134.59,0,10,6.0,2,11,0.027,0,0,6.789350018085777,8-30 days,Very High,1
CLM101545,55,8.4,Motor,9835.0,20619.42,0,26,4.0,3,7,0.289,0,0,2.0965348246059987,8-30 days,Medium,0
CLM101546,68,3.8,Travel,6634.32,20524.38,1,5,3.0,2,7,0.013,0,0,3.0936674745866948,2-7 days,Medium,0
CLM101547,21,6.5,Personal,9617.84,16315.0,4,27,2.0,1,8,0.327,0,0,1.6963268259817172,8-30 days,Low,0
CLM101548,18,14.5,Personal,9960.19,17070.86,1,25,4.0,2,18,0.46,0,0,1.7139090720156944,8-30 days,Low,0
CLM101549,25,9.9,Travel,6495.77,23392.37,1,6,3.0,1,18,0.1,0,0,3.6011696842714565,2-7 days,Medium,0
CLM101550,46,8.6,Travel,14548.58,39232.93,1,0,4.0,4,3,0.03,0,0,2.6966844874207654,0-1 days,High,0
CLM101551,72,14.0,Motor,27678.16,50386.31,4,27,2.0,2,5,0.446,0,0,1.8204356792503547,8-30 days,Very High,0
CLM101552,56,8.9,Personal,6324.03,30836.04,0,21,3.0,1,22,0.169,1,0,4.876011024615633,8-30 days,High,1
CLM101553,20,8.0,Motor,6879.06,80996.7,0,24,4.0,1,11,0.035,0,1,11.774384872351744,8-30 days,Very High,1
CLM101554,49,11.4,Personal,6957.39,30583.42,1,23,2.0,5,0,0.033,0,0,4.3958179719693735,8-30 days,High,1
CLM101555,27,10.7,Motor,4715.07,7283.0,0,7,6.0,2,17,0.042,0,0,1.5446218189761765,2-7 days,Low,0
CLM101556,27,3.1,Motor,5730.11,11779.48,1,26,5.0,2,18,0.373,0,0,2.055716207891297,8-30 days,Low,0
CLM101557,36,7.2,Home,12501.13,47333.6,2,13,4.0,2,16,0.018,0,0,3.7863457143474233,8-30 days,Very High,0
CLM101558,63,7.2,Motor,8192.02,21937.26,1,21,2.0,3,2,0.195,0,0,2.677881645796763,8-30 days,Medium,0
CLM101559,51,5.8,Motor,20158.45,20840.52,0,19,6.0,2,3,0.172,0,0,1.033835438736609,8-30 days,Medium,0
CLM101560,50,7.9,Home,7465.1,13583.5,2,0,5.0,0,13,0.227,0,0,1.8196005411849807,0-1 days,Low,0
CLM101561,40,6.3,Travel,10251.5,20738.93,0,4,2.0,7,5,0.272,0,0,2.0230141930449204,2-7 days,Medium,0
CLM101562,72,3.2,Home,5658.36,20971.12,2,28,6.0,1,4,0.254,0,1,3.706218763033812,8-30 days,Medium,0
CLM101563,45,6.3,Motor,8088.83,40453.49,1,4,6.0,3,5,0.151,0,0,5.001154678735985,2-7 days,High,1
CLM101564,49,1.3,Travel,8842.64,23306.43,0,13,6.0,3,12,0.111,0,0,2.6356868536998004,8-30 days,Medium,0
CLM101565,67,8.7,Motor,3297.71,72935.85,1,6,1.0,2,8,0.247,0,0,22.117120668585173,2-7 days,Very High,1
CLM101566,24,12.8,Motor,5864.01,17132.76,3,16,2.0,2,16,0.138,0,0,2.921679874352192,8-30 days,Low,0
CLM101567,46,10.9,Home,11316.19,32639.68,0,28,3.0,3,14,0.204,1,0,2.8843347451748333,8-30 days,High,0
CLM101568,25,5.5,Personal,11048.19,8087.96,2,10,3.0,2,14,0.209,0,0,0.7320619938650584,8-30 days,Low,0
CLM101569,18,1.5,Home,4846.7,45899.03,1,21,3.0,2,18,0.362,1,0,9.470161140569873,8-30 days,High,1
CLM101570,74,3.2,Home,7225.62,9646.69,0,30,3.0,5,7,0.237,0,0,1.3350674405794936,8-30 days,Low,0
CLM101571,72,8.3,Motor,2926.3,42936.56,2,6,6.0,0,8,0.291,0,0,14.672644636571778,2-7 days,High,1
CLM101572,20,3.3,Home,8486.86,7040.83,0,0,6.0,1,1,0.018,0,0,0.8296154290279325,0-1 days,Low,0
CLM101573,41,8.3,Motor,14987.27,12897.75,1,14,1.0,1,13,0.163,1,0,0.8605803458535143,8-30 days,Low,0
CLM101574,40,3.6,Personal,15282.31,52489.3,1,18,1.0,0,13,0.388,0,0,3.434644369862933,8-30 days,Very High,0
CLM101575,25,12.8,Travel,15039.76,90508.86,2,9,1.0,2,4,0.1,0,0,6.017972361261084,8-30 days,Very High,1
CLM101576,71,6.1,Home,10774.71,3650.89,2,8,5.0,2,2,0.304,0,1,0.33883881793570314,8-30 days,Low,0
CLM101577,74,3.8,Home,14314.29,12364.53,2,12,4.0,3,9,0.025,1,0,0.8637892623385443,8-30 days,Low,0
CLM101578,64,12.2,Travel,7806.04,110427.53,0,23,3.0,0,1,0.143,0,0,14.146421232788969,8-30 days,Very High,1
CLM101579,54,5.3,Home,6720.92,31147.04,0,12,4.0,2,12,0.186,0,0,4.6343417270254665,8-30 days,High,1
CLM101580,20,1.9,Motor,14201.43,12911.28,0,29,3.0,2,10,0.165,0,1,0.9091535148220989,8-30 days,Low,0
CLM101581,68,8.6,Motor,9678.17,84772.95,2,25,3.0,2,10,0.044,0,0,8.759192078667764,8-30 days,Very High,1
CLM101582,50,8.8,Home,3789.41,43435.19,1,5,3.0,2,8,0.362,0,0,11.462256657368826,2-7 days,High,1
CLM101583,45,10.8,Personal,14695.28,30408.39,0,7,1.0,1,20,0.504,0,0,2.06926237540217,2-7 days,High,0
CLM101584,64,3.8,Motor,7699.33,6648.16,0,11,6.0,2,8,0.097,0,0,0.8634725359219568,8-30 days,Low,0
CLM101585,25,6.8,Motor,6295.65,134854.31,1,1,5.0,2,11,0.019,1,0,21.420236194832942,0-1 days,Very High,1
CLM101586,51,4.4,Motor,13204.71,34089.53,0,28,3.0,1,0,0.327,0,0,2.5816189829235174,8-30 days,High,0
CLM101587,52,1.4,Travel,12427.3,22197.06,0,15,3.0,1,19,0.057,1,0,1.7861530662332126,8-30 days,Medium,0
CLM101588,49,13.2,Motor,5526.03,83806.54,0,28,3.0,0,16,0.166,0,0,15.165777239718206,8-30 days,Very High,1
CLM101589,41,11.0,Motor,7919.88,14079.08,0,11,2.0,1,4,0.421,0,0,1.777688550836629,8-30 days,Low,0
CLM101590,31,4.7,Home,5647.84,12330.03,1,22,3.0,1,11,0.425,0,0,2.1831408113544293,8-30 days,Low,0
CLM101591,49,9.1,Home,5715.55,13494.61,0,17,1.0,0,10,0.03,0,0,2.3610343711453843,8-30 days,Low,0
CLM101592,73,3.2,Motor,2210.74,21057.82,1,2,1.0,1,20,0.488,0,0,9.525235893863593,2-7 days,Medium,1
CLM101593,63,13.4,Motor,5385.82,28567.87,1,17,4.0,2,15,0.286,0,0,5.30427492935152,8-30 days,High,1
CLM101594,60,1.9,Home,7869.94,45254.87,2,10,6.0,1,6,0.34,0,0,5.750344983570396,8-30 days,High,1
CLM101595,33,0.3,Motor,2375.21,10956.39,0,4,6.0,0,22,0.072,0,0,4.61280897268031,2-7 days,Low,1
CLM101596,21,7.6,Personal,4584.74,35151.54,0,12,1.0,2,7,0.056,0,1,7.667073814436588,8-30 days,High,1
CLM101597,69,8.8,Home,11170.09,17819.34,2,9,4.0,1,21,0.1,0,0,1.5952727328069871,8-30 days,Medium,0
CLM101598,54,8.8,Motor,4502.04,28465.055,2,20,5.0,2,18,0.02,0,0,6.32270148643726,8-30 days,Medium,1
CLM101599,71,1.0,Home,7919.37,69342.81,6,21,2.0,1,14,0.289,0,0,8.756101811128916,8-30 days,Very High,1
CLM101600,38,4.8,Motor,4039.22,40522.11,1,14,1.0,1,4,0.253,0,0,10.032162150118094,8-30 days,High,1
CLM101601,31,7.6,Motor,10219.66,43132.84,1,5,3.0,1,8,0.305,0,0,4.220574852783752,2-7 days,High,1
CLM101602,48,3.4,Personal,7341.01,17639.14,1,15,5.0,3,20,0.217,0,0,2.402821955017089,8-30 days,Medium,0
CLM101603,72,13.1,Travel,5624.39,118665.32,2,30,3.0,2,18,0.176,1,1,21.098344887178875,8-30 days,Very High,1
CLM101604,65,1.5,Motor,2585.82,46352.03,1,22,4.0,1,12,0.067,0,0,17.925466583134167,8-30 days,High,1
CLM101605,35,7.4,Motor,5684.97,20360.49,0,29,4.0,0,6,0.134,0,0,3.5814595327679832,8-30 days,Medium,0
CLM101606,24,10.4,Motor,11463.87,65892.39,2,7,2.0,1,0,0.323,0,0,5.747831229767957,2-7 days,Very High,1
CLM101607,27,4.1,Motor,17074.61,42901.78,2,19,5.0,3,2,0.31,0,0,2.5126067301097943,8-30 days,High,0
CLM101608,24,9.4,Home,7701.39,10858.48,1,24,4.0,1,6,0.22,0,0,1.4099376865734625,8-30 days,Low,0
CLM101609,50,12.5,Motor,8125.68,32531.96,1,2,3.0,2,8,0.029,0,0,4.003598468066673,2-7 days,High,1
CLM101610,40,3.0,Personal,6266.43,13545.81,1,4,6.0,4,3,0.186,1,0,2.161647062202881,2-7 days,Low,0
CLM101611,38,13.8,Motor,14779.54,6062.83,2,30,1.0,0,20,0.037,0,0,0.41021777403085613,8-30 days,Low,0
CLM101612,36,8.4,Home,7627.57,20240.5,1,14,1.0,0,7,0.122,0,0,2.6535974104465776,8-30 days,Medium,0
CLM101613,65,4.6,Personal,12708.16,65544.76,0,2,6.0,2,19,0.088,0,0,5.157690806536902,2-7 days,Very High,1
CLM101614,36,6.6,Home,9504.45,84603.29,0,14,5.0,2,17,0.126,0,0,8.901439851858864,8-30 days,Very High,1
CLM101615,53,4.8,Motor,8983.36,19089.93,3,1,3.0,2,22,0.073,0,0,2.125032281907883,0-1 days,Medium,0
CLM101616,46,10.9,Motor,5370.66,22604.42,1,11,4.0,5,1,0.178,0,0,4.208871907735734,8-30 days,Medium,1
CLM101617,35,12.0,Motor,18958.15,79782.64,2,26,1.0,1,13,0.055,0,0,4.208355773110773,8-30 days,Very High,1
CLM101618,19,12.5,Personal,16440.31,46302.31,2,4,6.0,1,5,0.297,0,0,2.8163891070180544,2-7 days,High,0
CLM101619,18,14.8,Personal,23652.15,40419.36,3,8,2.0,2,6,0.083,0,0,1.70890849246263,8-30 days,High,0
CLM101620,64,11.9,Personal,5182.78,31087.69,1,21,6.0,5,23,0.075,0,0,5.998265409683606,8-30 days,High,1
CLM101621,22,9.1,Personal,9572.36,48220.9,1,3,2.0,1,20,0.137,0,0,5.037514259806359,2-7 days,Very High,1
CLM101622,37,5.2,Motor,5948.12,27380.08,1,22,6.0,2,0,0.222,0,0,4.603148557863661,8-30 days,Medium,1
CLM101623,28,8.3,Personal,10378.27,88176.44,0,25,6.0,2,15,0.114,0,0,8.496256119757916,8-30 days,Very High,1
CLM101624,59,0.8,Personal,9694.58,25598.77,1,20,6.0,1,2,0.128,0,1,2.640523880353765,8-30 days,Medium,0
CLM101625,19,11.2,Motor,7055.25,25296.11,0,27,6.0,0,14,0.195,1,0,3.5854307076290706,8-30 days,Medium,0
CLM101626,20,6.8,Motor,7669.01,5992.8,1,6,6.0,0,21,0.26,0,0,0.7814307192192995,2-7 days,Low,0
CLM101627,40,0.5,Home,21778.25,61915.91,0,15,6.0,3,10,0.112,0,0,2.843015852972576,8-30 days,Very High,0
CLM101628,72,1.1,Motor,7997.87,13601.12,0,12,2.0,3,4,0.21,0,0,1.7005927828284282,8-30 days,Low,0
CLM101629,29,5.9,Motor,3154.74,4733.57,1,1,3.0,2,16,0.337,0,0,1.5004627956662038,0-1 days,Low,0
CLM101630,37,8.8,Personal,6677.86,24484.6,1,1,4.0,3,15,0.039,0,0,3.6665338895993624,0-1 days,Medium,0
CLM101631,22,7.1,Personal,5192.4,21725.85,0,8,6.0,0,19,0.382,0,0,4.184163392650797,8-30 days,Medium,1
CLM101632,54,9.4,Motor,5619.1,39235.87,0,14,3.0,1,20,0.37,1,0,6.982589738570233,8-30 days,High,1
CLM101633,55,7.3,Motor,11696.3,45561.27,2,30,2.0,1,17,0.046,0,1,3.8953575062199155,8-30 days,High,0
CLM101634,47,10.0,Personal,12692.06,15050.29,0,3,4.0,0,4,0.263,1,0,1.1858035653786698,2-7 days,Low,0
CLM101635,26,3.4,Home,5816.48,215322.87,1,16,2.0,2,18,0.065,0,0,37.019446469342284,8-30 days,Very High,1
CLM101636,51,1.9,Motor,6634.33,24075.69,0,8,2.0,3,7,0.228,1,0,3.6289557498647187,8-30 days,Medium,0
CLM101637,70,9.0,Travel,6208.35,7893.62,0,14,6.0,1,13,0.398,1,0,1.271452157175417,8-30 days,Low,0
CLM101638,61,7.4,Personal,16830.84,91772.91,1,0,3.0,2,10,0.013,0,0,5.452663681670077,0-1 days,Very High,1
CLM101639,52,0.6,Personal,12863.91,48352.11,0,29,2.0,0,14,0.059,0,0,3.758741315820773,8-30 days,Very High,0
CLM101640,69,5.8,Motor,11526.97,38048.1,0,30,4.0,0,0,0.238,0,0,3.300789366156067,8-30 days,High,0
CLM101641,75,1.8,Motor,5342.22,20200.89,1,26,6.0,0,19,0.125,0,0,3.7813661736132165,8-30 days,Medium,0
CLM101642,39,8.1,Personal,3938.89,28979.01,0,1,4.0,0,11,0.211,0,0,7.357151380211176,0-1 days,High,1
CLM101643,61,6.1,Motor,14787.48,5505.63,2,8,1.0,1,10,0.571,1,0,0.3723169870728481,8-30 days,Low,0
CLM101644,41,9.3,Travel,20157.55,22849.19,2,10,5.0,2,14,0.114,1,0,1.1335301165072145,8-30 days,Medium,0
CLM101645,34,12.1,Motor,3855.92,176759.9,0,18,2.0,2,8,0.071,1,0,45.841174090748765,8-30 days,Very High,1
CLM101646,27,4.6,Motor,23306.57,13686.94,0,26,6.0,0,11,0.074,0,0,0.5872567263222345,8-30 days,Low,0
CLM101647,47,14.4,Motor,8104.02,31969.56,2,0,2.0,0,0,0.21,0,0,3.9449014192956087,0-1 days,High,0
CLM101648,73,8.1,Motor,9168.23,7913.21,0,18,4.0,1,21,0.025,0,0,0.8631120728864787,8-30 days,Low,0
CLM101649,63,9.4,Personal,4697.44,18947.62,1,8,2.0,0,21,0.071,1,0,4.033605538335775,8-30 days,Medium,1
CLM101650,40,10.3,Motor,3824.49,10840.73,2,27,6.0,2,1,0.369,1,0,2.83455571854025,8-30 days,Low,0
CLM101651,49,10.1,Personal,3069.01,38578.48,0,1,4.0,1,16,0.441,0,0,12.570333755836574,0-1 days,High,1
CLM101652,34,7.8,Personal,13516.84,32919.96,0,4,1.0,1,0,0.117,0,0,2.4354775228529744,2-7 days,High,0
CLM101653,67,6.5,Motor,8189.35,10537.83,0,16,6.0,1,9,0.121,0,0,1.2867724544683032,8-30 days,Low,0
CLM101654,68,1.0,Travel,10458.53,29916.76,1,25,2.0,0,12,0.016,0,0,2.8605129019087765,8-30 days,High,0
CLM101655,34,0.5,Motor,14153.6,30723.46,1,0,6.0,0,14,0.221,0,0,2.1707169907302735,0-1 days,High,0
CLM101656,31,5.5,Travel,8141.35,28465.055,2,13,6.0,1,4,0.562,0,0,3.4963556412634267,8-30 days,Medium,0
CLM101657,26,5.1,Home,18180.07,53125.24,0,11,1.0,1,10,0.121,0,0,2.9221691665653653,8-30 days,Very High,0
CLM101658,57,5.9,Motor,5862.81,90557.74,1,22,1.0,1,20,0.127,0,0,15.446132485958099,8-30 days,Very High,1
CLM101659,19,2.2,Motor,7043.75,17669.16,0,25,5.0,3,6,0.259,1,0,2.5084876663708964,8-30 days,Medium,0
CLM101660,62,11.1,Home,5662.11,22252.14,1,9,4.0,5,3,0.108,0,0,3.9300084244212847,8-30 days,Medium,0
CLM101661,42,12.9,Personal,12379.53,24587.98,0,18,1.0,0,19,0.111,0,0,1.986180412341987,8-30 days,Medium,0
CLM101662,56,14.1,Motor,14029.58,10544.72,1,14,4.0,0,10,0.401,1,0,0.7516062490822961,8-30 days,Low,0
CLM101663,26,7.5,Home,6932.71,13149.18,0,0,5.0,2,6,0.027,0,0,1.896686865598013,0-1 days,Low,0
CLM101664,71,10.6,Motor,4541.01,42718.67,0,0,4.0,1,13,0.007,0,0,9.4073058636735,0-1 days,High,1
CLM101665,39,12.9,Travel,14788.37,118619.56,3,28,6.0,1,6,0.283,0,0,8.021138232273062,8-30 days,Very High,1
CLM101666,60,6.4,Motor,5718.63,12838.85,0,10,5.0,2,23,0.156,0,0,2.24509191886868,8-30 days,Low,0
CLM101667,63,4.8,Home,7090.85,156351.84,2,30,2.0,1,9,0.008,0,0,22.04980220989021,8-30 days,Very High,1
CLM101668,21,14.1,Motor,5244.08,18309.85,2,10,5.0,4,15,0.227,1,0,3.4915275892053512,8-30 days,Medium,0
CLM101669,43,7.8,Home,9673.81,69486.33,0,4,5.0,1,6,0.127,0,0,7.182933094613188,2-7 days,Very High,1
CLM101670,75,7.6,Personal,6010.95,38637.85,1,2,5.0,1,21,0.207,0,0,6.427910729585173,2-7 days,High,1
CLM101671,46,2.8,Travel,11654.58,32404.13,0,10,3.0,4,10,0.135,0,0,2.780377328054722,8-30 days,High,0
CLM101672,62,1.8,Travel,6607.29,20326.97,1,3,1.0,3,18,0.057,0,0,3.076445865097491,2-7 days,Medium,0
CLM101673,51,12.7,Home,10827.58,28334.72,0,5,4.0,3,3,0.349,0,0,2.6169023918548744,2-7 days,Medium,0
CLM101674,40,9.3,Personal,5606.68,16428.47,1,17,6.0,0,1,0.451,0,0,2.9301600947441266,8-30 days,Low,0
CLM101675,54,5.0,Home,14759.46,56909.41,1,6,4.0,3,15,0.033,0,0,3.8557921495772884,2-7 days,Very High,0
CLM101676,28,3.0,Personal,6787.69,64754.45,1,20,3.0,4,1,0.438,0,0,9.539983411145766,8-30 days,Very High,1
CLM101677,23,8.4,Home,8851.59,17190.04,1,23,2.0,2,7,0.163,0,0,1.9420284943157107,8-30 days,Low,0
CLM101678,35,8.8,Home,4980.4,8181.32,1,3,6.0,1,10,0.305,1,0,1.6427033973174845,2-7 days,Low,0
CLM101679,38,3.3,Motor,8438.72,21896.3,0,13,1.0,0,5,0.248,0,0,2.594741856584885,8-30 days,Medium,0
CLM101680,59,12.8,Home,5064.28,124405.56,0,27,1.0,0,20,0.172,0,0,24.565300496812974,8-30 days,Very High,1
CLM101681,53,1.4,Motor,8333.75,33320.45,1,7,1.0,2,17,0.102,1,0,3.998254087295635,2-7 days,High,0
CLM101682,58,5.5,Personal,5514.47,66506.3,1,19,1.0,0,16,0.293,0,0,12.060324926964876,8-30 days,Very High,1
CLM101683,55,10.3,Home,7926.07,13962.14,2,10,3.0,2,18,0.256,0,0,1.7615463905819655,8-30 days,Low,0
CLM101684,51,4.3,Personal,10482.75,19444.23,0,29,4.0,2,10,0.065,0,1,1.8548787293410602,8-30 days,Medium,0
CLM101685,34,12.4,Motor,4583.73,22179.33,0,13,2.0,2,5,0.28,0,0,4.838707777290548,8-30 days,Medium,1
CLM101686,54,11.2,Motor,8335.12,11633.41,2,20,6.0,2,11,0.324,0,0,1.395709959784622,8-30 days,Low,0
CLM101687,42,11.9,Personal,10214.47,31732.68,0,2,6.0,1,11,0.084,1,0,3.1066398941893216,2-7 days,High,0
CLM101688,55,2.0,Motor,10195.01,15155.88,0,10,2.0,1,11,0.125,0,0,1.4865978552252523,8-30 days,Low,0
CLM101689,75,2.3,Motor,20152.7,57049.03,2,3,2.0,1,4,0.212,0,0,2.8308380514769733,2-7 days,Very High,0
CLM101690,29,4.4,Personal,6080.2,29937.49,1,8,3.0,0,5,0.005,0,1,4.923767310285847,8-30 days,High,1
CLM101691,40,7.9,Home,8489.26,85018.36,1,4,3.0,3,14,0.05,0,0,10.014814012057588,2-7 days,Very High,1
CLM101692,70,11.3,Motor,18662.96,7957.86,4,12,5.0,3,6,0.34,0,1,0.42639859915040274,8-30 days,Low,0
CLM101693,59,12.6,Personal,4581.84,18800.68,2,19,3.0,2,6,0.548,0,0,4.103303476332652,8-30 days,Medium,1
CLM101694,39,10.6,Motor,3022.76,20627.86,2,3,1.0,3,2,0.277,0,1,6.824180550225622,2-7 days,Medium,1
CLM101695,38,13.9,Personal,10816.51,39631.14,1,6,4.0,2,23,0.222,0,0,3.663948907734565,2-7 days,High,0
CLM101696,44,11.1,Motor,13592.48,20403.09,0,1,2.0,1,7,0.473,0,0,1.501057202217697,0-1 days,Medium,0
CLM101697,74,4.7,Home,3288.91,101902.34,1,19,3.0,1,10,0.032,0,0,30.983620713245422,8-30 days,Very High,1
CLM101698,48,4.1,Motor,7360.71,24389.02,0,18,4.0,2,18,0.193,0,1,3.3134059078539977,8-30 days,Medium,0
CLM101699,23,10.5,Travel,5376.27,14198.58,1,6,1.0,4,21,0.313,0,0,2.6409722725979163,2-7 days,Low,0
CLM101700,44,3.1,Motor,9771.01,24816.36,2,19,3.0,1,0,0.047,0,0,2.5397947602141437,8-30 days,Medium,0
CLM101701,57,1.6,Personal,8371.51,21932.72,3,23,3.0,3,1,0.082,0,1,2.6199240041521783,8-30 days,Medium,0
CLM101702,51,8.1,Motor,15318.97,56170.42,1,20,4.0,3,17,0.312,0,0,3.666723023806431,8-30 days,Very High,0
CLM101703,29,12.4,Motor,4640.77,20560.03,2,24,6.0,1,20,0.332,0,0,4.430305746675659,8-30 days,Medium,1
CLM101704,62,1.7,Travel,10112.59,8952.22,2,8,6.0,2,21,0.315,0,0,0.8852549149129945,8-30 days,Low,0
CLM101705,74,11.9,Home,11243.52,31987.48,1,18,1.0,1,18,0.318,0,0,2.8449702584244076,8-30 days,High,0
CLM101706,70,12.2,Motor,8694.76,17185.51,1,24,3.0,3,19,0.194,0,0,1.9765364426390146,8-30 days,Low,0
CLM101707,24,7.3,Motor,3445.14,11776.79,0,19,4.0,0,12,0.203,0,0,3.418377772746536,8-30 days,Low,0
CLM101708,27,1.0,Motor,10247.76,28478.26,0,24,1.0,1,17,0.217,1,0,2.778974136786966,8-30 days,High,0
CLM101709,62,2.8,Motor,6118.22,25358.57,1,27,3.0,2,18,0.357,0,0,4.144762692417076,8-30 days,Medium,1
CLM101710,34,10.7,Motor,3879.06,23735.04,1,29,6.0,2,7,0.225,0,0,6.118760730692488,8-30 days,Medium,1
CLM101711,43,10.7,Motor,10036.29,34039.49,3,1,3.0,2,14,0.194,0,0,3.3916407357698906,0-1 days,High,0
CLM101712,38,13.5,Home,12004.8,18138.55,0,20,2.0,0,20,0.233,1,0,1.5109414567506332,8-30 days,Medium,0
CLM101713,45,8.8,Home,6443.92,30543.69,2,15,5.0,3,17,0.251,0,0,4.739923835181069,8-30 days,High,1
CLM101714,75,2.0,Motor,12370.26,17993.57,0,5,1.0,1,9,0.011,0,0,1.4545830079561788,2-7 days,Medium,0
CLM101715,63,2.0,Personal,12426.27,51877.79,1,18,4.0,3,14,0.402,0,0,4.174848124175638,8-30 days,Very High,1
CLM101716,19,10.9,Personal,8433.5,27505.46,1,17,2.0,1,9,0.074,1,0,3.261452540463627,8-30 days,Medium,0
CLM101717,71,2.9,Motor,11116.37,104013.97,2,16,3.0,2,17,0.191,0,0,9.35682871297015,8-30 days,Very High,1
CLM101718,60,5.1,Motor,13189.59,19318.08,1,10,4.0,2,19,0.03,0,0,1.4646459821723041,8-30 days,Medium,0
CLM101719,18,7.4,Personal,10765.4,36600.89,0,22,2.0,1,5,0.148,1,0,3.399863451427722,8-30 days,High,0
CLM101720,68,0.6,Motor,3037.16,65332.28,4,3,2.0,3,0,0.266,0,0,21.51097736042882,2-7 days,Very High,1
CLM101721,70,3.9,Motor,2734.39,41861.65,0,23,6.0,1,13,0.23,0,1,15.30931944601904,8-30 days,High,1
CLM101722,53,6.2,Home,13732.9,31110.2,2,7,6.0,1,19,0.094,0,0,2.265377305594594,2-7 days,High,0
CLM101723,68,4.3,Travel,6235.62,36026.23,2,23,5.0,2,2,0.07,0,0,5.777489648182539,8-30 days,High,1
CLM101724,43,2.2,Motor,6799.74,40970.5,3,17,6.0,0,0,0.222,1,1,6.025303908678861,8-30 days,High,1
CLM101725,46,11.0,Travel,19896.89,35008.99,0,12,2.0,2,21,0.353,0,0,1.7595207090153284,8-30 days,High,0
CLM101726,38,12.2,Travel,6109.9,27692.98,1,20,1.0,1,9,0.409,0,0,4.532476799947626,8-30 days,Medium,1
CLM101727,28,4.0,Home,7986.54,48670.09,2,7,5.0,0,16,0.502,0,0,6.094014429277259,2-7 days,Very High,1
CLM101728,57,11.7,Personal,8547.83,26275.64,2,9,5.0,5,0,0.068,0,0,3.0739544422385565,8-30 days,Medium,0
CLM101729,28,5.9,Motor,7723.25,13378.45,2,17,3.0,0,15,0.057,0,0,1.7322306024018388,8-30 days,Low,0
CLM101730,53,7.7,Home,15563.1,131110.09,0,17,3.0,0,22,0.161,0,0,8.424419942042395,8-30 days,Very High,1
CLM101731,66,12.9,Motor,7181.4,54070.96,1,16,1.0,2,0,0.152,0,0,7.529306263402679,8-30 days,Very High,1
CLM101732,56,11.3,Motor,11749.07,14133.72,1,15,4.0,2,2,0.049,0,0,1.2029650006340926,8-30 days,Low,0
CLM101733,57,12.1,Motor,8773.04,23310.77,1,5,6.0,1,4,0.314,0,0,2.6570914984999496,2-7 days,Medium,0
CLM101734,52,2.2,Motor,13133.76,18263.8,0,13,6.0,1,18,0.056,0,0,1.3905994932144337,8-30 days,Medium,0
CLM101735,71,1.2,Motor,4584.54,19271.27,0,29,1.0,0,21,0.186,0,0,4.203534051398832,8-30 days,Medium,1
CLM101736,51,13.4,Motor,3083.18,53653.0,1,4,5.0,4,13,0.249,0,0,17.4018383616915,2-7 days,Very High,1
CLM101737,72,5.9,Motor,8614.55,21834.4,1,14,3.0,4,13,0.011,0,0,2.5345955389428356,8-30 days,Medium,0
CLM101738,64,4.5,Travel,5804.96,117834.0,2,12,1.0,2,17,0.139,0,0,20.298847881811415,8-30 days,Very High,1
CLM101739,41,10.9,Motor,16432.52,7442.35,0,15,3.0,1,6,0.299,0,0,0.4529037542628885,8-30 days,Low,0
CLM101740,71,12.6,Home,8188.14,27383.6,0,15,1.0,4,19,0.188,1,0,3.3443004149904616,8-30 days,Medium,0
CLM101741,39,13.0,Motor,9383.61,10314.85,1,16,6.0,1,10,0.3,0,0,1.0992411236187352,8-30 days,Low,0
CLM101742,22,4.9,Motor,7402.01,35795.03,1,26,1.0,3,21,0.337,0,0,4.83585269406553,8-30 days,High,1
CLM101743,73,12.8,Motor,6340.53,39164.45,1,23,2.0,0,9,0.166,0,0,6.176841683581657,8-30 days,High,1
CLM101744,50,0.8,Motor,8722.83,54952.73,0,23,1.0,1,11,0.356,0,0,6.299874008779261,8-30 days,Very High,1
CLM101745,75,0.9,Home,13419.28,11155.72,2,4,3.0,0,9,0.377,1,0,0.8313203092863402,2-7 days,Low,0
CLM101746,53,9.4,Motor,7384.64,38696.37,1,10,1.0,1,5,0.172,0,0,5.240115970446765,8-30 days,High,1
CLM101747,64,1.1,Personal,7154.88,14542.91,1,14,4.0,1,7,0.307,0,0,2.0325861509906527,8-30 days,Low,0
CLM101748,37,5.0,Personal,12209.74,30085.78,1,2,6.0,2,6,0.399,0,0,2.4640803162065694,2-7 days,High,0
CLM101749,36,10.2,Motor,3982.73,20100.63,2,7,6.0,0,12,0.112,0,0,5.046947696680418,2-7 days,Medium,1
CLM101750,52,5.2,Travel,14510.59,10846.01,0,2,2.0,2,20,0.179,0,0,0.7474547899155031,2-7 days,Low,0
CLM101751,69,2.9,Motor,5913.32,48130.81,1,28,1.0,1,22,0.427,0,0,8.139388702116577,8-30 days,Very High,1
CLM101752,60,4.4,Home,13002.2,23064.08,3,3,4.0,1,11,0.147,0,0,1.7738598083401271,2-7 days,Medium,0
CLM101753,34,7.0,Travel,9701.66,53271.64,0,26,3.0,1,11,0.336,0,0,5.490981955665319,8-30 days,Very High,1
CLM101754,62,7.2,Motor,3327.74,56202.74,1,13,4.0,0,21,0.005,0,0,16.889162013859256,8-30 days,Very High,1
CLM101755,60,11.8,Motor,8545.53,74866.14,1,22,6.0,0,12,0.257,0,0,8.76085392011964,8-30 days,Very High,1
CLM101756,51,11.3,Motor,15355.79,19146.17,1,22,2.0,1,20,0.02,0,0,1.2468371864944752,8-30 days,Medium,0
CLM101757,26,7.0,Motor,7414.72,13950.57,2,19,3.0,1,8,0.324,0,0,1.8814695632471623,8-30 days,Low,0
CLM101758,43,12.7,Home,7727.43,68903.27,1,24,1.0,5,19,0.108,0,0,8.91671228338529,8-30 days,Very High,1
CLM101759,19,1.9,Motor,6017.86,30244.64,0,5,1.0,1,6,0.409,0,0,5.025813162818676,2-7 days,High,1
CLM101760,70,4.0,Motor,14556.62,77003.54,1,23,4.0,1,15,0.415,0,0,5.289932690418516,8-30 days,Very High,1
CLM101761,26,12.5,Motor,6901.6,11531.86,0,22,1.0,3,22,0.083,0,0,1.6708966036861017,8-30 days,Low,0
CLM101762,26,5.8,Travel,19034.53,46932.57,1,3,3.0,2,18,0.449,0,0,2.46565426096678,2-7 days,High,0
CLM101763,57,14.7,Motor,14295.82,28920.0,1,11,6.0,2,23,0.086,1,0,2.0229689517635223,8-30 days,High,0
CLM101764,34,7.1,Travel,15478.33,27142.83,0,1,3.0,2,10,0.289,0,0,1.7536019712720947,0-1 days,Medium,0
CLM101765,18,11.9,Home,8812.26,21998.85,0,26,1.0,1,4,0.175,0,0,2.496391391084693,8-30 days,Medium,0
CLM101766,42,6.2,Travel,6829.28,12173.79,1,28,4.0,2,16,0.112,0,0,1.7825876227069326,8-30 days,Low,0
CLM101767,60,6.5,Travel,10541.9,46064.9,0,17,1.0,0,0,0.308,0,0,4.369696164827973,8-30 days,High,1
CLM101768,57,5.9,Motor,17089.47,20866.82,3,13,6.0,2,4,0.098,0,1,1.2210337710882782,8-30 days,Medium,0
CLM101769,59,10.8,Motor,18878.51,32812.26,2,7,5.0,0,1,0.089,0,0,1.7380746679690295,2-7 days,High,0
CLM101770,42,8.3,Home,3685.21,119285.27,2,7,1.0,3,1,0.181,0,0,32.36864927643201,2-7 days,Very High,1
CLM101771,56,14.2,Personal,28709.41,18719.34,1,11,2.0,0,11,0.325,0,0,0.6520280284408492,8-30 days,Medium,0
CLM101772,52,3.9,Home,9521.29,22396.9,0,0,1.0,1,21,0.218,0,0,2.3522968001184714,0-1 days,Medium,0
CLM101773,20,1.7,Motor,12069.42,24779.03,3,28,6.0,3,4,0.123,0,0,2.0530423168636105,8-30 days,Medium,0
CLM101774,67,6.0,Motor,5681.35,20831.84,4,0,5.0,4,10,0.098,0,0,3.6667059765724694,0-1 days,Medium,0
CLM101775,54,9.3,Personal,5507.92,21322.15,0,3,2.0,2,12,0.147,0,0,3.871180046188035,2-7 days,Medium,0
CLM101776,61,12.9,Motor,4448.64,47251.56,0,16,4.0,3,17,0.267,0,0,10.621574233923175,8-30 days,Very High,1
CLM101777,61,5.3,Motor,18296.5,75544.93,0,9,2.0,2,13,0.008,0,0,4.128927937037138,8-30 days,Very High,1
CLM101778,68,9.9,Motor,6236.59,30864.73,1,0,3.0,0,4,0.074,0,0,4.948975321449702,0-1 days,High,1
CLM101779,47,5.4,Personal,8155.68,48769.32,1,25,6.0,1,10,0.306,0,0,5.979798128420929,8-30 days,Very High,1
CLM101780,55,9.3,Motor,7422.03,24596.84,1,10,5.0,1,3,0.048,0,0,3.3140313364403,8-30 days,Medium,0
CLM101781,51,13.3,Motor,5369.28,24136.28,1,30,3.0,3,21,0.088,0,0,4.495254484772633,8-30 days,Medium,1
CLM101782,29,3.6,Home,7772.07,20744.88,0,20,3.0,0,16,0.175,0,0,2.6691576375405783,8-30 days,Medium,0
CLM101783,36,6.2,Motor,8842.96,15779.25,2,16,2.0,1,13,0.05,0,0,1.7843855451115918,8-30 days,Low,0
CLM101784,54,14.9,Personal,14909.76,70774.24,1,9,2.0,3,2,0.106,0,0,4.746839654025283,8-30 days,Very High,1
CLM101785,61,13.1,Home,5277.6,19216.45,3,27,3.0,1,20,0.201,0,0,3.641134227679248,8-30 days,Medium,0
CLM101786,66,8.6,Motor,6537.08,44278.08,0,5,6.0,4,23,0.295,0,0,6.773372820892509,2-7 days,High,1
CLM101787,34,7.8,Personal,10887.49,14944.78,1,30,4.0,3,1,0.058,0,0,1.3726561402122988,8-30 days,Low,0
CLM101788,27,4.4,Personal,8675.41,28980.17,0,3,1.0,2,7,0.049,0,0,3.3404957229687127,2-7 days,High,0
CLM101789,74,7.9,Motor,8747.62,27983.09,0,25,1.0,3,23,0.362,0,0,3.198937539582195,8-30 days,Medium,0
CLM101790,72,12.8,Motor,5490.85,15035.2,1,12,5.0,1,15,0.076,0,0,2.73822814318366,8-30 days,Low,0
CLM101791,66,10.3,Travel,12065.79,21588.27,2,26,2.0,1,5,0.06,0,0,1.789213138965621,8-30 days,Medium,0
CLM101792,64,4.5,Motor,16057.84,12563.22,2,10,3.0,1,20,0.139,0,0,0.7823729717072782,8-30 days,Low,0
CLM101793,29,3.2,Personal,15403.44,28354.31,0,4,4.0,3,6,0.357,0,0,1.8407777743153477,2-7 days,Medium,0
CLM101794,33,4.1,Personal,7790.77,7476.6,0,13,5.0,1,21,0.4,1,0,0.9596740758615644,8-30 days,Low,0
CLM101795,41,2.7,Motor,2658.43,26812.84,1,24,6.0,0,14,0.177,1,0,10.08596803376429,8-30 days,Medium,1
CLM101796,36,1.6,Personal,9442.73,45622.72,3,1,2.0,2,8,0.211,1,0,4.831518003797631,0-1 days,High,1
CLM101797,25,6.4,Motor,8892.48,27729.14,1,2,1.0,2,17,0.18,0,0,3.1182684695383065,2-7 days,Medium,0
CLM101798,48,1.9,Home,5375.83,16561.0,1,28,3.0,2,11,0.005,0,0,3.0806405708513847,8-30 days,Low,0
CLM101799,38,2.7,Motor,5872.73,17205.52,2,2,4.0,1,5,0.279,0,1,2.929731147183678,2-7 days,Low,0
CLM101800,34,8.3,Personal,5430.69,69291.32,0,10,4.0,1,11,0.399,0,0,12.759211076308906,8-30 days,Very High,1
CLM101801,40,2.6,Home,9617.67,31527.31,2,8,2.0,3,6,0.18,0,0,3.2780611104352717,8-30 days,High,0
CLM101802,54,1.1,Home,5870.76,52754.09,1,18,6.0,1,14,0.294,0,0,8.985904721024193,8-30 days,Very High,1
CLM101803,71,4.9,Personal,9155.51,56782.19,1,9,4.0,3,0,0.04,0,0,6.201969087467547,8-30 days,Very High,1
CLM101804,33,3.5,Home,24766.94,20043.53,1,20,2.0,1,14,0.025,0,0,0.8092856848686192,8-30 days,Medium,0
CLM101805,23,7.8,Motor,7818.07,13210.29,2,5,4.0,1,13,0.255,0,0,1.689712422631161,2-7 days,Low,0
CLM101806,25,1.7,Personal,5043.25,45456.83,1,21,1.0,1,12,0.424,0,0,9.013400089228176,8-30 days,High,1
CLM101807,42,11.3,Travel,4419.65,14721.27,0,5,6.0,1,23,0.083,0,0,3.330867828900479,2-7 days,Low,0
CLM101808,35,13.6,Personal,9861.09,17982.17,1,0,2.0,1,20,0.151,0,0,1.8235479039335407,0-1 days,Medium,0
CLM101809,42,11.2,Personal,20933.87,30263.25,0,21,4.0,1,13,0.264,1,0,1.4456595937588226,8-30 days,High,0
CLM101810,29,8.1,Motor,5665.22,23192.23,2,0,1.0,0,14,0.109,1,0,4.093791591500418,0-1 days,Medium,1
CLM101811,32,12.9,Motor,3223.06,4936.73,2,21,6.0,0,20,0.258,0,0,1.5316903811905456,8-30 days,Low,0
CLM101812,43,10.5,Motor,18327.92,11092.33,1,28,1.0,0,8,0.028,0,0,0.605214885267941,8-30 days,Low,0
CLM101813,58,0.4,Home,26374.05,59665.77,1,25,1.0,0,17,0.25,0,0,2.2622907744544354,8-30 days,Very High,0
CLM101814,62,6.0,Motor,11948.34,26344.2,0,30,6.0,1,5,0.143,0,0,2.2048418441390183,8-30 days,Medium,0
CLM101815,43,12.8,Travel,10317.23,48508.36,0,21,2.0,1,19,0.076,0,0,4.70168446375626,8-30 days,Very High,1
CLM101816,64,5.3,Motor,8759.1,15233.49,0,18,2.0,1,3,0.015,0,0,1.7391615576942836,8-30 days,Low,0
CLM101817,49,0.7,Motor,11548.15,12162.43,1,2,4.0,3,7,0.232,0,0,1.05319293566502,2-7 days,Low,0
CLM101818,27,11.2,Motor,11310.47,48122.39,0,5,6.0,2,18,0.397,0,1,4.254676419282311,2-7 days,Very High,1
CLM101819,33,12.1,Motor,9654.37,74036.4,1,1,6.0,2,10,0.03,0,0,7.6686930374535045,0-1 days,Very High,1
CLM101820,24,2.6,Home,5537.41,14551.33,2,14,6.0,1,7,0.343,0,0,2.6278223935016554,8-30 days,Low,0
CLM101821,34,8.2,Motor,9631.4,60071.19,0,11,3.0,1,9,0.247,1,0,6.2370153871711285,8-30 days,Very High,1
CLM101822,40,3.0,Motor,8131.78,13462.37,3,20,3.0,1,4,0.334,0,0,1.6555256044802,8-30 days,Low,0
CLM101823,43,10.8,Motor,5924.78,8202.88,2,9,5.0,2,1,0.155,0,0,1.384503728408481,8-30 days,Low,0
CLM101824,38,4.2,Travel,9621.29,43449.07,1,18,3.0,2,11,0.281,0,0,4.515929776568422,8-30 days,High,1
CLM101825,39,4.9,Travel,6829.68,13680.85,2,20,6.0,0,20,0.476,0,0,2.003146560307364,8-30 days,Low,0
CLM101826,75,12.7,Motor,8763.08,11297.15,0,29,3.0,1,19,0.211,0,0,1.2891757236040295,8-30 days,Low,0
CLM101827,24,7.2,Travel,10438.34,11482.37,0,12,4.0,4,5,0.024,1,0,1.1000187769319643,8-30 days,Low,0
CLM101828,31,10.1,Motor,11125.45,21570.58,0,2,2.0,1,10,0.412,0,0,1.938850113927976,2-7 days,Medium,0
CLM101829,32,6.2,Motor,6905.82,7820.38,1,17,3.0,3,18,0.265,0,0,1.1324332229916216,8-30 days,Low,0
CLM101830,70,4.6,Home,10409.75,43721.97,2,19,5.0,1,17,0.219,0,1,4.200097985062081,8-30 days,High,1
CLM101831,24,9.5,Motor,11559.38,40179.41,2,4,4.0,2,6,0.466,0,0,3.4759139331002187,2-7 days,High,0
CLM101832,26,2.5,Travel,13174.91,40153.1,0,21,1.0,2,16,0.405,1,0,3.0476944434535036,8-30 days,High,0
CLM101833,68,5.7,Motor,9749.87,69267.48,0,12,1.0,1,20,0.257,0,0,7.10445164909891,8-30 days,Very High,1
CLM101834,65,3.3,Personal,11161.53,57992.82,0,28,5.0,0,20,0.035,0,0,5.195776923056247,8-30 days,Very High,1
CLM101835,25,10.5,Motor,7031.75,14174.87,1,13,3.0,3,3,0.121,0,0,2.015838162619547,8-30 days,Low,0
CLM101836,67,14.2,Home,27103.97,46423.37,2,29,6.0,1,2,0.211,0,0,1.7127885693498037,8-30 days,High,0
CLM101837,40,14.9,Personal,8258.28,64433.02,0,29,1.0,3,3,0.176,0,0,7.80223242612263,8-30 days,Very High,1
CLM101838,46,6.9,Motor,14077.8,51564.44,2,14,2.0,0,13,0.104,0,0,3.662819474633821,8-30 days,Very High,0
CLM101839,35,3.9,Home,6827.95,54544.14,2,17,3.0,3,8,0.149,0,0,7.988362539268741,8-30 days,Very High,1
CLM101840,48,6.8,Motor,10061.39,25009.68,1,28,3.0,3,22,0.348,1,0,2.485708237132245,8-30 days,Medium,0
CLM101841,47,12.7,Home,9893.79,17220.19,1,13,3.0,1,17,0.213,0,0,1.7405049025701977,8-30 days,Low,0
CLM101842,69,3.2,Motor,10778.81,23483.13,0,18,1.0,0,17,0.105,0,0,2.178638458234258,8-30 days,Medium,0
CLM101843,56,14.3,Motor,5803.52,16581.94,0,2,1.0,2,15,0.285,1,1,2.8572211347595937,2-7 days,Low,0
CLM101844,52,5.3,Home,10128.12,59425.79,0,21,2.0,2,11,0.27,0,0,5.867405796929736,8-30 days,Very High,1
CLM101845,35,14.8,Motor,6839.9,32207.66,1,0,2.0,3,7,0.174,1,0,4.708791064196845,0-1 days,High,1
CLM101846,59,12.6,Home,12290.44,51935.41,1,22,6.0,1,8,0.003,1,0,4.22567540299615,8-30 days,Very High,1
CLM101847,56,12.2,Motor,5725.12,9446.28,0,28,5.0,0,17,0.161,0,0,1.6499706556369125,8-30 days,Low,0
CLM101848,34,4.9,Motor,9754.43,20032.44,0,23,6.0,0,5,0.178,0,0,2.0536761245915955,8-30 days,Medium,0
CLM101849,31,0.3,Home,8392.41,12978.23,0,6,3.0,0,13,0.321,0,0,1.5464246861151922,2-7 days,Low,0
CLM101850,48,5.9,Home,19585.19,8272.33,0,19,4.0,3,5,0.066,0,0,0.4223768061479108,8-30 days,Low,0
CLM101851,41,4.7,Motor,14056.3,35062.52,3,6,4.0,0,6,0.136,0,0,2.494434524021257,2-7 days,High,0
CLM101852,52,0.8,Motor,15763.39,12601.56,3,16,3.0,2,4,0.426,0,0,0.7994194142249859,8-30 days,Low,0
CLM101853,61,7.7,Motor,6006.65,21167.15,1,28,5.0,3,2,0.142,0,0,3.5239526191804087,8-30 days,Medium,0
CLM101854,62,6.2,Motor,7153.15,13512.02,2,14,6.0,0,9,0.175,0,0,1.8889608074764266,8-30 days,Low,0
CLM101855,51,9.6,Motor,8484.45,20627.02,0,12,2.0,2,15,0.472,0,0,2.431155820353706,8-30 days,Medium,0
CLM101856,20,9.4,Motor,14226.66,43546.71,3,23,1.0,2,10,0.037,0,0,3.06092294326286,8-30 days,High,0
CLM101857,54,2.0,Home,10067.38,13662.78,1,29,5.0,1,2,0.391,1,0,1.3571336335769586,8-30 days,Low,0
CLM101858,60,14.7,Home,6067.44,19923.89,0,25,5.0,1,14,0.119,0,0,3.283739105784318,8-30 days,Medium,0
CLM101859,57,3.0,Motor,6183.95,41616.79,1,14,3.0,1,11,0.215,0,0,6.729807000380016,8-30 days,High,1
CLM101860,43,6.8,Motor,14536.73,46685.22,0,25,2.0,0,21,0.227,0,0,3.2115351939535235,8-30 days,High,0
CLM101861,72,7.4,Motor,10214.61,20836.91,2,2,4.0,3,0,0.143,1,0,2.0399124391435404,2-7 days,Medium,0
CLM101862,40,12.2,Home,8703.05,34941.66,0,24,4.0,1,12,0.029,0,0,4.014875244885414,8-30 days,High,1
CLM101863,61,1.7,Personal,8384.56,51689.56,0,16,6.0,1,15,0.074,0,0,6.164850630205998,8-30 days,Very High,1
CLM101864,56,6.5,Home,12717.69,12674.92,3,15,3.0,1,23,0.147,0,0,0.9966369678770279,8-30 days,Low,0
CLM101865,32,9.5,Travel,5288.83,16394.31,4,21,4.0,0,6,0.055,1,0,3.0997990103671325,8-30 days,Low,0
CLM101866,73,3.4,Personal,8700.7,21153.78,1,0,5.0,2,6,0.179,0,0,2.4312733458227496,0-1 days,Medium,0
CLM101867,66,9.5,Motor,8937.86,39147.05,3,23,6.0,1,5,0.059,0,0,4.379913088815443,8-30 days,High,1
CLM101868,21,13.9,Motor,4852.08,32212.37,2,13,1.0,2,2,0.036,1,0,6.638878584029942,8-30 days,High,1
CLM101869,46,15.0,Home,7742.58,29390.25,2,2,2.0,0,11,0.073,1,0,3.7959246142758616,2-7 days,High,0
CLM101870,39,0.7,Motor,23783.74,12951.19,0,19,1.0,0,8,0.45,0,0,0.5445396729025797,8-30 days,Low,0
CLM101871,42,3.7,Home,5837.56,53805.58,0,27,4.0,4,10,0.164,0,0,9.217135241436491,8-30 days,Very High,1
CLM101872,30,4.8,Travel,8996.04,19259.58,0,21,1.0,3,5,0.072,0,0,2.1408953272773354,8-30 days,Medium,0
CLM101873,35,6.1,Travel,3337.95,22926.47,0,3,5.0,2,11,0.023,0,0,6.868428226905737,2-7 days,Medium,1
CLM101874,50,3.8,Motor,7984.93,32417.05,1,29,3.0,1,15,0.093,0,0,4.059778858424557,8-30 days,High,1
CLM101875,33,3.2,Home,5241.45,122970.92,1,23,1.0,1,21,0.118,1,0,23.461240687214417,8-30 days,Very High,1
CLM101876,62,14.3,Home,7255.41,17311.43,1,8,6.0,1,21,0.084,0,0,2.3860029963847667,8-30 days,Medium,0
CLM101877,59,13.8,Travel,10296.88,16675.52,1,20,1.0,3,21,0.293,0,0,1.6194730831086699,8-30 days,Low,0
CLM101878,61,0.9,Travel,5121.62,21142.43,1,0,1.0,1,5,0.077,0,0,4.1280747107360565,0-1 days,Medium,1
CLM101879,19,5.2,Personal,9473.82,66881.25,1,23,6.0,1,11,0.279,0,0,7.059586312596187,8-30 days,Very High,1
CLM101880,72,6.2,Motor,5984.47,31316.35,1,13,4.0,2,3,0.327,0,0,5.232936249993734,8-30 days,High,1
CLM101881,52,3.7,Motor,4660.45,37118.77,0,12,1.0,2,17,0.283,0,0,7.964632170713128,8-30 days,High,1
CLM101882,59,9.5,Motor,13227.3,51282.44,0,14,2.0,0,16,0.185,0,0,3.8770149614811795,8-30 days,Very High,0
CLM101883,51,9.7,Motor,5514.78,65222.73,1,17,5.0,2,7,0.368,0,0,11.826896086516598,8-30 days,Very High,1
CLM101884,47,12.8,Personal,7024.04,16943.32,0,15,2.0,2,12,0.36,0,0,2.4121901355914828,8-30 days,Low,0
CLM101885,72,11.2,Personal,6574.73,41442.19,1,5,2.0,1,4,0.067,0,0,6.303253517634945,2-7 days,High,1
CLM101886,30,8.2,Motor,9371.41,66467.25,1,21,4.0,2,2,0.041,0,0,7.0925559761017825,8-30 days,Very High,1
CLM101887,30,9.9,Motor,8624.46,32674.78,2,15,1.0,1,18,0.109,1,0,3.7886174902544627,8-30 days,High,0
CLM101888,35,4.3,Motor,7890.91,15150.25,0,10,5.0,1,4,0.13,0,0,1.919962336409869,8-30 days,Low,0
CLM101889,49,9.0,Personal,6178.87,13080.82,2,6,5.0,3,17,0.367,0,0,2.117024633954105,2-7 days,Low,0
CLM101890,49,7.4,Motor,7543.45,39292.7,1,27,5.0,2,5,0.308,0,0,5.208850061974295,8-30 days,High,1
CLM101891,52,2.2,Motor,9701.64,11792.76,4,8,1.0,1,8,0.202,0,0,1.2155429391319408,8-30 days,Low,0
CLM101892,56,3.8,Motor,8963.12,15216.75,2,0,5.0,4,16,0.207,0,0,1.6977068253019036,0-1 days,Low,0
CLM101893,63,4.5,Motor,14081.51,19391.21,0,9,5.0,3,10,0.005,0,0,1.3770689364989976,8-30 days,Medium,0
CLM101894,69,13.9,Personal,11982.18,34554.18,0,28,3.0,0,14,0.356,0,0,2.883797439197208,8-30 days,High,0
CLM101895,46,3.6,Motor,13984.86,43373.34,2,27,3.0,0,18,0.209,0,0,3.1014497106156225,8-30 days,High,0
CLM101896,66,4.5,Motor,15628.56,16439.58,0,7,5.0,2,15,0.012,0,0,1.0518934565948497,2-7 days,Low,0
CLM101897,46,5.7,Motor,9246.59,10587.49,0,10,6.0,3,0,0.089,0,0,1.1450156219752363,8-30 days,Low,0
CLM101898,70,10.0,Home,12480.85,51645.42,0,4,2.0,5,14,0.023,0,0,4.137972974597083,2-7 days,Very High,1
CLM101899,61,1.9,Home,9886.08,46475.19,3,28,6.0,2,20,0.192,0,0,4.701073630802098,8-30 days,High,1
CLM101900,74,14.3,Motor,15442.28,39815.13,1,5,1.0,0,4,0.227,0,0,2.578319393250219,2-7 days,High,0
CLM101901,33,13.0,Motor,3858.89,37101.64,4,23,2.0,1,19,0.007,0,0,9.614588651140613,8-30 days,High,1
CLM101902,73,8.7,Personal,7374.76,20785.26,1,23,2.0,0,4,0.257,0,0,2.818432057450005,8-30 days,Medium,0
CLM101903,61,10.2,Motor,10222.58,24507.93,0,11,1.0,0,15,0.11,0,0,2.397430981220005,8-30 days,Medium,0
CLM101904,64,0.4,Home,10985.2,29638.93,0,10,1.0,5,7,0.104,0,0,2.6980783235626116,8-30 days,High,0
CLM101905,74,5.2,Motor,8432.8,14879.96,1,6,4.0,0,23,0.079,0,0,1.7645337254529931,2-7 days,Low,0
CLM101906,27,12.0,Motor,4022.65,37329.89,1,6,4.0,1,5,0.164,0,0,9.279924925111555,2-7 days,High,1
CLM101907,47,1.3,Home,7847.27,30618.79,0,11,4.0,0,11,0.33,0,0,3.901839748090737,8-30 days,High,0
CLM101908,42,4.4,Personal,12272.47,25296.49,2,11,5.0,0,3,0.253,1,0,2.0612386911518223,8-30 days,Medium,0
CLM101909,56,8.9,Home,7374.46,55511.24,2,0,6.0,2,15,0.247,1,1,7.527498962635908,0-1 days,Very High,1
CLM101910,37,4.0,Motor,8861.29,25956.43,1,23,5.0,2,10,0.295,0,0,2.929193153592761,8-30 days,Medium,0
CLM101911,22,14.0,Motor,20136.08,45921.09,0,18,5.0,1,12,0.088,0,0,2.280537721343975,8-30 days,High,0
CLM101912,18,2.1,Motor,7814.42,11480.98,2,20,6.0,0,19,0.379,0,0,1.469204368334438,8-30 days,Low,0
CLM101913,47,12.0,Home,7918.84,52581.37,2,3,4.0,1,14,0.38,0,0,6.640034398977628,2-7 days,Very High,1
CLM101914,66,7.7,Home,9276.13,44050.54,2,25,6.0,1,20,0.082,0,0,4.748805805869474,8-30 days,High,1
CLM101915,20,11.3,Motor,9458.92,141679.57,2,18,1.0,1,4,0.299,1,0,14.978408740109865,8-30 days,Very High,1
CLM101916,62,4.8,Home,9030.83,93026.3,3,25,5.0,3,12,0.393,1,1,10.300969013922309,8-30 days,Very High,1
CLM101917,31,7.8,Home,10145.26,56512.97,4,20,1.0,1,1,0.26,0,0,5.570381636350374,8-30 days,Very High,1
CLM101918,73,12.9,Motor,4975.55,18692.54,0,18,6.0,4,11,0.241,0,0,3.7568791389896594,8-30 days,Medium,0
CLM101919,47,7.1,Home,8048.81,14414.89,0,24,4.0,0,5,0.108,0,0,1.7909343120287344,8-30 days,Low,0
CLM101920,67,5.5,Motor,4890.51,16255.82,2,10,1.0,1,22,0.084,0,0,3.323951898677234,8-30 days,Low,0
CLM101921,21,8.1,Motor,8716.79,41030.55,1,28,5.0,3,2,0.111,0,0,4.7070710662984885,8-30 days,High,1
CLM101922,35,10.8,Personal,11157.65,73912.54,0,8,1.0,3,9,0.201,0,0,6.624382374424722,8-30 days,Very High,1
CLM101923,54,6.8,Motor,7985.7,11291.21,0,12,4.0,3,19,0.163,0,0,1.4139286474573298,8-30 days,Low,0
CLM101924,42,14.1,Motor,5551.06,14874.42,3,21,5.0,3,3,0.149,1,0,2.6795639031103966,8-30 days,Low,0
CLM101925,65,4.6,Home,7001.7,28710.43,1,18,5.0,0,9,0.048,0,0,4.1004941657026155,8-30 days,High,1
CLM101926,18,7.2,Personal,19115.9,11947.83,1,4,4.0,0,6,0.099,0,0,0.6250205326455986,2-7 days,Low,0
CLM101927,70,11.4,Personal,16320.63,20391.04,0,10,2.0,2,17,0.206,0,0,1.2494027497713018,8-30 days,Medium,0
CLM101928,63,10.4,Home,6659.66,71220.19,2,23,3.0,1,20,0.32,0,1,10.694268175852821,8-30 days,Very High,1
CLM101929,32,13.0,Motor,6644.78,48100.76,0,24,4.0,3,21,0.062,0,0,7.238879240546716,8-30 days,Very High,1
CLM101930,26,15.0,Personal,8093.93,52161.96,0,2,6.0,5,13,0.466,0,0,6.444577603216237,2-7 days,Very High,1
CLM101931,32,6.5,Home,14848.84,13380.94,0,4,1.0,0,17,0.037,0,0,0.901143793050501,2-7 days,Low,0
CLM101932,66,1.8,Motor,3865.67,7559.21,2,12,2.0,1,0,0.041,0,0,1.9554721432507172,8-30 days,Low,0
CLM101933,74,0.7,Personal,6620.95,20296.23,0,29,4.0,1,22,0.345,0,0,3.065455863584531,8-30 days,Medium,0
CLM101934,41,11.0,Motor,10228.31,4886.61,0,30,3.0,2,23,0.14,0,0,0.4777534118539622,8-30 days,Low,0
CLM101935,21,13.1,Motor,9710.54,39316.79,1,13,5.0,2,20,0.209,0,0,4.0488778172995525,8-30 days,High,1
CLM101936,29,3.5,Personal,7012.01,49044.73,1,12,6.0,0,20,0.102,0,0,6.9943896257991645,8-30 days,Very High,1
CLM101937,75,2.5,Home,7587.75,15532.87,1,1,3.0,3,16,0.12,0,1,2.0470982834173506,0-1 days,Low,0
CLM101938,54,1.1,Motor,9865.05,43327.1,0,1,3.0,1,2,0.236,0,0,4.391979766955059,0-1 days,High,1
CLM101939,54,12.4,Motor,7066.66,43151.84,0,17,6.0,0,14,0.383,0,0,6.10639821358322,8-30 days,High,1
CLM101940,60,4.8,Home,5267.29,12077.29,2,27,4.0,2,13,0.202,0,0,2.292884956021028,8-30 days,Low,0
CLM101941,23,6.1,Motor,7819.61,20745.3,1,5,5.0,1,6,0.249,1,0,2.652983972346447,2-7 days,Medium,0
CLM101942,56,7.6,Motor,9256.04,19713.62,0,18,5.0,1,9,0.337,0,0,2.1298114528459253,8-30 days,Medium,0
CLM101943,73,12.6,Home,3267.63,56363.04,2,9,3.0,2,7,0.106,1,0,17.248905169801965,8-30 days,Very High,1
CLM101944,63,9.8,Personal,10140.8,48495.86,2,20,4.0,3,10,0.023,0,0,4.782251893341749,8-30 days,Very High,1
CLM101945,41,9.3,Home,13176.64,43009.72,1,7,5.0,2,4,0.016,0,0,3.2640885688612578,2-7 days,High,0
CLM101946,28,2.8,Travel,7237.68,18380.46,2,4,5.0,2,2,0.038,0,0,2.5395513479457503,2-7 days,Medium,0
CLM101947,30,7.8,Travel,7297.01,77982.72,3,1,1.0,2,19,0.013,0,0,10.686941637739293,0-1 days,Very High,1
CLM101948,51,10.8,Home,6096.89,32076.06,1,5,3.0,3,8,0.356,0,0,5.261052766246397,2-7 days,High,1
CLM101949,42,14.6,Motor,7936.67,40604.64,0,17,2.0,1,18,0.121,0,0,5.116080169642935,8-30 days,High,1
CLM101950,24,3.2,Personal,6612.02,102531.98,0,28,3.0,3,6,0.275,0,0,15.50690711764332,8-30 days,Very High,1
CLM101951,69,0.3,Motor,16305.27,46015.59,2,7,4.0,3,0,0.016,1,0,2.822129900332837,2-7 days,High,0
CLM101952,21,1.3,Motor,8990.24,25594.43,1,1,6.0,3,9,0.467,0,0,2.846912874406023,0-1 days,Medium,0
CLM101953,25,5.8,Motor,3233.89,19272.23,3,22,6.0,3,11,0.244,1,0,5.959457495462122,8-30 days,Medium,1
CLM101954,37,12.3,Travel,10988.03,7627.74,1,29,5.0,4,14,0.04,0,0,0.6941863100118947,8-30 days,Low,0
CLM101955,46,0.3,Motor,18424.46,8648.68,1,19,5.0,1,20,0.093,0,0,0.4694129434458324,8-30 days,Low,0
CLM101956,71,7.0,Motor,10688.27,53199.56,4,3,1.0,1,21,0.167,0,0,4.977378004111048,2-7 days,Very High,1
CLM101957,70,5.1,Home,14520.68,6361.7,1,14,5.0,1,10,0.282,0,0,0.4381130911224543,8-30 days,Low,0
CLM101958,68,1.0,Personal,11528.22,59780.15,0,29,5.0,1,5,0.234,0,0,5.1855490266493875,8-30 days,Very High,1
CLM101959,62,6.9,Home,13276.68,51149.34,3,23,6.0,1,2,0.178,0,0,3.8525700702284,8-30 days,Very High,0
CLM101960,63,4.0,Motor,12988.94,14635.77,1,19,2.0,0,8,0.067,1,0,1.126787097330498,8-30 days,Low,0
CLM101961,27,5.4,Motor,13056.09,32084.98,1,23,3.0,2,16,0.134,0,0,2.457472336664346,8-30 days,High,0
CLM101962,60,10.6,Home,9801.84,43135.69,1,8,5.0,0,22,0.395,0,0,4.40077475249545,8-30 days,High,1
CLM101963,51,7.9,Motor,3928.67,29999.35,3,23,4.0,1,18,0.52,0,0,7.636006587471077,8-30 days,High,1
CLM101964,74,2.0,Home,5206.39,70500.67,0,19,2.0,0,1,0.356,1,0,13.541181125501545,8-30 days,Very High,1
CLM101965,43,14.4,Motor,5249.52,9856.51,1,20,2.0,2,20,0.027,0,0,1.877602142672092,8-30 days,Low,0
CLM101966,58,9.6,Personal,2727.94,40867.25,1,5,1.0,0,4,0.186,0,1,14.98099298371665,2-7 days,High,1
CLM101967,66,11.5,Motor,6989.59,17734.61,3,30,4.0,0,17,0.127,0,0,2.537289025536548,8-30 days,Medium,0
CLM101968,75,1.4,Motor,16071.2,7603.53,0,8,2.0,1,11,0.181,0,0,0.4731152620837274,8-30 days,Low,0
CLM101969,20,0.9,Personal,4453.53,11728.65,3,12,3.0,2,23,0.022,0,0,2.6335625896760546,8-30 days,Low,0
CLM101970,73,0.5,Motor,11795.29,18893.92,2,4,4.0,2,14,0.198,0,0,1.601819031155656,2-7 days,Medium,0
CLM101971,23,3.0,Motor,10785.07,28492.63,1,13,3.0,3,13,0.054,0,0,2.6418586063882756,8-30 days,High,0
CLM101972,22,6.3,Personal,9426.76,14244.77,0,13,1.0,1,1,0.4,0,0,1.5110992536141792,8-30 days,Low,0
CLM101973,22,14.1,Motor,14472.17,19156.32,0,17,1.0,2,23,0.587,0,0,1.3236660431711347,8-30 days,Medium,0
CLM101974,71,7.0,Motor,8343.43,20805.72,1,6,5.0,2,21,0.18,0,0,2.493665075394652,2-7 days,Medium,0
CLM101975,64,4.5,Motor,16856.77,14476.72,0,5,3.0,1,9,0.256,0,0,0.858807470233028,2-7 days,Low,0
CLM101976,40,8.5,Motor,7770.19,18307.06,0,26,6.0,1,19,0.131,0,0,2.356063365245895,8-30 days,Medium,0
CLM101977,66,1.9,Motor,9920.27,43031.0,3,11,3.0,1,2,0.199,0,0,4.337684357381402,8-30 days,High,1
CLM101978,26,9.2,Travel,7975.27,96440.4,0,13,1.0,4,8,0.085,0,0,12.09243072648324,8-30 days,Very High,1
CLM101979,52,8.6,Home,5608.91,32735.32,1,18,6.0,2,14,0.23,1,0,5.83630687602404,8-30 days,High,1
CLM101980,37,11.9,Motor,4637.16,30905.32,1,15,3.0,0,21,0.244,0,0,6.664708571625736,8-30 days,High,1
CLM101981,75,14.8,Motor,11011.33,26361.94,1,23,4.0,2,20,0.228,1,0,2.3940741036732165,8-30 days,Medium,0
CLM101982,66,3.9,Personal,15585.57,20884.95,4,18,5.0,3,2,0.299,0,0,1.3400183631397504,8-30 days,Medium,0
CLM101983,59,7.7,Personal,9487.13,43121.99,0,9,5.0,1,18,0.122,0,0,4.545314547181287,8-30 days,High,1
CLM101984,52,13.7,Motor,10711.78,58532.41,1,10,4.0,4,5,0.61,0,0,5.4643028516269005,8-30 days,Very High,1
CLM101985,67,11.8,Travel,4223.32,11716.26,3,3,2.0,0,19,0.076,0,0,2.774182396787362,2-7 days,Low,0
CLM101986,35,7.4,Travel,10109.06,61002.64,1,24,6.0,2,3,0.074,0,1,6.034452263613036,8-30 days,Very High,1
CLM101987,34,14.2,Motor,3334.27,94755.03,3,28,6.0,3,10,0.223,0,0,28.418523394926027,8-30 days,Very High,1
CLM101988,41,1.0,Motor,4963.22,13150.93,3,19,3.0,2,7,0.301,0,0,2.649677024189941,8-30 days,Low,0
CLM101989,20,14.0,Motor,15494.0,55852.76,0,1,2.0,2,17,0.278,0,0,3.604799277139538,0-1 days,Very High,0
CLM101990,49,0.9,Personal,8552.37,95463.03,5,8,2.0,1,21,0.125,0,0,11.162172590755544,8-30 days,Very High,1
CLM101991,52,8.3,Travel,8914.62,47899.36,3,9,3.0,2,12,0.06,0,0,5.373124148870058,8-30 days,Very High,1
CLM101992,55,13.4,Home,10905.6,24538.23,2,7,6.0,0,14,0.05,0,0,2.2500577684859153,2-7 days,Medium,0
CLM101993,30,4.1,Motor,12173.05,50215.51,1,30,1.0,0,15,0.19,0,0,4.125137907098058,8-30 days,Very High,1
CLM101994,73,7.2,Home,7524.72,15223.12,1,3,3.0,0,2,0.463,0,0,2.023081257508585,2-7 days,Low,0
CLM101995,64,5.0,Travel,9697.61,22149.09,0,12,1.0,2,4,0.297,0,0,2.283974092585699,8-30 days,Medium,0
CLM101996,42,14.3,Personal,8238.23,16162.93,1,26,4.0,0,6,0.058,0,0,1.9619420676528818,8-30 days,Low,0
CLM101997,26,12.4,Motor,4265.98,10194.05,1,5,1.0,2,0,0.498,0,0,2.3896150474216946,2-7 days,Low,0
CLM101998,21,10.7,Home,7246.64,28885.45,1,5,2.0,1,7,0.063,0,0,3.986047326761092,2-7 days,High,0
CLM101999,31,8.9,Motor,10236.27,35171.6,0,26,2.0,1,5,0.355,0,0,3.4359781443826702,8-30 days,High,0
CLM102000,54,12.3,Travel,7147.94,46014.96,2,1,2.0,1,3,0.098,0,0,6.437513465418009,0-1 days,High,1
CLM102001,51,6.0,Home,7177.19,973.67,0,8,6.0,3,10,0.143,0,0,0.13566172833657741,8-30 days,Low,0
CLM102002,28,6.8,Motor,12086.1,32111.9,2,5,6.0,0,5,0.01,1,0,2.656928206782999,2-7 days,High,0
CLM102003,58,11.0,Travel,9139.17,29705.9,0,4,1.0,1,17,0.512,0,0,3.250393635308239,2-7 days,High,0
CLM102004,73,5.5,Motor,9958.34,12356.15,0,1,2.0,0,19,0.069,1,0,1.2407841065880458,0-1 days,Low,0
CLM102005,20,1.1,Personal,4091.62,20063.15,2,28,5.0,0,23,0.017,0,0,4.903473440837615,8-30 days,Medium,1
CLM102006,45,1.3,Motor,10400.05,49299.89,1,13,3.0,1,19,0.254,0,0,4.740351248311306,8-30 days,Very High,1
CLM102007,46,1.9,Home,5161.71,30121.94,1,9,2.0,3,20,0.14,0,0,5.8356513635984975,8-30 days,High,1
CLM102008,26,13.1,Personal,8406.72,27629.65,0,30,6.0,1,1,0.524,0,0,3.2866147558143965,8-30 days,Medium,0
CLM102009,20,7.2,Motor,5267.86,54701.81,1,14,3.0,0,18,0.229,0,0,10.384066774743445,8-30 days,Very High,1
CLM102010,42,10.8,Home,12934.3,158909.32,0,16,2.0,4,18,0.19,0,1,12.285884817887323,8-30 days,Very High,1
CLM102011,51,6.0,Motor,19363.5,23342.47,1,6,1.0,3,17,0.295,0,0,1.205488160714747,2-7 days,Medium,0
CLM102012,29,4.0,Motor,7953.86,33692.77,1,19,3.0,1,23,0.145,0,0,4.236027538830203,8-30 days,High,1
CLM102013,59,5.3,Home,7920.59,14346.6,2,10,1.0,1,10,0.218,0,0,1.8113044609050588,8-30 days,Low,0
CLM102014,26,12.0,Travel,13516.4,139880.6,2,12,3.0,3,2,0.046,0,0,10.348953863454767,8-30 days,Very High,1
CLM102015,32,9.5,Personal,10994.72,18677.95,2,22,2.0,0,10,0.081,1,0,1.698810883769664,8-30 days,Medium,0
CLM102016,57,14.1,Personal,8231.67,7215.89,1,20,6.0,2,0,0.034,0,0,0.8766009813318562,8-30 days,Low,0
CLM102017,42,10.3,Home,10031.81,44636.03,1,16,5.0,4,1,0.242,1,0,4.449449301771066,8-30 days,High,1
CLM102018,22,8.6,Travel,21189.0,8369.35,1,4,2.0,5,23,0.074,0,0,0.39498560573882674,2-7 days,Low,0
CLM102019,28,9.2,Travel,6282.23,73956.44,0,11,3.0,2,0,0.305,0,0,11.772322885344854,8-30 days,Very High,1
CLM102020,51,14.1,Home,6530.07,43561.54,1,3,6.0,1,0,0.042,0,0,6.670914706886757,2-7 days,High,1
CLM102021,41,11.9,Motor,12154.05,12952.24,1,0,4.0,2,12,0.025,0,0,1.0656727592859994,0-1 days,Low,0
CLM102022,32,0.6,Motor,21991.62,46299.84,0,9,4.0,1,0,0.218,0,1,2.1053401250112542,8-30 days,High,0
CLM102023,55,8.1,Personal,9205.61,21798.66,1,1,4.0,2,9,0.202,0,0,2.367975614869628,0-1 days,Medium,0
CLM102024,25,10.4,Home,3938.36,38562.93,3,12,2.0,2,12,0.317,1,0,9.791621385551347,8-30 days,High,1
CLM102025,22,11.3,Travel,10132.4,10710.14,1,30,1.0,1,7,0.009,0,0,1.057019067545695,8-30 days,Low,0
CLM102026,65,3.4,Motor,6711.61,10227.43,0,12,5.0,3,21,0.066,0,0,1.5238415223768962,8-30 days,Low,0
CLM102027,43,13.0,Personal,10531.17,35538.15,2,24,6.0,1,6,0.375,0,0,3.3745680679354715,8-30 days,High,0
CLM102028,35,14.3,Motor,4610.65,115021.22,2,30,5.0,0,19,0.037,0,0,24.946855649420367,8-30 days,Very High,1
CLM102029,23,3.7,Home,4375.24,17259.34,0,11,6.0,1,11,0.313,0,0,3.9447756008813233,8-30 days,Low,0
CLM102030,54,13.3,Motor,7437.05,28465.055,1,0,2.0,2,7,0.196,0,0,3.8274658634808154,0-1 days,Medium,0
CLM102031,65,1.6,Motor,17878.14,21718.53,0,9,3.0,3,12,0.271,1,0,1.2148092586812722,8-30 days,Medium,0
CLM102032,30,1.0,Travel,4585.22,10377.82,1,19,2.0,4,1,0.178,0,0,2.2633199715607972,8-30 days,Low,0
CLM102033,45,2.1,Personal,7358.9,42385.61,1,23,4.0,0,8,0.245,0,0,5.759775238147006,8-30 days,High,1
CLM102034,22,1.1,Motor,4398.9,55076.68,0,4,3.0,1,19,0.303,0,0,12.520557412080294,2-7 days,Very High,1
CLM102035,30,12.7,Motor,9684.33,40199.91,0,9,5.0,1,16,0.332,0,0,4.15102645201062,8-30 days,High,1
CLM102036,34,1.1,Motor,9390.92,24652.63,1,6,2.0,4,17,0.254,1,0,2.6251560017548865,2-7 days,Medium,0
CLM102037,67,4.2,Motor,4478.58,12982.29,2,14,1.0,2,23,0.314,0,0,2.898751389949493,8-30 days,Low,0
CLM102038,57,1.7,Motor,15173.41,131588.3,0,26,3.0,2,15,0.36,1,0,8.672295812213601,8-30 days,Very High,1
CLM102039,62,4.6,Travel,3578.96,28465.055,1,17,5.0,0,8,0.384,0,0,7.953443179024074,8-30 days,Medium,1
CLM102040,49,1.5,Personal,17278.62,14459.33,0,19,3.0,2,4,0.263,1,0,0.8368336128695464,8-30 days,Low,0
CLM102041,46,10.1,Motor,15777.38,7303.23,0,3,4.0,1,19,0.028,0,0,0.46289244475318464,2-7 days,Low,0
CLM102042,68,2.2,Home,9753.97,9639.61,1,0,1.0,5,15,0.14,0,0,0.9882755431890811,0-1 days,Low,0
CLM102043,75,12.8,Motor,12721.79,36394.47,2,27,1.0,1,12,0.164,0,0,2.8607978908628424,8-30 days,High,0
CLM102044,20,12.3,Motor,7845.32,20330.46,1,7,2.0,1,22,0.071,0,0,2.5914124599124064,2-7 days,Medium,0
CLM102045,73,0.4,Motor,4249.92,14647.81,0,10,6.0,2,1,0.003,0,0,3.44660840674648,8-30 days,Low,0
CLM102046,57,13.5,Home,9454.44,15392.09,1,2,5.0,0,22,0.328,0,0,1.6280276780010239,2-7 days,Low,0
CLM102047,51,0.6,Motor,4191.9,19046.57,0,30,1.0,0,11,0.228,0,0,4.543660392662039,8-30 days,Medium,1
CLM102048,57,3.7,Motor,8458.49,17011.94,0,27,2.0,1,8,0.073,1,0,2.0112265900887745,8-30 days,Low,0
CLM102049,44,0.7,Motor,4871.91,80174.45,0,28,3.0,4,1,0.186,1,0,16.456471897058854,8-30 days,Very High,1
CLM102050,30,5.2,Motor,13183.98,21183.76,0,11,6.0,0,11,0.228,0,0,1.6067803500915505,8-30 days,Medium,0
CLM102051,62,7.8,Motor,10085.94,31235.19,1,12,1.0,4,23,0.005,0,0,3.096904205259995,8-30 days,High,0
CLM102052,50,12.0,Personal,11534.05,29271.36,1,19,5.0,0,21,0.052,0,0,2.537821493751111,8-30 days,High,0
CLM102053,23,5.2,Travel,9906.57,30026.31,2,17,2.0,1,5,0.13,0,0,3.0309491579830357,8-30 days,High,0
CLM102054,41,10.6,Personal,19814.86,21205.06,0,11,3.0,1,12,0.155,0,0,1.0701594661784135,8-30 days,Medium,0
CLM102055,36,3.0,Motor,13465.7,19619.18,2,9,2.0,0,15,0.075,0,0,1.4569743867752882,8-30 days,Medium,0
CLM102056,33,11.3,Motor,18296.25,45355.8,2,20,4.0,1,19,0.299,0,0,2.4789670014347203,8-30 days,High,0
CLM102057,57,3.7,Motor,5669.17,33014.89,1,27,5.0,2,7,0.185,0,0,5.823584404771774,8-30 days,High,1
CLM102058,45,2.3,Motor,6658.56,15852.11,1,20,5.0,3,6,0.14,0,0,2.3807114451172624,8-30 days,Low,0
CLM102059,50,2.9,Travel,2856.44,3278.27,0,14,6.0,3,14,0.066,0,0,1.147676828499811,8-30 days,Low,0
CLM102060,65,2.9,Motor,7124.16,17760.68,2,2,1.0,1,4,0.018,1,0,2.4930209315905314,2-7 days,Medium,0
CLM102061,58,7.8,Motor,8365.11,10094.15,2,29,6.0,1,20,0.183,1,0,1.2066966244317168,8-30 days,Low,0
CLM102062,30,12.7,Home,10334.69,14009.7,3,23,2.0,4,17,0.205,0,0,1.3555994422667734,8-30 days,Low,0
CLM102063,60,1.4,Motor,6693.53,10387.55,0,14,3.0,2,20,0.495,0,0,1.5518792027525088,8-30 days,Low,0
CLM102064,62,10.7,Personal,11839.56,66811.48,2,16,1.0,1,18,0.51,0,0,5.643071195213335,8-30 days,Very High,1
CLM102065,42,9.9,Motor,11472.13,66458.08,0,28,5.0,4,12,0.095,0,0,5.7930026943558,8-30 days,Very High,1
CLM102066,70,13.1,Home,6868.59,49438.44,0,15,2.0,2,22,0.027,0,0,7.197756744834093,8-30 days,Very High,1
CLM102067,59,3.8,Motor,5522.17,21797.8,2,1,3.0,3,15,0.023,0,0,3.9473250551866386,0-1 days,Medium,0
CLM102068,53,6.9,Personal,8755.87,16992.61,1,0,6.0,1,12,0.194,0,0,1.9407106318389833,0-1 days,Low,0
CLM102069,44,13.9,Motor,8888.53,9128.07,0,21,5.0,1,13,0.02,0,0,1.026949338079525,8-30 days,Low,0
CLM102070,55,10.0,Home,6466.17,55589.87,1,30,3.0,0,15,0.041,1,0,8.597031936988975,8-30 days,Very High,1
CLM102071,24,6.0,Motor,7564.17,53713.88,0,3,6.0,1,21,0.062,0,0,7.101093708893375,2-7 days,Very High,1
CLM102072,22,2.1,Travel,4490.79,40519.61,0,25,2.0,2,11,0.082,0,0,9.022824491904542,8-30 days,High,1
CLM102073,60,4.1,Motor,11535.32,12191.81,0,16,3.0,2,11,0.062,0,0,1.0569112950485986,8-30 days,Low,0
CLM102074,62,8.8,Motor,11619.63,21745.67,0,6,1.0,0,10,0.079,0,0,1.8714597624881344,2-7 days,Medium,0
CLM102075,75,10.8,Personal,8689.46,25600.05,2,24,1.0,0,22,0.165,1,0,2.946103670423709,8-30 days,Medium,0
CLM102076,74,2.0,Personal,11995.63,7441.06,1,4,2.0,0,22,0.163,0,0,0.6203142310991587,2-7 days,Low,0
CLM102077,68,9.1,Motor,9016.77,81762.97,0,22,6.0,2,6,0.394,1,0,9.067877965169345,8-30 days,Very High,1
CLM102078,48,8.3,Personal,17590.97,10159.57,3,3,5.0,1,3,0.019,1,0,0.5775446152201953,2-7 days,Low,0
CLM102079,40,7.8,Motor,4743.06,15603.45,0,19,4.0,4,5,0.264,0,0,3.2897433302551518,8-30 days,Low,0
CLM102080,59,10.4,Personal,9307.98,7413.56,1,19,4.0,3,22,0.466,0,1,0.7964735635443996,8-30 days,Low,0
CLM102081,27,12.6,Home,12763.29,24035.54,1,28,4.0,2,13,0.053,0,0,1.8831774565962225,8-30 days,Medium,0
CLM102082,49,5.0,Home,16635.04,23238.33,1,4,5.0,1,13,0.006,1,0,1.3969506535601959,2-7 days,Medium,0
CLM102083,60,13.4,Personal,12142.66,58400.25,2,7,1.0,1,11,0.021,0,0,4.809510436757679,2-7 days,Very High,1
CLM102084,70,2.6,Personal,5327.99,13756.75,1,19,1.0,2,14,0.252,0,0,2.5819774436513585,8-30 days,Low,0
CLM102085,47,2.8,Motor,4036.16,12406.41,0,22,6.0,2,10,0.245,0,0,3.073815210497106,8-30 days,Low,0
CLM102086,56,4.1,Travel,7874.44,29735.21,0,8,6.0,3,3,0.333,0,0,3.7761682100568423,8-30 days,High,0
CLM102087,48,2.0,Motor,10002.54,5903.92,0,5,1.0,1,10,0.193,1,0,0.5902420785120579,2-7 days,Low,0
CLM102088,35,3.6,Personal,13003.22,76006.54,0,3,6.0,1,11,0.468,0,0,5.845209109743586,2-7 days,Very High,1
CLM102089,53,1.8,Home,5191.93,10391.36,2,4,2.0,1,19,0.267,0,0,2.0014445495220468,2-7 days,Low,0
CLM102090,19,12.4,Motor,11188.63,109393.61,2,7,6.0,1,7,0.381,0,0,9.777212223480445,2-7 days,Very High,1
CLM102091,31,2.3,Home,2547.55,15458.68,1,19,1.0,4,23,0.205,0,0,6.068057545484877,8-30 days,Low,1
CLM102092,30,11.3,Home,6093.93,9602.7,0,12,6.0,3,17,0.118,0,0,1.5757811461569136,8-30 days,Low,0
CLM102093,46,0.9,Home,12518.29,43359.04,3,3,1.0,1,5,0.152,0,0,3.4636551797410027,2-7 days,High,0
CLM102094,29,14.2,Motor,4972.99,41526.68,1,6,1.0,2,8,0.4,1,0,8.350445104454263,2-7 days,High,1
CLM102095,56,10.7,Motor,5173.01,42288.58,0,21,4.0,2,23,0.307,0,0,8.174849845641125,8-30 days,High,1
CLM102096,19,0.3,Travel,6710.18,30194.09,0,0,3.0,3,16,0.297,1,0,4.499743673046028,0-1 days,High,1
CLM102097,49,11.5,Motor,9204.69,150204.24,2,30,1.0,2,4,0.339,0,0,16.31822907669894,8-30 days,Very High,1
CLM102098,30,7.8,Motor,5145.91,10176.41,0,8,3.0,0,15,0.222,0,0,1.9775724798917975,8-30 days,Low,0
CLM102099,63,11.7,Home,8377.41,77742.19,1,28,6.0,3,12,0.63,0,0,9.27997913436253,8-30 days,Very High,1
CLM102100,44,7.9,Motor,6997.73,8377.3,1,4,1.0,1,12,0.144,0,0,1.1971453599953128,2-7 days,Low,0
CLM102101,66,9.7,Home,14312.53,96652.89,3,9,4.0,2,20,0.197,0,0,6.753026194530247,8-30 days,Very High,1
CLM102102,58,11.8,Home,6837.11,28465.055,1,10,4.0,2,8,0.108,0,0,4.163316810757762,8-30 days,Medium,1
CLM102103,34,6.2,Home,8609.09,90172.87,2,17,6.0,1,1,0.26,0,0,10.474146512581468,8-30 days,Very High,1
CLM102104,57,0.2,Motor,9160.66,54669.22,2,4,6.0,3,20,0.101,0,0,5.967825462357516,2-7 days,Very High,1
CLM102105,48,12.8,Motor,7037.02,5480.76,1,23,6.0,0,15,0.293,0,0,0.778846727734183,8-30 days,Low,0
CLM102106,51,5.8,Motor,12018.32,21730.25,0,21,3.0,2,0,0.077,0,0,1.8080938101165553,8-30 days,Medium,0
CLM102107,41,7.5,Travel,13197.04,10938.54,2,23,4.0,2,7,0.273,0,0,0.8288631390069289,8-30 days,Low,0
CLM102108,62,0.3,Motor,6821.17,85843.76,1,20,2.0,2,23,0.344,1,0,12.584902590024878,8-30 days,Very High,1
CLM102109,52,7.5,Personal,9698.49,51042.17,1,3,5.0,1,1,0.022,1,0,5.262898657419866,2-7 days,Very High,1
CLM102110,65,14.8,Home,5599.5,31367.32,0,25,5.0,0,9,0.087,0,0,5.601807304223591,8-30 days,High,1
CLM102111,23,4.3,Personal,10954.79,20549.61,0,18,6.0,2,12,0.064,0,0,1.875856132340282,8-30 days,Medium,0
CLM102112,36,6.1,Motor,9438.87,38468.91,4,15,1.0,1,0,0.062,0,0,4.075584259556494,8-30 days,High,1
CLM102113,47,10.4,Motor,7215.94,13648.04,1,1,4.0,2,2,0.215,0,0,1.8913738196271035,0-1 days,Low,0
CLM102114,24,12.3,Personal,9860.49,28465.055,2,14,5.0,3,8,0.2,0,0,2.886778953175755,8-30 days,Medium,0
CLM102115,27,6.4,Motor,11098.96,25527.45,0,8,3.0,2,22,0.415,0,0,2.299985764431983,8-30 days,Medium,0
CLM102116,58,4.8,Motor,14786.89,15174.61,0,30,3.0,2,22,0.114,0,0,1.0262205237206743,8-30 days,Low,0
CLM102117,49,14.1,Motor,10164.82,47171.97,1,16,6.0,1,3,0.033,0,1,4.6407088369494005,8-30 days,High,1
CLM102118,51,10.2,Personal,12677.78,115187.67,1,25,3.0,1,4,0.229,0,0,9.085791834217032,8-30 days,Very High,1
CLM102119,45,2.0,Home,20030.4,9592.19,1,29,1.0,0,22,0.025,0,0,0.4788815999680486,8-30 days,Low,0
CLM102120,32,1.2,Home,5337.63,56867.75,2,30,5.0,3,1,0.028,1,0,10.65411989965584,8-30 days,Very High,1
CLM102121,47,7.4,Travel,14399.04,15281.99,0,1,5.0,1,14,0.452,0,0,1.0613200602262371,0-1 days,Low,0
CLM102122,54,3.5,Motor,5722.75,43389.49,0,21,5.0,1,2,0.329,0,0,7.581930016163557,8-30 days,High,1
CLM102123,46,4.0,Travel,6165.77,17625.19,0,28,3.0,2,18,0.112,0,0,2.8585545682047817,8-30 days,Medium,0
CLM102124,39,13.2,Motor,8454.99,22363.29,0,5,6.0,0,10,0.472,0,0,2.6449812477601986,2-7 days,Medium,0
CLM102125,21,1.5,Personal,6355.7,24085.27,1,27,3.0,0,6,0.313,0,0,3.78955425838224,8-30 days,Medium,0
CLM102126,37,10.8,Motor,5895.04,77727.72,0,0,1.0,1,6,0.242,0,0,13.185274400173705,0-1 days,Very High,1
CLM102127,49,4.2,Motor,8272.06,26132.28,1,7,6.0,1,21,0.072,0,0,3.1591018440388487,2-7 days,Medium,0
CLM102128,53,11.5,Home,7316.3,21711.05,0,10,2.0,2,16,0.149,0,0,2.967490398152071,8-30 days,Medium,0
CLM102129,67,10.9,Motor,6300.82,26312.33,0,19,5.0,2,14,0.043,0,0,4.176016772420098,8-30 days,Medium,1
CLM102130,21,0.3,Home,5536.65,116078.53,2,29,1.0,2,7,0.101,0,1,20.96548093161027,8-30 days,Very High,1
CLM102131,44,7.7,Motor,16141.33,42617.7,0,22,3.0,3,9,0.011,0,0,2.64028428884113,8-30 days,High,0
CLM102132,34,2.3,Motor,4952.91,17714.26,2,25,2.0,2,14,0.2,0,0,3.5765358142990684,8-30 days,Medium,0
CLM102133,29,13.0,Motor,7882.23,86126.61,1,30,4.0,2,19,0.146,0,1,10.92668064748174,8-30 days,Very High,1
CLM102134,39,13.1,Home,14057.15,32060.59,0,14,2.0,3,23,0.393,0,0,2.2807318695468144,8-30 days,High,0
CLM102135,34,6.4,Motor,12235.76,14658.84,3,8,1.0,2,6,0.107,0,0,1.1980326518336417,8-30 days,Low,0
CLM102136,27,6.8,Home,9442.66,37618.04,0,1,2.0,5,16,0.298,0,0,3.983839299519415,0-1 days,High,0
CLM102137,71,4.7,Motor,6420.06,25017.58,1,6,3.0,4,22,0.296,0,0,3.8967828961100053,2-7 days,Medium,0
CLM102138,18,10.8,Motor,8428.57,2215.65,2,16,2.0,1,19,0.017,0,0,0.2628737733684362,8-30 days,Low,0
CLM102139,39,5.5,Motor,5125.53,35883.05,0,2,3.0,0,20,0.099,0,0,7.00084674170281,2-7 days,High,1
CLM102140,43,4.2,Personal,7476.43,12499.36,0,3,2.0,0,12,0.078,0,0,1.671835354574309,2-7 days,Low,0
CLM102141,73,6.6,Home,7425.69,10780.17,2,2,1.0,0,5,0.24,0,0,1.4517398383180553,2-7 days,Low,0
CLM102142,35,1.6,Motor,7755.48,6520.07,2,7,4.0,0,4,0.186,1,1,0.8407048951193221,2-7 days,Low,0
CLM102143,67,11.2,Home,5962.33,30825.66,2,10,5.0,0,15,0.367,0,0,5.170069419170023,8-30 days,High,1
CLM102144,31,0.4,Personal,3962.68,25067.11,1,27,2.0,2,1,0.243,0,1,6.325797187761818,8-30 days,Medium,1
CLM102145,64,9.7,Motor,14930.41,57055.04,1,29,4.0,1,23,0.255,0,0,3.8213980727923746,8-30 days,Very High,0
CLM102146,46,2.9,Personal,13510.44,15395.73,0,15,2.0,1,23,0.051,0,0,1.139543197704886,8-30 days,Low,0
CLM102147,29,3.6,Motor,12599.54,19515.86,1,27,6.0,0,4,0.139,0,0,1.5489343261738127,8-30 days,Medium,0
CLM102148,53,9.6,Personal,10078.0,123578.92,1,13,4.0,4,4,0.143,0,0,12.26224647747569,8-30 days,Very High,1
CLM102149,52,14.9,Home,9177.27,6366.26,3,22,3.0,3,11,0.279,0,0,0.6936986707375941,8-30 days,Low,0
CLM102150,69,11.7,Motor,6220.86,69694.92,2,18,4.0,1,22,0.3,0,0,11.203422034895498,8-30 days,Very High,1
CLM102151,29,3.5,Motor,6527.31,15601.42,1,22,5.0,1,17,0.143,0,0,2.390176044955732,8-30 days,Low,0
CLM102152,24,2.8,Personal,16362.24,289532.13,0,1,4.0,0,20,0.148,0,0,17.695140151959635,0-1 days,Very High,1
CLM102153,46,13.0,Travel,18126.49,48125.9,2,11,5.0,2,0,0.236,0,0,2.655003809342018,8-30 days,Very High,0
CLM102154,28,6.8,Home,7821.9,17482.85,1,10,5.0,2,12,0.489,0,0,2.235115509019548,8-30 days,Medium,0
CLM102155,50,2.2,Motor,8514.41,28465.055,0,15,4.0,2,19,0.098,0,0,3.3431623565226483,8-30 days,Medium,0
CLM102156,23,13.0,Motor,11817.85,38059.15,0,10,5.0,0,11,0.032,0,0,3.2204800365548727,8-30 days,High,0
CLM102157,64,12.3,Motor,8865.13,6684.88,1,2,5.0,0,7,0.039,0,0,0.7540645202044415,2-7 days,Low,0
CLM102158,32,14.8,Motor,9171.78,46926.94,1,22,6.0,2,0,0.031,1,0,5.116448497456328,8-30 days,High,1
CLM102159,49,13.7,Home,8274.32,9844.44,1,9,3.0,0,14,0.053,1,0,1.1897581916097033,8-30 days,Low,0
CLM102160,68,12.8,Personal,5573.59,13528.67,0,28,1.0,3,9,0.24,0,0,2.4272811598987367,8-30 days,Low,0
CLM102161,28,1.0,Home,7186.55,3422.07,1,4,3.0,3,0,0.331,0,0,0.47617702513723553,2-7 days,Low,0
CLM102162,75,1.7,Motor,8003.8,30870.69,1,27,1.0,0,13,0.217,1,0,3.8570041730178164,8-30 days,High,0
CLM102163,40,8.6,Home,2734.7,34527.24,2,30,1.0,1,12,0.214,0,0,12.625604271035215,8-30 days,High,1
CLM102164,43,8.1,Personal,8841.42,28602.12,2,12,3.0,2,19,0.033,1,0,3.2350142850356614,8-30 days,High,0
CLM102165,51,7.0,Travel,24172.63,7694.3,0,24,5.0,1,9,0.186,0,0,0.3183062827669145,8-30 days,Low,0
CLM102166,63,6.1,Home,7006.58,82120.47,1,23,6.0,3,4,0.24,0,1,11.720478464529057,8-30 days,Very High,1
CLM102167,51,6.6,Personal,8627.66,24795.66,2,5,3.0,0,8,0.393,1,0,2.8739727805685433,2-7 days,Medium,0
CLM102168,46,8.6,Travel,5823.19,18932.04,3,27,5.0,1,13,0.333,0,0,3.2511458496116394,8-30 days,Medium,0
CLM102169,21,0.2,Motor,5195.6,51142.9,0,19,3.0,2,20,0.165,0,0,9.843502194164293,8-30 days,Very High,1
CLM102170,34,4.1,Motor,7392.94,20125.05,1,2,3.0,1,0,0.192,0,0,2.7221984758431694,2-7 days,Medium,0
CLM102171,52,7.9,Personal,11284.99,38982.64,1,21,6.0,2,14,0.405,1,0,3.4543796671507905,8-30 days,High,0
CLM102172,30,10.9,Home,7651.31,15595.83,5,8,2.0,2,18,0.069,0,0,2.038321542324125,8-30 days,Low,0
CLM102173,58,2.8,Motor,7183.1,51641.36,1,20,4.0,1,19,0.108,0,0,7.189285962885105,8-30 days,Very High,1
CLM102174,56,8.3,Motor,10623.67,50656.48,0,27,3.0,3,6,0.108,0,0,4.768265580538553,8-30 days,Very High,1
CLM102175,32,10.8,Home,9300.89,19931.83,0,6,4.0,0,17,0.254,0,0,2.143002443852148,2-7 days,Medium,0
CLM102176,72,6.8,Personal,9638.25,31387.16,0,22,5.0,4,3,0.1,0,0,3.2565206339325083,8-30 days,High,0
CLM102177,46,0.6,Motor,14522.49,27483.88,2,29,2.0,1,23,0.132,0,0,1.8925046600135378,8-30 days,Medium,0
CLM102178,46,6.8,Home,13724.07,25492.48,0,6,6.0,1,20,0.289,0,0,1.8575014554720284,2-7 days,Medium,0
CLM102179,28,4.6,Personal,16662.31,11487.16,0,24,2.0,2,5,0.06,0,0,0.6894098117247848,8-30 days,Low,0
CLM102180,69,14.0,Motor,4924.84,12764.98,1,1,1.0,0,2,0.26,0,0,2.591958317427571,0-1 days,Low,0
CLM102181,49,2.0,Motor,12501.28,20973.22,1,7,6.0,1,3,0.268,0,0,1.6776858049735708,2-7 days,Medium,0
CLM102182,19,9.9,Personal,17826.51,29483.31,1,17,6.0,2,1,0.122,1,0,1.653902530557019,8-30 days,High,0
CLM102183,64,1.0,Home,4077.04,14433.06,1,30,4.0,2,2,0.314,0,0,3.5400830013931675,8-30 days,Low,0
CLM102184,31,6.8,Home,8423.49,28305.01,1,26,2.0,3,17,0.164,1,0,3.360247355905925,8-30 days,Medium,0
CLM102185,37,8.4,Home,6656.51,5028.83,1,0,5.0,1,1,0.294,0,0,0.7554754668737822,0-1 days,Low,0
CLM102186,39,4.6,Motor,8407.43,28060.98,1,27,1.0,0,7,0.081,1,0,3.3376406345339773,8-30 days,Medium,0
CLM102187,28,6.9,Personal,14242.16,29667.13,0,9,2.0,1,6,0.274,0,0,2.083049902542873,8-30 days,High,0
CLM102188,44,2.6,Motor,4535.73,51741.03,0,5,5.0,0,8,0.123,0,0,11.40743165929189,2-7 days,Very High,1
CLM102189,20,4.7,Motor,9490.68,81386.36,1,17,4.0,0,23,0.234,0,0,8.575398180109328,8-30 days,Very High,1
CLM102190,34,9.4,Motor,6592.87,46782.05,1,29,5.0,1,8,0.237,1,0,7.095855067671591,8-30 days,High,1
CLM102191,61,4.7,Motor,14440.04,107798.96,1,12,5.0,0,1,0.116,0,0,7.465281259608699,8-30 days,Very High,1
CLM102192,73,13.5,Travel,10272.67,27391.78,2,20,5.0,2,6,0.112,0,0,2.6664713263445625,8-30 days,Medium,0
CLM102193,45,9.5,Travel,7917.54,28989.29,0,0,3.0,3,12,0.146,1,0,3.661401142273989,0-1 days,High,0
CLM102194,46,6.7,Personal,6152.84,51275.61,1,22,6.0,2,7,0.191,0,0,8.33364917664038,8-30 days,Very High,1
CLM102195,38,0.8,Motor,28110.16,25843.43,0,28,2.0,2,0,0.272,0,0,0.9193626076834853,8-30 days,Medium,0
CLM102196,64,7.6,Travel,9640.91,21845.9,0,0,5.0,4,2,0.218,0,0,2.265958296467865,0-1 days,Medium,0
CLM102197,33,11.5,Home,4486.56,78481.8,1,11,1.0,3,7,0.3,0,0,17.49264469883385,8-30 days,Very High,1
CLM102198,54,4.1,Travel,5901.65,48181.78,0,27,3.0,1,18,0.317,0,0,8.164120203671855,8-30 days,Very High,1
CLM102199,37,12.1,Travel,10234.28,45925.06,1,7,5.0,1,3,0.245,0,1,4.487375760678816,2-7 days,High,1
CLM102200,23,3.9,Motor,6119.95,14643.56,1,27,5.0,1,9,0.368,1,1,2.3927581107688787,8-30 days,Low,0
CLM102201,36,12.4,Motor,6468.29,56825.93,0,20,6.0,2,17,0.316,0,0,8.785309564042429,8-30 days,Very High,1
CLM102202,74,1.5,Motor,13246.49,29782.54,1,4,2.0,1,18,0.112,0,0,2.2483344644505827,2-7 days,High,0
CLM102203,22,13.0,Home,12729.22,13329.29,2,2,3.0,1,20,0.007,1,0,1.0471411445477414,2-7 days,Low,0
CLM102204,20,7.6,Personal,6573.35,47223.9,2,17,5.0,3,11,0.469,0,1,7.184145070626088,8-30 days,Very High,1
CLM102205,18,4.6,Motor,14396.01,11391.97,1,5,5.0,2,10,0.385,0,0,0.7913282916585914,2-7 days,Low,0
CLM102206,75,4.1,Motor,6173.64,4601.87,0,3,4.0,2,5,0.299,0,0,0.7454062757141653,2-7 days,Low,0
CLM102207,55,6.6,Motor,18213.44,7231.03,2,14,1.0,0,5,0.053,0,0,0.3970161594954056,8-30 days,Low,0
CLM102208,32,15.0,Travel,10826.12,23239.53,0,28,1.0,2,22,0.028,0,0,2.1466167010895867,8-30 days,Medium,0
CLM102209,51,3.5,Motor,9685.67,88945.68,0,25,2.0,1,7,0.11,0,0,9.183224289078607,8-30 days,Very High,1
CLM102210,52,1.7,Motor,7148.52,35403.41,2,27,3.0,1,21,0.318,0,0,4.952551017553284,8-30 days,High,1
CLM102211,66,8.9,Motor,6463.51,25928.48,1,3,3.0,1,9,0.205,0,0,4.011516962145954,2-7 days,Medium,1
CLM102212,42,7.4,Home,2983.63,75305.8,0,5,6.0,3,21,0.064,0,0,25.239657732359575,2-7 days,Very High,1
CLM102213,41,8.0,Home,7446.18,41054.21,1,17,5.0,0,1,0.608,0,0,5.513459250246434,8-30 days,High,1
CLM102214,29,10.1,Travel,8459.95,60353.0,0,17,6.0,0,12,0.123,1,0,7.133966512804449,8-30 days,Very High,1
CLM102215,35,4.2,Motor,3737.14,28465.055,0,28,3.0,0,18,0.186,0,1,7.616801885934164,8-30 days,Medium,1
CLM102216,32,13.7,Motor,12312.18,22129.41,1,25,2.0,0,21,0.176,1,0,1.7973592004015535,8-30 days,Medium,0
CLM102217,61,6.6,Motor,7908.19,23534.45,2,30,4.0,2,21,0.456,0,0,2.975959100628589,8-30 days,Medium,0
CLM102218,33,2.1,Motor,14682.94,14985.91,0,30,2.0,0,5,0.128,0,0,1.020634150926177,8-30 days,Low,0
CLM102219,44,11.2,Motor,6248.98,52209.66,3,9,1.0,4,3,0.107,0,1,8.354909121168577,8-30 days,Very High,1
CLM102220,25,9.7,Motor,14827.08,11150.55,1,12,4.0,2,10,0.186,0,0,0.7520395114884387,8-30 days,Low,0
CLM102221,63,4.9,Home,6944.86,14407.15,3,19,5.0,1,17,0.009,0,0,2.074505461593178,8-30 days,Low,0
CLM102222,42,9.4,Motor,8309.82,26567.63,1,21,2.0,1,23,0.059,0,0,3.1971366407455277,8-30 days,Medium,0
CLM102223,34,3.5,Motor,9366.06,30406.28,2,17,3.0,1,1,0.424,0,0,3.2464323312043697,8-30 days,High,0
CLM102224,46,6.8,Personal,8342.13,43475.73,3,29,3.0,1,2,0.299,1,0,5.211586249554971,8-30 days,High,1
CLM102225,70,13.5,Home,9747.65,27139.12,0,6,1.0,3,16,0.122,1,0,2.7841705436694997,2-7 days,Medium,0
CLM102226,25,2.2,Travel,3575.19,21315.41,1,26,1.0,0,8,0.365,0,1,5.962035584122802,8-30 days,Medium,1
CLM102227,32,5.9,Personal,7983.22,48158.0,2,7,6.0,2,18,0.336,0,0,6.032402965219548,2-7 days,Very High,1
CLM102228,44,12.4,Motor,8197.89,55586.12,1,24,1.0,4,17,0.071,0,0,6.780539870625247,8-30 days,Very High,1
CLM102229,63,14.5,Travel,3476.93,7825.27,1,5,1.0,1,5,0.21,1,0,2.2506262708768947,2-7 days,Low,0
CLM102230,67,6.9,Home,11349.55,62449.75,2,1,5.0,1,23,0.163,0,0,5.502398773519655,0-1 days,Very High,1
CLM102231,69,7.7,Motor,5640.41,21913.23,1,21,4.0,2,3,0.074,0,0,3.885042044815891,8-30 days,Medium,0
CLM102232,24,8.7,Motor,12989.15,92829.03,0,7,6.0,1,16,0.187,0,0,7.146659327207708,2-7 days,Very High,1
CLM102233,20,14.0,Home,8835.21,17194.14,3,9,1.0,0,22,0.303,1,0,1.9460929621367236,8-30 days,Low,0
CLM102234,46,12.9,Motor,6564.26,13280.85,3,30,2.0,1,18,0.03,0,0,2.0232059668568887,8-30 days,Low,0
CLM102235,61,2.7,Motor,13358.83,45523.35,4,16,5.0,0,20,0.312,1,0,3.4077348091112767,8-30 days,High,0
CLM102236,70,6.7,Motor,17955.68,138422.94,1,26,4.0,0,10,0.117,0,0,7.709144961371555,8-30 days,Very High,1
CLM102237,41,7.1,Motor,8648.57,8290.75,1,21,5.0,1,17,0.215,0,0,0.9586266862614282,8-30 days,Low,0
CLM102238,75,11.9,Motor,15780.34,52509.77,0,11,3.0,0,23,0.062,0,0,3.327543639744137,8-30 days,Very High,0
CLM102239,20,9.1,Motor,7852.32,42625.28,1,10,5.0,1,15,0.432,0,0,5.428367667135318,8-30 days,High,1
CLM102240,37,9.9,Motor,13106.54,27323.32,0,16,6.0,2,18,0.078,0,0,2.0847088552737794,8-30 days,Medium,0
CLM102241,63,15.0,Motor,7204.47,132582.15,1,15,5.0,1,8,0.142,0,0,18.402762451644602,8-30 days,Very High,1
CLM102242,32,1.3,Home,19331.14,6667.5,3,21,3.0,0,16,0.047,0,0,0.3449098190794749,8-30 days,Low,0
CLM102243,42,3.5,Motor,13802.56,64491.81,2,9,3.0,2,15,0.089,0,0,4.672452791366239,8-30 days,Very High,1
CLM102244,47,6.2,Personal,10503.63,58081.77,0,19,3.0,1,5,0.002,0,0,5.529685451601018,8-30 days,Very High,1
CLM102245,31,5.3,Travel,2717.8,68735.94,2,2,6.0,3,18,0.208,0,0,25.2910221502686,2-7 days,Very High,1
CLM102246,24,0.5,Home,10402.37,62504.98,3,18,6.0,2,3,0.216,0,0,6.008724934798512,8-30 days,Very High,1
CLM102247,34,1.6,Travel,4876.1,33405.66,0,3,5.0,0,10,0.097,0,0,6.850897233444761,2-7 days,High,1
CLM102248,61,10.3,Motor,9964.51,22273.52,0,18,3.0,0,19,0.28,0,0,2.235285026559259,8-30 days,Medium,0
CLM102249,37,13.2,Motor,15103.72,17715.22,0,8,1.0,1,14,0.074,0,0,1.1729044235459876,8-30 days,Medium,0
CLM102250,53,7.8,Personal,11589.68,43510.1,4,19,2.0,1,23,0.185,0,0,3.754210642571667,8-30 days,High,0
CLM102251,26,8.2,Motor,12509.48,27869.25,0,16,2.0,2,8,0.462,0,0,2.2278503982579614,8-30 days,Medium,0
CLM102252,55,4.0,Personal,7186.51,23906.23,2,3,3.0,1,20,0.042,0,0,3.326542368966299,2-7 days,Medium,0
CLM102253,65,11.6,Home,4280.18,18484.42,2,16,4.0,0,10,0.132,0,0,4.318608095921199,8-30 days,Medium,1
CLM102254,74,11.3,Motor,6006.94,20624.53,3,25,5.0,2,9,0.054,0,0,3.433450309142425,8-30 days,Medium,0
CLM102255,39,8.9,Home,7327.87,50147.73,1,25,2.0,1,9,0.073,0,0,6.843425169933419,8-30 days,Very High,1
CLM102256,71,3.3,Home,8446.39,28393.67,1,2,6.0,1,18,0.23,1,0,3.3616337867420283,2-7 days,Medium,0
CLM102257,70,1.6,Motor,15046.93,69346.62,3,19,6.0,1,0,0.438,1,0,4.608688948509762,8-30 days,Very High,1
CLM102258,70,1.2,Motor,11808.58,10149.23,3,29,1.0,2,16,0.174,0,0,0.8594792938693729,8-30 days,Low,0
CLM102259,19,9.0,Travel,23079.45,44594.49,1,3,4.0,0,18,0.371,0,0,1.9322163223127067,2-7 days,High,0
CLM102260,41,12.4,Home,5416.7,13146.11,1,8,4.0,0,17,0.064,0,0,2.4269592187125,8-30 days,Low,0
CLM102261,25,12.9,Motor,14351.46,69345.8,1,5,1.0,2,23,0.357,0,0,4.83196831541878,2-7 days,Very High,1
CLM102262,28,7.1,Motor,12603.52,70747.86,0,18,5.0,3,20,0.446,0,0,5.613341352257147,8-30 days,Very High,1
CLM102263,30,11.8,Personal,8065.64,9723.21,0,6,5.0,2,16,0.375,0,0,1.2055100401208085,2-7 days,Low,0
CLM102264,34,14.2,Home,5515.88,15768.63,2,26,3.0,1,18,0.297,0,0,2.85876958889606,8-30 days,Low,0
CLM102265,25,4.3,Home,6443.68,16282.6,2,15,1.0,1,2,0.281,0,0,2.526910088644998,8-30 days,Low,0
CLM102266,38,6.1,Personal,6305.77,72178.31,0,14,1.0,1,12,0.059,0,0,11.44639116237985,8-30 days,Very High,1
CLM102267,35,14.0,Motor,18354.35,17933.02,0,15,6.0,1,1,0.056,1,0,0.9770446787818693,8-30 days,Medium,0
CLM102268,47,5.2,Motor,12339.17,46979.49,1,13,1.0,1,8,0.286,0,0,3.807346037051114,8-30 days,High,0
CLM102269,35,13.7,Travel,12548.63,17052.77,2,3,3.0,2,12,0.054,1,0,1.3589348000538706,2-7 days,Low,0
CLM102270,63,14.7,Travel,8842.05,62727.02,0,22,2.0,2,0,0.067,0,0,7.0941716004772655,8-30 days,Very High,1
CLM102271,64,10.0,Motor,7668.4,67574.03,0,1,5.0,3,9,0.058,0,0,8.81201163215273,0-1 days,Very High,1
CLM102272,48,12.3,Motor,9893.39,97966.92,0,6,3.0,0,20,0.088,1,0,9.902259993793837,2-7 days,Very High,1
CLM102273,55,11.3,Travel,8901.11,24621.57,0,23,3.0,4,2,0.354,0,0,2.7661235508829796,8-30 days,Medium,0
CLM102274,49,10.6,Motor,8140.51,28058.62,1,27,6.0,2,9,0.333,0,0,3.44678896039683,8-30 days,Medium,0
CLM102275,28,4.7,Personal,10024.94,25225.74,2,6,3.0,1,18,0.031,0,0,2.5162983519103355,2-7 days,Medium,0
CLM102276,62,1.0,Motor,5261.51,28559.52,1,5,6.0,1,6,0.025,0,0,5.428008309401673,2-7 days,High,1
CLM102277,42,5.3,Motor,9585.2,20348.3,2,19,6.0,1,16,0.108,0,0,2.122887368025706,8-30 days,Medium,0
CLM102278,50,10.1,Motor,8086.58,61867.65,1,28,1.0,0,22,0.238,0,0,7.650657014460996,8-30 days,Very High,1
CLM102279,55,1.7,Travel,6162.54,15826.61,3,8,3.0,2,11,0.21,0,0,2.568195906233469,8-30 days,Low,0
CLM102280,58,0.4,Personal,11340.14,25122.67,2,16,2.0,3,7,0.224,0,1,2.2153756479196907,8-30 days,Medium,0
CLM102281,25,2.3,Home,19065.84,32351.14,1,20,4.0,3,17,0.109,0,0,1.6968116799469626,8-30 days,High,0
CLM102282,28,10.8,Personal,15107.59,40448.81,0,10,3.0,4,2,0.285,0,0,2.6773833549891144,8-30 days,High,0
CLM102283,39,14.6,Motor,7484.91,11462.63,1,15,6.0,0,3,0.134,0,0,1.5314319076648883,8-30 days,Low,0
CLM102284,68,14.7,Motor,11462.09,28465.055,0,29,2.0,1,20,0.333,0,0,2.4834087849598108,8-30 days,Medium,0
CLM102285,41,7.5,Personal,12423.5,28467.64,1,0,6.0,3,7,0.186,0,0,2.291434780858856,0-1 days,High,0
CLM102286,58,13.1,Personal,8968.28,51106.36,0,26,1.0,1,4,0.319,0,0,5.698568733358012,8-30 days,Very High,1
CLM102287,34,11.1,Personal,8408.71,23855.48,1,25,4.0,0,10,0.249,0,0,2.8369964001612615,8-30 days,Medium,0
CLM102288,29,7.6,Travel,9922.03,25934.84,1,26,5.0,0,1,0.286,0,0,2.6138642999466843,8-30 days,Medium,0
CLM102289,74,8.7,Motor,26330.47,31040.24,1,15,5.0,0,18,0.128,0,0,1.178871474759091,8-30 days,High,0
CLM102290,63,2.2,Motor,9543.49,61504.4,3,16,1.0,1,2,0.461,0,0,6.444644464446445,8-30 days,Very High,1
CLM102291,49,14.1,Personal,4805.34,6010.62,0,5,1.0,0,11,0.066,0,0,1.2508209616801307,2-7 days,Low,0
CLM102292,32,5.4,Motor,5308.1,30318.01,1,21,5.0,0,6,0.545,0,0,5.711650119628492,8-30 days,High,1
CLM102293,33,6.8,Motor,7869.78,67303.76,0,10,1.0,3,5,0.251,0,0,8.552178078675642,8-30 days,Very High,1
CLM102294,71,10.1,Home,4849.95,15056.58,0,6,5.0,2,22,0.363,0,0,3.104481489499892,2-7 days,Low,0
CLM102295,39,5.1,Motor,8007.94,15919.73,0,15,1.0,1,7,0.413,0,0,1.987993166781969,8-30 days,Low,0
CLM102296,45,4.0,Travel,23136.49,70131.45,0,25,5.0,2,4,0.305,0,0,3.0312052519634567,8-30 days,Very High,0
CLM102297,37,9.5,Motor,6752.56,21550.24,2,28,2.0,1,12,0.48,0,0,3.191417773407419,8-30 days,Medium,0
CLM102298,50,0.6,Travel,5211.09,22031.5,1,24,1.0,2,12,0.332,1,0,4.227810304562001,8-30 days,Medium,1
CLM102299,27,10.9,Home,7741.97,34470.16,0,21,5.0,0,21,0.297,0,0,4.452375816491152,8-30 days,High,1
CLM102300,57,7.8,Home,8111.55,2986.96,3,1,1.0,0,0,0.255,1,0,0.3682354173986476,0-1 days,Low,0
CLM102301,49,9.2,Motor,5447.16,7159.15,4,19,5.0,3,13,0.241,1,0,1.3142903825112535,8-30 days,Low,0
CLM102302,67,9.6,Motor,4868.58,43242.94,1,12,5.0,2,3,0.359,0,0,8.882043634899704,8-30 days,High,1
CLM102303,50,8.0,Motor,15648.56,23302.33,1,12,6.0,1,21,0.186,0,0,1.4891037897416761,8-30 days,Medium,0
CLM102304,19,8.8,Motor,10648.4,24828.18,2,14,6.0,2,19,0.156,0,0,2.331634799594305,8-30 days,Medium,0
CLM102305,50,10.3,Home,6840.31,17102.13,1,14,4.0,3,0,0.262,0,0,2.5001980904374217,8-30 days,Low,0
CLM102306,50,11.3,Motor,5053.77,22781.71,0,8,1.0,2,13,0.064,0,0,4.5078644259631915,8-30 days,Medium,1
CLM102307,58,11.0,Motor,6734.32,68458.58,1,17,2.0,1,18,0.334,0,0,10.16562622506801,8-30 days,Very High,1
CLM102308,30,13.1,Motor,4895.66,30913.06,1,13,3.0,0,18,0.146,1,0,6.314380492109338,8-30 days,High,1
CLM102309,47,3.0,Home,6548.91,61981.89,4,22,3.0,0,2,0.024,0,0,9.464458971034874,8-30 days,Very High,1
CLM102310,50,6.1,Motor,21545.67,24938.54,2,13,6.0,1,19,0.083,0,0,1.157473404168912,8-30 days,Medium,0
CLM102311,30,14.2,Personal,9464.53,28408.66,2,3,1.0,3,10,0.334,1,0,3.0015922607884384,2-7 days,Medium,0
CLM102312,69,6.1,Home,6436.33,35743.03,0,13,6.0,3,8,0.013,0,0,5.553324643080762,8-30 days,High,1
CLM102313,43,2.0,Travel,11540.44,41559.41,0,9,5.0,0,23,0.026,0,0,3.6011980479080523,8-30 days,High,0
CLM102314,39,8.0,Personal,5593.17,14829.95,0,29,5.0,4,18,0.263,0,0,2.651439165982797,8-30 days,Low,0
CLM102315,56,1.8,Motor,7081.85,27463.23,0,10,3.0,4,1,0.031,0,0,3.877973975726681,8-30 days,Medium,0
CLM102316,19,3.2,Personal,3690.23,16872.61,0,21,1.0,3,12,0.271,0,0,4.572238044783116,8-30 days,Low,1
CLM102317,55,15.0,Home,15080.42,86831.2,1,0,3.0,1,2,0.15,1,0,5.757876770010384,0-1 days,Very High,1
CLM102318,56,8.2,Personal,7762.37,7683.21,2,26,2.0,2,10,0.256,0,0,0.9898020836419805,8-30 days,Low,0
CLM102319,43,4.4,Personal,5880.38,43456.69,0,29,1.0,2,13,0.165,0,0,7.390115944887915,8-30 days,High,1
CLM102320,63,14.9,Motor,11385.46,15676.61,3,13,1.0,2,14,0.441,0,0,1.3768973761270955,8-30 days,Low,0
CLM102321,75,14.5,Motor,5304.69,11953.26,0,7,6.0,3,4,0.132,1,0,2.2533380838465584,2-7 days,Low,0
CLM102322,67,6.7,Home,5451.8,22321.09,2,5,6.0,0,6,0.077,0,0,4.094260611174291,2-7 days,Medium,1
CLM102323,32,4.1,Home,7167.05,73694.82,1,10,1.0,3,1,0.263,0,0,10.282448148122311,8-30 days,Very High,1
CLM102324,51,12.6,Motor,4958.9,17296.24,1,13,4.0,3,5,0.172,0,0,3.487918691645325,8-30 days,Medium,0
CLM102325,59,10.8,Motor,6334.52,7235.67,1,6,2.0,3,10,0.1,0,0,1.142260187038639,2-7 days,Low,0
CLM102326,72,10.4,Motor,7774.86,13789.92,3,28,1.0,2,1,0.103,0,0,1.773655088323134,8-30 days,Low,0
CLM102327,61,13.4,Home,8097.23,28465.055,0,21,6.0,4,12,0.247,0,0,3.5154065032115924,8-30 days,Medium,0
CLM102328,66,10.4,Personal,4683.2,8328.55,1,6,2.0,2,0,0.542,0,0,1.778388708575333,2-7 days,Low,0
CLM102329,57,4.4,Travel,7614.98,48092.47,0,20,3.0,1,2,0.062,0,1,6.3155083795361255,8-30 days,Very High,1
CLM102330,28,10.5,Motor,11038.25,8553.22,0,18,1.0,3,19,0.192,0,0,0.7748710166919575,8-30 days,Low,0
CLM102331,20,4.7,Motor,11898.5,19502.83,1,21,5.0,1,1,0.236,1,0,1.6390998865403203,8-30 days,Medium,0
CLM102332,23,11.4,Motor,6794.95,51751.06,2,30,1.0,3,18,0.116,0,1,7.616106078779093,8-30 days,Very High,1
CLM102333,26,9.4,Motor,7807.53,19212.05,2,9,1.0,1,21,0.173,0,0,2.460707803876514,8-30 days,Medium,0
CLM102334,23,1.3,Travel,7603.03,10224.86,1,30,2.0,3,8,0.014,1,0,1.3448401492562834,8-30 days,Low,0
CLM102335,26,7.8,Motor,4543.98,26156.15,2,24,2.0,1,17,0.042,1,0,5.756220317871119,8-30 days,Medium,1
CLM102336,56,5.3,Home,6665.83,19340.91,0,21,6.0,2,22,0.421,0,0,2.9015006383301105,8-30 days,Medium,0
CLM102337,48,5.1,Personal,12162.64,69480.34,1,8,4.0,0,0,0.16,0,0,5.712603513710839,8-30 days,Very High,1
CLM102338,49,9.1,Personal,12249.9,51867.34,1,17,1.0,2,19,0.268,0,0,4.2341031355358005,8-30 days,Very High,1
CLM102339,58,5.0,Motor,10230.95,40933.6,2,26,6.0,0,13,0.25,0,0,4.000957877811933,8-30 days,High,1
CLM102340,67,11.7,Motor,2566.44,28456.33,1,16,3.0,0,13,0.027,0,0,11.087861005907016,8-30 days,Medium,1
CLM102341,29,1.2,Motor,5979.79,23761.95,1,29,2.0,0,17,0.029,0,0,3.9737097791059552,8-30 days,Medium,0
CLM102342,25,10.0,Home,10490.64,23668.76,2,12,4.0,2,12,0.081,0,1,2.2561788413290325,8-30 days,Medium,0
CLM102343,25,12.2,Personal,18368.6,7767.61,1,3,5.0,4,3,0.216,0,0,0.42287436168243636,2-7 days,Low,0
CLM102344,67,10.2,Motor,8444.49,28061.95,1,20,5.0,0,17,0.048,0,0,3.3231077306030326,8-30 days,Medium,0
CLM102345,45,7.6,Motor,8874.74,15453.35,0,25,4.0,2,18,0.105,1,0,1.741273547168706,8-30 days,Low,0
CLM102346,37,14.3,Personal,8078.03,26258.51,3,6,6.0,3,23,0.142,0,0,3.2506081309428163,2-7 days,Medium,0
CLM102347,64,4.6,Travel,4721.51,29117.1,1,7,5.0,0,3,0.174,0,1,6.166904231908859,2-7 days,High,1
CLM102348,24,0.5,Personal,9958.57,19453.1,0,15,1.0,2,5,0.192,0,0,1.9534029484152844,8-30 days,Medium,0
CLM102349,28,6.6,Motor,4286.45,56375.13,2,11,2.0,0,11,0.179,0,0,13.151939250428676,8-30 days,Very High,1
CLM102350,37,0.7,Motor,8180.13,12503.31,2,0,3.0,2,8,0.019,0,0,1.5284977133615234,0-1 days,Low,0
CLM102351,33,14.3,Motor,8847.53,19331.3,2,5,5.0,1,12,0.022,0,0,2.1849374910285695,2-7 days,Medium,0
CLM102352,21,3.3,Motor,8690.67,21887.5,1,0,1.0,0,23,0.005,1,0,2.518505477713456,0-1 days,Medium,0
CLM102353,23,11.9,Home,4738.8,66606.46,1,7,6.0,0,13,0.112,0,0,14.055554148729637,2-7 days,Very High,1
CLM102354,75,11.7,Motor,6178.06,28659.95,0,11,2.0,3,14,0.066,0,0,4.638988614548904,8-30 days,High,1
CLM102355,39,3.4,Motor,11588.32,27637.3,1,15,1.0,2,13,0.406,0,0,2.3849272370800945,8-30 days,Medium,0
CLM102356,43,9.4,Personal,8783.3,53790.09,1,0,1.0,0,17,0.469,0,0,6.124132159894345,0-1 days,Very High,1
CLM102357,20,0.9,Motor,6196.3,18928.32,1,3,6.0,3,1,0.325,0,0,3.0547778512983554,2-7 days,Medium,0
CLM102358,58,7.4,Travel,5249.1,53977.9,2,18,2.0,2,2,0.196,0,0,10.283267607780381,8-30 days,Very High,1
CLM102359,59,0.4,Motor,12198.72,37733.72,3,17,5.0,1,17,0.129,0,0,3.093252406809895,8-30 days,High,0
CLM102360,31,13.8,Travel,8632.46,70833.36,2,7,5.0,3,18,0.045,0,0,8.205466344471914,2-7 days,Very High,1
CLM102361,28,14.6,Motor,5110.13,21071.31,1,5,1.0,2,17,0.191,0,0,4.123439129728598,2-7 days,Medium,1
CLM102362,35,3.5,Travel,7808.19,22451.74,4,12,4.0,2,14,0.154,1,0,2.8754090256512717,8-30 days,Medium,0
CLM102363,71,3.3,Motor,5913.97,31150.2,0,27,5.0,0,21,0.015,0,0,5.267223202011508,8-30 days,High,1
CLM102364,29,11.4,Motor,9734.6,26751.81,2,30,1.0,1,23,0.053,0,0,2.7481159986029216,8-30 days,Medium,0
CLM102365,40,4.0,Travel,14942.28,49797.16,3,19,6.0,3,5,0.186,0,0,3.3326346447797794,8-30 days,Very High,0
CLM102366,29,13.4,Motor,5226.22,23804.25,2,2,3.0,2,3,0.017,1,0,4.554773813578456,2-7 days,Medium,1
CLM102367,30,8.7,Motor,9122.96,12641.05,4,14,3.0,0,9,0.244,0,0,1.3856303217376817,8-30 days,Low,0
CLM102368,42,5.4,Personal,9048.59,77331.72,0,5,4.0,2,11,0.345,0,0,8.54627295523391,2-7 days,Very High,1
CLM102369,62,12.5,Personal,3238.24,117756.97,0,5,6.0,3,4,0.264,0,0,36.364497381293546,2-7 days,Very High,1
CLM102370,68,7.5,Motor,12363.44,8641.3,1,4,1.0,0,19,0.099,0,0,0.6989397772788155,2-7 days,Low,0
CLM102371,75,13.7,Motor,21858.56,40138.71,1,18,3.0,1,4,0.186,0,0,1.8362925096621185,8-30 days,High,0
CLM102372,36,13.9,Motor,9044.73,49036.17,1,26,6.0,1,15,0.011,0,0,5.421518386950191,8-30 days,Very High,1
CLM102373,72,2.6,Motor,15672.31,33606.58,2,9,5.0,2,17,0.251,1,0,2.144328436586566,8-30 days,High,0
CLM102374,63,0.2,Personal,4833.22,91159.98,2,8,1.0,1,14,0.245,0,0,18.86112777816859,8-30 days,Very High,1
CLM102375,53,14.8,Home,6151.05,10234.69,0,13,4.0,3,7,0.076,0,1,1.6638931564529633,8-30 days,Low,0
CLM102376,62,13.6,Motor,8776.92,18346.25,2,21,4.0,0,0,0.115,0,0,2.090283379591018,8-30 days,Medium,0
CLM102377,25,1.0,Personal,5788.71,30335.35,1,4,5.0,0,8,0.488,0,0,5.240433533550653,2-7 days,High,1
CLM102378,46,12.5,Home,8646.98,55818.66,0,26,3.0,0,11,0.102,0,0,6.455278027704471,8-30 days,Very High,1
CLM102379,72,7.0,Home,13350.91,69247.69,0,6,6.0,3,0,0.182,0,0,5.186739330877072,2-7 days,Very High,1
CLM102380,70,4.0,Motor,5712.67,11333.82,2,16,3.0,1,4,0.014,0,0,1.9839794701951976,8-30 days,Low,0
CLM102381,72,13.2,Motor,13618.78,28465.055,0,22,4.0,1,8,0.004,1,0,2.090132522883841,8-30 days,Medium,0
CLM102382,49,3.1,Home,3577.21,50243.3,1,16,2.0,2,0,0.247,0,0,14.04538732699506,8-30 days,Very High,1
CLM102383,68,14.2,Motor,6580.57,30558.05,0,8,6.0,3,13,0.451,0,0,4.643678283188234,8-30 days,High,1
CLM102384,61,3.2,Motor,7779.15,31673.65,1,21,3.0,1,16,0.279,0,0,4.071608080574356,8-30 days,High,1
CLM102385,35,9.3,Motor,5600.94,51166.09,1,22,6.0,1,2,0.43,0,0,9.135268365667192,8-30 days,Very High,1
CLM102386,23,3.5,Motor,6622.02,15252.58,0,6,4.0,4,15,0.129,0,0,2.303312282354931,2-7 days,Low,0
CLM102387,35,8.3,Home,15932.03,23390.47,2,0,6.0,1,7,0.259,0,0,1.4681412224305377,0-1 days,Medium,0
CLM102388,36,10.3,Home,14850.53,41470.12,0,1,4.0,0,18,0.325,1,0,2.792501008381519,0-1 days,High,0
CLM102389,39,3.0,Motor,11752.68,13723.25,1,9,1.0,1,14,0.141,0,0,1.1676698421126075,8-30 days,Low,0
CLM102390,54,7.9,Motor,13580.18,18642.35,1,18,5.0,1,1,0.313,0,0,1.3727616276072923,8-30 days,Medium,0
CLM102391,49,7.1,Home,6429.52,30290.77,0,7,1.0,3,5,0.593,1,0,4.711202391469348,2-7 days,High,1
CLM102392,73,1.3,Motor,4902.71,28465.055,0,8,4.0,2,9,0.204,1,0,5.805983833430899,8-30 days,Medium,1
CLM102393,58,12.3,Home,5910.0,9463.89,1,14,1.0,2,20,0.117,0,0,1.6013350253807106,8-30 days,Low,0
CLM102394,20,5.2,Travel,6318.67,46177.9,1,10,3.0,1,12,0.362,0,0,7.3081676998482274,8-30 days,High,1
CLM102395,45,8.7,Motor,6461.0,38854.07,0,23,4.0,2,14,0.357,0,0,6.013631016870454,8-30 days,High,1
CLM102396,27,7.8,Travel,10780.39,14887.3,1,11,3.0,2,10,0.137,0,0,1.3809611711635665,8-30 days,Low,0
CLM102397,68,7.8,Travel,9830.56,151278.55,0,21,3.0,1,8,0.092,0,0,15.388599428720235,8-30 days,Very High,1
CLM102398,52,1.8,Motor,7853.96,13726.07,0,17,5.0,2,13,0.357,0,0,1.7476623257566883,8-30 days,Low,0
CLM102399,46,6.5,Motor,8074.66,48574.18,0,1,3.0,0,2,0.11,0,0,6.015631617925709,0-1 days,Very High,1
CLM102400,71,6.9,Personal,13912.41,34479.42,2,29,1.0,1,19,0.171,0,0,2.478321153560023,8-30 days,High,0
CLM102401,32,11.1,Motor,4752.86,28465.055,2,28,1.0,0,15,0.229,1,0,5.989037127119251,8-30 days,Medium,1
CLM102402,50,12.6,Personal,12126.81,29960.68,2,27,6.0,0,7,0.15,0,0,2.470615108177666,8-30 days,High,0
CLM102403,24,8.3,Home,3287.03,41781.35,2,14,2.0,1,10,0.183,0,0,12.710973127717118,8-30 days,High,1
CLM102404,29,1.5,Motor,6589.08,238225.29,2,9,5.0,2,1,0.186,0,0,36.15456027245079,8-30 days,Very High,1
CLM102405,66,3.7,Motor,16774.0,9447.95,3,6,6.0,2,4,0.27,1,0,0.5632496721116014,2-7 days,Low,0
CLM102406,47,2.6,Home,9732.25,3665.16,1,8,6.0,1,11,0.115,0,0,0.3765994502812813,8-30 days,Low,0
CLM102407,38,2.0,Motor,6890.04,13126.04,2,21,6.0,2,8,0.425,0,0,1.9050745714103257,8-30 days,Low,0
CLM102408,48,5.6,Home,12832.23,27374.45,2,16,2.0,2,10,0.199,0,0,2.133257430703783,8-30 days,Medium,0
CLM102409,75,3.6,Personal,11110.19,46123.47,0,13,3.0,1,15,0.345,0,0,4.151456455740181,8-30 days,High,1
CLM102410,41,3.4,Travel,10909.6,30100.87,2,30,6.0,1,9,0.281,0,0,2.759117657842634,8-30 days,High,0
CLM102411,37,1.0,Motor,7763.67,24979.63,1,8,4.0,0,10,0.359,0,0,3.217502804730237,8-30 days,Medium,0
CLM102412,54,0.5,Personal,13092.52,88650.87,0,29,1.0,2,0,0.108,0,0,6.7711082358476435,8-30 days,Very High,1
CLM102413,21,1.7,Personal,6361.79,15472.16,0,6,4.0,1,0,0.009,0,0,2.432045069076471,2-7 days,Low,0
CLM102414,45,2.7,Personal,6227.86,97425.99,0,14,3.0,1,0,0.036,0,0,15.643574197236292,8-30 days,Very High,1
CLM102415,61,6.6,Motor,19756.69,44594.26,2,2,6.0,3,23,0.024,0,0,2.257172633674973,2-7 days,High,0
CLM102416,37,7.8,Travel,6787.64,86220.8,2,1,2.0,1,19,0.049,0,0,12.702618288536222,0-1 days,Very High,1
CLM102417,41,2.3,Home,3406.67,13804.78,1,2,1.0,1,14,0.008,0,0,4.0522797922898315,2-7 days,Low,1
CLM102418,67,6.5,Motor,13710.87,21500.08,2,30,6.0,0,8,0.161,0,0,1.5681047227491764,8-30 days,Medium,0
CLM102419,66,5.3,Personal,15684.17,9358.33,1,1,2.0,1,5,0.3,1,1,0.5966735887203467,0-1 days,Low,0
CLM102420,68,2.9,Motor,7644.44,35070.17,0,12,4.0,1,18,0.027,0,1,4.58767025445945,8-30 days,High,1
CLM102421,49,0.3,Motor,3312.11,35619.88,3,26,2.0,4,7,0.072,0,0,10.754437503585327,8-30 days,High,1
CLM102422,58,7.1,Personal,8291.39,126290.37,1,25,4.0,3,16,0.344,0,0,15.231507624173993,8-30 days,Very High,1
CLM102423,53,10.3,Motor,21598.02,29749.56,2,12,6.0,1,11,0.068,1,0,1.3774207080093452,8-30 days,High,0
CLM102424,75,3.5,Personal,9311.2,8973.29,1,30,3.0,3,1,0.18,1,0,0.9637092963313,8-30 days,Low,0
CLM102425,70,2.2,Travel,12016.46,56846.21,2,1,6.0,0,7,0.274,0,0,4.730695229709915,0-1 days,Very High,1
CLM102426,51,13.3,Motor,12331.19,14114.54,0,19,5.0,4,0,0.514,0,0,1.144621078744225,8-30 days,Low,0
CLM102427,53,4.3,Motor,13159.56,10805.76,2,21,1.0,3,12,0.198,0,0,0.8211338373015512,8-30 days,Low,0
CLM102428,19,3.5,Travel,19652.5,47403.19,0,18,2.0,3,10,0.031,0,0,2.4120692023915535,8-30 days,Very High,0
CLM102429,32,12.9,Home,13820.05,15741.53,1,8,6.0,3,20,0.227,0,0,1.1390356764266412,8-30 days,Low,0
CLM102430,51,12.3,Personal,8196.8,17868.31,1,4,1.0,1,18,0.12,0,0,2.1799128928362292,2-7 days,Medium,0
CLM102431,53,6.8,Personal,5144.47,80163.66,1,20,2.0,1,1,0.258,0,0,15.582491490863005,8-30 days,Very High,1
CLM102432,23,7.4,Motor,10313.33,41156.21,1,30,3.0,2,19,0.109,1,0,3.9905840305701457,8-30 days,High,0
CLM102433,56,3.4,Motor,7791.34,43814.56,1,6,4.0,0,17,0.035,0,0,5.623494803204583,2-7 days,High,1
CLM102434,59,1.4,Personal,11735.52,9972.97,1,24,1.0,0,20,0.084,0,0,0.8498106602860375,8-30 days,Low,0
CLM102435,68,8.7,Home,5764.82,47530.08,0,12,3.0,1,23,0.119,0,0,8.244850663160342,8-30 days,Very High,1
CLM102436,68,1.7,Motor,7424.54,22740.17,0,0,3.0,5,3,0.032,0,0,3.062838909885326,0-1 days,Medium,0
CLM102437,75,6.8,Travel,8542.79,20067.88,0,8,5.0,1,6,0.042,0,0,2.34910140598095,8-30 days,Medium,0
CLM102438,71,14.1,Personal,5570.15,38037.62,1,1,3.0,2,4,0.388,0,0,6.828832257659131,0-1 days,High,1
CLM102439,29,14.3,Home,8653.84,28175.16,1,2,5.0,1,8,0.478,0,0,3.255798581901214,2-7 days,Medium,0
CLM102440,20,3.7,Motor,12111.45,9344.09,0,11,3.0,2,12,0.036,0,0,0.7715087788827927,8-30 days,Low,0
CLM102441,62,9.4,Home,20078.08,57180.12,2,4,4.0,0,17,0.186,0,0,2.8478878458498023,2-7 days,Very High,0
CLM102442,35,7.2,Travel,6105.42,61427.87,2,25,3.0,2,14,0.28,0,0,10.061202996681637,8-30 days,Very High,1
CLM102443,57,13.2,Personal,12777.53,18023.81,0,11,6.0,2,17,0.045,0,1,1.410586396588386,8-30 days,Medium,0
CLM102444,38,4.2,Personal,3490.2,44207.22,1,3,4.0,2,0,0.025,0,0,12.6660993639333,2-7 days,High,1
CLM102445,32,0.3,Home,8471.21,55552.58,3,20,2.0,1,3,0.282,0,1,6.557809333023265,8-30 days,Very High,1
CLM102446,50,2.6,Travel,8774.58,6894.35,1,28,3.0,1,12,0.143,0,0,0.785718518721124,8-30 days,Low,0
CLM102447,52,5.4,Personal,12261.34,19025.47,1,25,3.0,1,13,0.146,0,0,1.5516631950504596,8-30 days,Medium,0
CLM102448,43,4.9,Motor,6727.54,5469.34,2,20,2.0,1,7,0.007,0,0,0.8129777006156783,8-30 days,Low,0
CLM102449,25,11.9,Motor,9489.7,45048.39,0,11,5.0,0,20,0.016,1,0,4.747082626426546,8-30 days,High,1
CLM102450,53,10.3,Personal,13997.15,39137.62,0,4,4.0,4,4,0.19,0,0,2.7961134945328157,2-7 days,High,0
CLM102451,65,4.6,Motor,5118.25,17128.49,2,13,2.0,1,19,0.11,0,0,3.3465520441557177,8-30 days,Low,0
CLM102452,47,7.0,Motor,3520.95,25016.29,0,13,2.0,1,6,0.195,0,0,7.104983030148114,8-30 days,Medium,1
CLM102453,40,1.6,Motor,13816.3,21244.73,1,9,6.0,4,23,0.331,0,0,1.5376569703900467,8-30 days,Medium,0
CLM102454,59,13.5,Motor,5425.91,6061.45,1,25,1.0,1,8,0.204,0,0,1.1171305827040994,8-30 days,Low,0
CLM102455,61,14.0,Motor,10440.52,74250.81,1,9,2.0,1,5,0.076,0,0,7.111792324520234,8-30 days,Very High,1
CLM102456,31,14.7,Motor,20442.29,33905.79,0,4,5.0,1,11,0.325,0,0,1.6586101654951573,2-7 days,High,0
CLM102457,31,13.1,Personal,12384.4,25128.48,1,26,5.0,1,10,0.175,0,0,2.0290429895675204,8-30 days,Medium,0
CLM102458,19,2.8,Travel,5490.2,25250.95,2,17,5.0,1,14,0.39,0,0,4.599276893373648,8-30 days,Medium,1
CLM102459,72,0.9,Travel,4401.99,47608.08,1,26,4.0,2,16,0.066,0,0,10.81512679492684,8-30 days,Very High,1
CLM102460,54,8.8,Motor,5987.98,8517.15,2,16,4.0,3,2,0.162,0,0,1.4223744902287583,8-30 days,Low,0
CLM102461,22,13.7,Travel,9187.46,14522.17,3,9,3.0,0,16,0.125,0,0,1.5806512354883724,8-30 days,Low,0
CLM102462,55,2.8,Travel,7595.86,32849.29,2,10,2.0,1,20,0.197,0,0,4.324630785717483,8-30 days,High,1
CLM102463,62,0.3,Home,15688.1,64643.28,2,14,6.0,0,7,0.217,1,0,4.120529573370899,8-30 days,Very High,1
CLM102464,58,12.1,Motor,11476.18,4593.71,1,23,5.0,1,21,0.179,0,0,0.40028214963515735,8-30 days,Low,0
CLM102465,71,1.3,Motor,6118.27,59101.65,1,18,2.0,1,11,0.309,0,0,9.6598630004887,8-30 days,Very High,1
CLM102466,64,6.3,Personal,12438.5,16464.25,2,11,3.0,1,12,0.245,0,0,1.323652369658721,8-30 days,Low,0
CLM102467,31,10.2,Home,16742.57,22584.71,1,15,3.0,0,11,0.571,1,0,1.348939260818381,8-30 days,Medium,0
CLM102468,73,3.7,Travel,7376.35,28719.13,1,22,5.0,2,4,0.597,0,0,3.8934066306506603,8-30 days,High,0
CLM102469,56,1.4,Home,10547.39,12226.13,1,23,2.0,1,0,0.067,0,0,1.159161650417781,8-30 days,Low,0
CLM102470,42,11.6,Motor,5734.55,11045.36,0,26,3.0,3,16,0.096,0,0,1.9261075411322597,8-30 days,Low,0
CLM102471,37,9.5,Travel,7974.75,32715.94,0,11,1.0,1,4,0.026,0,0,4.102440828866109,8-30 days,High,1
CLM102472,19,14.8,Motor,5689.73,115970.78,1,21,4.0,2,20,0.438,0,0,20.382475091085166,8-30 days,Very High,1
CLM102473,56,5.3,Home,14846.24,13770.93,3,29,2.0,3,7,0.11,0,0,0.9275702130640485,8-30 days,Low,0
CLM102474,23,1.1,Personal,6781.97,13689.94,1,21,5.0,1,1,0.22,0,1,2.01857867256859,8-30 days,Low,0
CLM102475,34,11.1,Travel,10361.35,11183.08,0,26,3.0,2,22,0.013,0,0,1.0793072331308178,8-30 days,Low,0
CLM102476,42,7.9,Motor,11312.71,23642.31,5,18,3.0,5,4,0.199,0,0,2.089889160068631,8-30 days,Medium,0
CLM102477,74,3.4,Motor,34437.67,13399.56,0,24,3.0,2,13,0.103,0,0,0.38909601027014895,8-30 days,Low,0
CLM102478,45,11.8,Home,7541.99,13617.66,1,2,4.0,0,1,0.371,1,0,1.8055791641198147,2-7 days,Low,0
CLM102479,19,3.2,Personal,5991.55,32780.55,2,12,2.0,0,20,0.473,0,0,5.471130174996453,8-30 days,High,1
CLM102480,52,4.1,Home,8228.2,9476.33,1,20,3.0,2,11,0.292,0,0,1.1516893123647942,8-30 days,Low,0
CLM102481,54,1.6,Home,5796.96,94531.8,0,21,6.0,3,13,0.028,0,0,16.307133394054816,8-30 days,Very High,1
CLM102482,22,6.1,Motor,6825.77,11592.76,2,14,4.0,2,4,0.269,0,0,1.6983812815257473,8-30 days,Low,0
CLM102483,18,6.4,Travel,11791.75,65417.04,2,30,1.0,0,20,0.212,0,0,5.547695634659826,8-30 days,Very High,1
CLM102484,57,7.8,Travel,6282.74,122970.03,0,28,2.0,5,17,0.402,0,0,19.572675297720423,8-30 days,Very High,1
CLM102485,29,10.7,Personal,10945.77,68770.2,1,16,5.0,1,17,0.315,1,0,6.282810619992929,8-30 days,Very High,1
CLM102486,73,13.6,Motor,11116.92,62648.88,1,10,2.0,1,15,0.186,0,0,5.635452985179348,8-30 days,Very High,1
CLM102487,53,2.2,Travel,9509.43,50872.62,1,24,3.0,2,4,0.366,0,0,5.349702348090264,8-30 days,Very High,1
CLM102488,62,1.0,Motor,11488.48,32869.11,1,22,5.0,3,1,0.167,0,0,2.8610495035026395,8-30 days,High,0
CLM102489,40,0.5,Home,7445.32,67782.72,2,26,6.0,2,17,0.391,1,0,9.104070745112367,8-30 days,Very High,1
CLM102490,64,2.3,Travel,3451.58,23029.27,1,11,2.0,2,21,0.186,1,0,6.67209509847664,8-30 days,Medium,1
CLM102491,48,9.9,Motor,8729.73,53577.06,1,16,5.0,3,2,0.264,0,0,6.137310088628171,8-30 days,Very High,1
CLM102492,28,11.0,Motor,8804.81,64266.59,0,21,2.0,1,8,0.133,0,0,7.299032006369246,8-30 days,Very High,1
CLM102493,27,11.8,Travel,7195.79,41000.68,2,22,6.0,3,5,0.195,1,0,5.697870560424915,8-30 days,High,1
CLM102494,20,3.8,Home,11377.2,22879.28,1,4,1.0,0,17,0.071,0,0,2.0109763386421964,2-7 days,Medium,0
CLM102495,71,4.7,Motor,11989.17,40378.65,0,28,1.0,2,0,0.26,0,0,3.367927054166385,8-30 days,High,0
CLM102496,31,7.4,Motor,9376.78,21225.38,0,4,1.0,0,17,0.03,0,0,2.2636107491057698,2-7 days,Medium,0
CLM102497,33,1.1,Home,8885.79,28465.055,2,6,2.0,3,21,0.07,1,0,3.2034354851960263,2-7 days,Medium,0
CLM102498,27,9.2,Personal,14709.85,50549.71,0,2,3.0,3,1,0.06,0,0,3.436453124946889,2-7 days,Very High,0
CLM102499,46,14.8,Motor,5242.31,31244.9,0,2,1.0,1,22,0.062,0,0,5.960139709402916,2-7 days,High,1
CLM102500,27,5.5,Travel,7322.46,50100.65,0,16,4.0,3,22,0.13,1,0,6.842051714860853,8-30 days,Very High,1
CLM102501,29,11.3,Motor,13317.58,31394.89,1,29,4.0,3,16,0.294,0,0,2.3574020204872057,8-30 days,High,0
CLM102502,47,7.6,Motor,10817.5,41030.68,0,23,1.0,3,11,0.031,0,1,3.7929909868269007,8-30 days,High,0
CLM102503,58,2.1,Motor,7646.92,79913.79,1,1,1.0,1,21,0.306,0,0,10.450454562098203,0-1 days,Very High,1
CLM102504,18,8.8,Personal,10133.27,24794.58,1,14,3.0,2,20,0.273,1,0,2.446848845436863,8-30 days,Medium,0
CLM102505,22,4.6,Motor,6641.73,20687.38,1,18,4.0,1,23,0.341,0,0,3.114757751368996,8-30 days,Medium,0
CLM102506,37,0.7,Travel,9139.84,38649.6,2,22,4.0,2,23,0.121,0,0,4.228695469504936,8-30 days,High,1
CLM102507,25,9.6,Motor,11584.77,4047.47,0,9,1.0,1,1,0.429,0,0,0.3493785375108871,8-30 days,Low,0
CLM102508,60,12.9,Personal,15201.7,47648.63,0,25,6.0,2,0,0.132,1,0,3.1344277284777355,8-30 days,Very High,0
CLM102509,29,5.3,Personal,11444.09,14667.26,1,10,3.0,4,9,0.324,0,0,1.2816449363820104,8-30 days,Low,0
CLM102510,18,6.0,Travel,15700.61,98409.11,0,23,5.0,2,21,0.448,0,0,6.267852650311038,8-30 days,Very High,1
CLM102511,74,13.4,Personal,4441.0,50628.55,0,8,3.0,3,1,0.373,0,1,11.400258950686784,8-30 days,Very High,1
CLM102512,71,12.2,Home,3140.39,55660.51,1,13,3.0,1,4,0.162,0,0,17.724075672129896,8-30 days,Very High,1
CLM102513,37,10.8,Personal,3183.43,56654.38,2,23,4.0,4,16,0.003,0,0,17.796647012813224,8-30 days,Very High,1
CLM102514,45,3.9,Motor,14045.35,19842.06,3,6,1.0,2,0,0.027,1,0,1.4127138163164321,2-7 days,Medium,0
CLM102515,74,13.7,Motor,11153.19,23037.79,2,9,1.0,1,13,0.022,0,0,2.065578547482828,8-30 days,Medium,0
CLM102516,60,2.5,Home,6152.29,7871.72,0,0,1.0,3,20,0.07,0,0,1.279478048011391,0-1 days,Low,0
CLM102517,54,9.5,Motor,7148.22,85892.21,0,0,3.0,0,5,0.174,0,0,12.015887871386164,0-1 days,Very High,1
CLM102518,64,0.6,Motor,9889.57,10655.41,1,13,3.0,2,10,0.283,0,0,1.0774391606510698,8-30 days,Low,0
CLM102519,54,9.7,Home,6138.49,27690.3,0,26,6.0,2,6,0.305,0,0,4.510930212478964,8-30 days,Medium,1
CLM102520,29,4.3,Motor,5884.53,70174.5,0,7,2.0,1,19,0.334,0,0,11.925251464433014,2-7 days,Very High,1
CLM102521,54,6.9,Home,6331.31,88489.89,1,13,5.0,2,19,0.324,0,0,13.976553035627697,8-30 days,Very High,1
CLM102522,66,5.3,Motor,6091.16,23198.15,2,6,2.0,3,20,0.16,0,0,3.8084946052968567,2-7 days,Medium,0
CLM102523,66,2.8,Personal,8670.72,7788.44,2,17,6.0,3,21,0.284,0,0,0.8982460510776499,8-30 days,Low,0
CLM102524,73,9.4,Personal,17965.17,33298.39,0,24,5.0,1,23,0.138,0,0,1.8534970723906317,8-30 days,High,0
CLM102525,61,13.3,Personal,5402.52,35947.37,1,25,2.0,1,8,0.229,1,0,6.6538152565839646,8-30 days,High,1
CLM102526,73,14.4,Motor,8224.47,38481.11,1,22,2.0,1,22,0.144,0,0,4.678855901960857,8-30 days,High,1
CLM102527,45,3.0,Home,10457.75,22265.44,1,30,2.0,0,2,0.176,0,0,2.1290851282541654,8-30 days,Medium,0
CLM102528,64,10.8,Personal,10816.42,25245.77,3,8,2.0,0,5,0.125,0,0,2.3340227173131223,8-30 days,Medium,0
CLM102529,32,10.0,Personal,6769.46,16637.7,2,26,3.0,4,8,0.105,0,0,2.457758816803704,8-30 days,Low,0
CLM102530,23,5.3,Travel,11228.79,31539.52,1,14,5.0,1,5,0.137,1,0,2.8088084290471187,8-30 days,High,0
CLM102531,61,0.5,Motor,10268.48,51087.93,1,0,6.0,1,9,0.276,0,0,4.975218338059771,0-1 days,Very High,1
CLM102532,37,10.4,Home,6937.9,34111.75,2,10,2.0,3,23,0.332,0,0,4.916725522132057,8-30 days,High,1
CLM102533,67,14.2,Travel,4624.37,27091.85,3,18,2.0,2,7,0.258,0,0,5.858495319362421,8-30 days,Medium,1
CLM102534,31,9.6,Motor,5081.34,65043.7,1,9,6.0,3,19,0.027,0,0,12.800501442532875,8-30 days,Very High,1
CLM102535,19,6.6,Home,11890.04,33940.05,0,17,1.0,3,15,0.1,0,0,2.8544941816848386,8-30 days,High,0
CLM102536,26,8.0,Personal,16155.25,28658.68,4,21,3.0,1,6,0.077,0,0,1.773954596802897,8-30 days,High,0
CLM102537,54,3.2,Travel,8502.89,29679.43,1,25,4.0,2,22,0.289,0,0,3.4905108733618806,8-30 days,High,0
CLM102538,37,11.3,Motor,15973.38,11295.71,1,3,1.0,0,22,0.037,1,0,0.7071584098043119,2-7 days,Low,0
CLM102539,43,11.2,Home,8301.99,12362.31,0,17,6.0,1,23,0.24,0,0,1.4890779198722235,8-30 days,Low,0
CLM102540,46,2.4,Personal,5078.67,25508.94,3,17,4.0,1,17,0.252,0,0,5.02275989579949,8-30 days,Medium,1
CLM102541,18,13.2,Home,7735.39,16105.2,0,21,2.0,3,17,0.038,0,1,2.082015257149284,8-30 days,Low,0
CLM102542,72,4.2,Travel,16633.22,27065.8,1,24,5.0,3,14,0.223,0,0,1.6272134920358172,8-30 days,Medium,0
CLM102543,52,14.7,Travel,6478.61,53236.05,0,21,3.0,1,21,0.47,1,0,8.217202455464985,8-30 days,Very High,1
CLM102544,23,5.9,Travel,7995.57,47536.72,1,19,4.0,0,5,0.186,0,0,5.945382255423941,8-30 days,Very High,1
CLM102545,54,2.8,Travel,14492.07,37585.47,1,11,4.0,0,4,0.354,1,0,2.5935197663273777,8-30 days,High,0
CLM102546,70,5.4,Motor,14050.0,52760.64,0,30,5.0,1,17,0.223,0,0,3.755205693950178,8-30 days,Very High,0
CLM102547,22,6.7,Motor,9754.54,60639.76,1,8,1.0,2,7,0.229,1,0,6.216567875061253,8-30 days,Very High,1
CLM102548,50,1.2,Motor,10812.01,59017.36,0,17,3.0,1,2,0.165,0,0,5.458500315852464,8-30 days,Very High,1
CLM102549,66,8.8,Motor,13713.06,57935.64,0,5,5.0,0,15,0.329,0,0,4.224851346089057,2-7 days,Very High,1
CLM102550,68,9.0,Motor,9766.11,11394.08,0,22,1.0,3,16,0.155,0,0,1.1666958492173445,8-30 days,Low,0
CLM102551,31,11.1,Motor,15124.19,6779.13,1,28,2.0,4,16,0.276,1,0,0.44823094658292445,8-30 days,Low,0
CLM102552,29,0.6,Personal,11501.06,15596.3,1,18,1.0,2,11,0.33,0,0,1.3560750052603847,8-30 days,Low,0
CLM102553,59,8.2,Motor,7952.71,19877.96,0,19,4.0,1,22,0.342,0,0,2.4995202893101847,8-30 days,Medium,0
CLM102554,37,1.0,Motor,10335.66,56185.2,1,22,1.0,0,6,0.27,0,0,5.436053430550153,8-30 days,Very High,1
CLM102555,70,10.6,Motor,7146.46,26045.38,1,24,1.0,0,21,0.302,0,0,3.6445149066810703,8-30 days,Medium,0
CLM102556,67,1.0,Home,5504.53,19537.61,1,14,2.0,1,21,0.185,0,0,3.5493693376182893,8-30 days,Medium,0
CLM102557,41,13.7,Motor,5085.62,31653.69,1,4,2.0,0,20,0.112,1,1,6.224155560187351,2-7 days,High,1
CLM102558,60,10.6,Motor,7745.43,41849.41,1,10,1.0,3,5,0.233,0,0,5.40310996290716,8-30 days,High,1
CLM102559,51,7.7,Motor,9785.55,50099.72,0,12,5.0,1,1,0.234,0,0,5.119765368323702,8-30 days,Very High,1
CLM102560,42,6.7,Personal,19116.26,20541.25,0,1,2.0,1,4,0.234,0,0,1.074543346868059,0-1 days,Medium,0
CLM102561,67,2.1,Personal,10250.25,13659.62,4,7,4.0,2,1,0.358,0,0,1.3326133508938807,2-7 days,Low,0
CLM102562,46,4.5,Personal,9264.94,15615.91,1,24,5.0,1,2,0.185,1,0,1.6854842017325529,8-30 days,Low,0
CLM102563,74,13.1,Motor,8127.3,30639.73,2,26,6.0,1,4,0.036,0,0,3.769976498960294,8-30 days,High,0
CLM102564,56,13.6,Home,7237.31,12717.82,1,10,1.0,5,16,0.146,1,0,1.7572578761998587,8-30 days,Low,0
CLM102565,48,0.2,Home,9015.16,57021.62,3,17,6.0,1,18,0.21,0,0,6.325081307486501,8-30 days,Very High,1
CLM102566,73,9.0,Motor,7508.03,12809.77,1,25,4.0,1,9,0.344,0,0,1.706142623297989,8-30 days,Low,0
CLM102567,64,10.8,Motor,7344.0,8706.39,0,9,4.0,2,11,0.146,0,0,1.1855106209150326,8-30 days,Low,0
CLM102568,60,9.4,Motor,12297.73,31460.09,1,0,5.0,5,21,0.481,1,0,2.5582030179553463,0-1 days,High,0
CLM102569,67,1.4,Travel,5650.28,22764.45,0,3,1.0,0,17,0.206,0,0,4.028906532065668,2-7 days,Medium,1
CLM102570,40,3.4,Motor,7595.85,39869.17,0,28,4.0,1,18,0.565,0,0,5.248809547318601,8-30 days,High,1
CLM102571,61,3.9,Motor,6237.87,19257.57,0,16,6.0,1,12,0.166,0,0,3.0872028432782344,8-30 days,Medium,0
CLM102572,55,12.5,Home,8961.95,37884.86,0,16,6.0,0,7,0.433,0,0,4.227300978023756,8-30 days,High,1
CLM102573,37,7.1,Home,12481.63,59597.12,1,4,2.0,0,2,0.186,0,0,4.774786626426197,2-7 days,Very High,1
CLM102574,40,7.4,Travel,9949.89,17543.69,1,22,2.0,1,22,0.352,0,0,1.763204417335267,8-30 days,Medium,0
CLM102575,62,14.0,Home,7695.69,41126.19,1,2,5.0,0,11,0.276,0,0,5.344054919052093,2-7 days,High,1
CLM102576,69,9.6,Home,12977.77,107666.27,1,6,2.0,1,3,0.237,1,1,8.296207283685872,2-7 days,Very High,1
CLM102577,33,13.5,Home,12645.28,49933.73,0,4,3.0,3,13,0.237,0,0,3.948803822453912,2-7 days,Very High,0
CLM102578,67,7.0,Motor,8652.44,15445.05,0,9,1.0,3,6,0.409,1,0,1.7850513843493856,8-30 days,Low,0
CLM102579,59,2.4,Motor,17407.74,35993.83,1,26,4.0,1,20,0.155,0,0,2.067691153475408,8-30 days,High,0
CLM102580,72,14.0,Personal,10265.53,10548.56,1,23,4.0,1,12,0.2,0,0,1.0275709096364238,8-30 days,Low,0
CLM102581,25,7.0,Personal,10141.72,11750.85,5,6,5.0,0,11,0.62,0,0,1.1586644080096868,2-7 days,Low,0
CLM102582,67,2.9,Travel,4947.4,85714.38,1,16,5.0,1,14,0.27,0,0,17.325136435299353,8-30 days,Very High,1
CLM102583,38,4.7,Motor,3984.47,38020.88,1,28,4.0,3,1,0.38,0,0,9.54226785494683,8-30 days,High,1
CLM102584,18,1.0,Motor,8746.14,88764.75,1,16,2.0,0,21,0.144,0,0,10.149020024833813,8-30 days,Very High,1
CLM102585,72,7.1,Motor,13314.19,38544.65,0,6,5.0,1,0,0.097,0,0,2.8950052537931334,2-7 days,High,0
CLM102586,25,12.8,Personal,9854.16,18599.72,4,5,3.0,2,5,0.306,0,1,1.8874992896401115,2-7 days,Medium,0
CLM102587,46,14.0,Travel,13039.26,28921.65,0,8,5.0,0,0,0.218,0,0,2.2180438153698905,8-30 days,High,0
CLM102588,49,14.0,Personal,7056.73,34236.87,1,7,2.0,2,18,0.151,0,0,4.851662172139221,2-7 days,High,1
CLM102589,55,2.1,Home,8821.48,147291.4,0,28,1.0,3,9,0.087,0,0,16.696903467445374,8-30 days,Very High,1
CLM102590,22,5.9,Motor,8564.08,47440.29,0,13,3.0,2,22,0.103,0,0,5.539449654837414,8-30 days,Very High,1
CLM102591,64,0.6,Motor,3778.76,16032.5,0,21,5.0,4,13,0.128,1,1,4.242793932401105,8-30 days,Low,1
CLM102592,39,12.9,Motor,19012.18,24220.16,1,5,1.0,0,1,0.237,0,0,1.273928607871375,2-7 days,Medium,0
CLM102593,64,5.5,Home,14570.06,39916.94,3,8,1.0,1,8,0.011,0,0,2.7396551558469904,8-30 days,High,0
CLM102594,51,9.5,Motor,12908.18,12380.9,1,27,6.0,1,2,0.096,1,1,0.9591514837877996,8-30 days,Low,0
CLM102595,18,10.8,Travel,15154.28,27628.59,1,19,4.0,2,18,0.041,0,0,1.8231542508123117,8-30 days,Medium,0
CLM102596,72,6.6,Home,6889.16,24012.99,2,24,2.0,1,13,0.124,0,0,3.4856194369124833,8-30 days,Medium,0
CLM102597,72,4.7,Motor,12160.16,40308.12,0,10,4.0,3,15,0.083,0,0,3.3147688846199395,8-30 days,High,0
CLM102598,43,14.4,Motor,6882.03,26000.0,0,10,6.0,1,6,0.075,0,0,3.7779550510532505,8-30 days,Medium,0
CLM102599,60,14.5,Motor,9085.38,9812.36,0,7,2.0,2,0,0.261,0,0,1.0800164660146303,2-7 days,Low,0
CLM102600,27,4.5,Travel,3880.88,27061.18,1,2,6.0,2,4,0.206,0,0,6.972949434148956,2-7 days,Medium,1
CLM102601,47,7.3,Motor,7949.53,49818.24,0,10,1.0,4,2,0.103,0,0,6.2668157740143124,8-30 days,Very High,1
CLM102602,67,14.6,Motor,4269.31,82773.32,2,3,5.0,1,16,0.286,1,0,19.38798541216262,2-7 days,Very High,1
CLM102603,35,0.3,Personal,4834.14,57615.2,0,22,2.0,1,22,0.018,0,0,11.918397067523902,8-30 days,Very High,1
CLM102604,34,6.3,Home,8297.05,8460.42,1,2,2.0,5,13,0.104,0,0,1.0196901308296322,2-7 days,Low,0
CLM102605,43,1.7,Home,6181.66,10277.85,1,12,1.0,1,15,0.054,0,0,1.6626359262722312,8-30 days,Low,0
CLM102606,25,7.7,Travel,9900.61,12670.45,3,18,3.0,1,6,0.171,1,0,1.2797645801622324,8-30 days,Low,0
CLM102607,64,0.6,Travel,18061.72,86609.31,3,7,1.0,2,8,0.151,1,0,4.795186172745453,2-7 days,Very High,1
CLM102608,57,6.2,Home,6425.64,40586.89,2,20,6.0,3,6,0.545,0,0,6.316396499025777,8-30 days,High,1
CLM102609,66,3.5,Motor,7545.26,202693.59,2,27,1.0,0,14,0.237,0,0,26.863698533914004,8-30 days,Very High,1
CLM102610,29,8.1,Motor,11462.67,73370.44,0,20,2.0,0,19,0.186,0,0,6.400815865762515,8-30 days,Very High,1
CLM102611,44,14.9,Travel,6287.78,30076.6,0,23,1.0,2,2,0.145,0,0,4.783341656355661,8-30 days,High,1
CLM102612,25,12.0,Home,6160.38,19897.51,2,21,4.0,1,21,0.215,0,0,3.229916011674604,8-30 days,Medium,0
CLM102613,42,12.7,Travel,6959.21,28465.055,2,20,1.0,4,15,0.144,0,0,4.090271022141881,8-30 days,Medium,1
CLM102614,63,9.6,Personal,12634.89,52616.71,0,0,5.0,1,21,0.359,0,0,4.164397948854323,0-1 days,Very High,1
CLM102615,21,0.8,Personal,3835.77,69436.41,2,20,1.0,4,17,0.134,0,0,18.102339295630344,8-30 days,Very High,1
CLM102616,50,3.3,Motor,5804.88,22543.58,2,7,1.0,2,6,0.123,0,0,3.88355659376249,2-7 days,Medium,0
CLM102617,18,13.9,Motor,16927.94,144921.91,2,29,5.0,0,16,0.171,1,0,8.5611072581779,8-30 days,Very High,1
CLM102618,36,5.6,Motor,2107.38,27083.91,0,8,3.0,0,17,0.402,0,0,12.851934629729806,8-30 days,Medium,1
CLM102619,48,1.7,Travel,8026.51,68007.14,1,5,3.0,1,2,0.186,0,1,8.47281570695109,2-7 days,Very High,1
CLM102620,33,10.6,Motor,16920.67,36044.35,1,10,3.0,3,21,0.099,1,0,2.1301963811125684,8-30 days,High,0
CLM102621,31,4.6,Motor,20076.7,21465.97,0,28,4.0,2,10,0.179,0,0,1.0691981251898968,8-30 days,Medium,0
CLM102622,70,4.2,Motor,12179.76,6420.55,1,30,5.0,3,22,0.353,0,0,0.5271491392277023,8-30 days,Low,0
CLM102623,65,15.0,Motor,14402.38,11056.97,2,28,4.0,1,13,0.334,0,0,0.7677182521222187,8-30 days,Low,0
CLM102624,22,12.9,Motor,5546.63,67677.66,0,9,4.0,2,16,0.013,0,0,12.201581861418555,8-30 days,Very High,1
CLM102625,58,6.2,Motor,5755.53,49227.75,2,2,6.0,1,18,0.048,0,0,8.5531219540164,2-7 days,Very High,1
CLM102626,43,14.7,Home,18383.25,43671.42,0,7,4.0,3,21,0.333,0,0,2.3756093182652687,2-7 days,High,0
CLM102627,45,9.8,Motor,7548.42,89821.06,2,28,5.0,1,19,0.051,0,0,11.899319327753357,8-30 days,Very High,1
CLM102628,19,11.2,Motor,3652.41,13434.06,0,4,2.0,3,4,0.134,0,0,3.678135806221098,2-7 days,Low,0
CLM102629,67,0.7,Personal,10261.02,19652.09,1,1,2.0,1,2,0.092,1,0,1.9152179802787637,0-1 days,Medium,0
CLM102630,23,2.0,Personal,7799.95,20675.09,0,15,3.0,0,15,0.7,0,1,2.6506695555740745,8-30 days,Medium,0
CLM102631,26,9.6,Motor,8816.06,10258.86,1,0,4.0,1,23,0.154,0,0,1.1636558734854348,0-1 days,Low,0
CLM102632,50,13.5,Motor,2910.98,15376.38,1,26,3.0,0,0,0.384,0,0,5.282200496052876,8-30 days,Low,1
CLM102633,58,9.4,Travel,2581.51,12526.29,0,23,4.0,0,10,0.254,0,0,4.852311244194289,8-30 days,Low,1
CLM102634,42,2.2,Motor,9739.77,8626.24,2,1,3.0,1,9,0.104,0,0,0.8856718382466936,0-1 days,Low,0
CLM102635,65,1.9,Motor,7416.13,14289.29,2,26,1.0,0,6,0.087,0,0,1.9267852640123624,8-30 days,Low,0
CLM102636,30,12.7,Motor,6920.43,26651.3,0,2,5.0,1,15,0.192,0,0,3.851104627891619,2-7 days,Medium,0
CLM102637,26,2.3,Motor,10132.86,106968.05,2,8,4.0,2,1,0.194,0,0,10.556550667827247,8-30 days,Very High,1
CLM102638,70,7.9,Home,5986.88,13036.7,2,16,6.0,1,7,0.099,0,0,2.1775448981773478,8-30 days,Low,0
CLM102639,30,0.7,Personal,7542.98,62633.58,2,23,4.0,0,14,0.269,0,0,8.303559070818165,8-30 days,Very High,1
CLM102640,48,1.4,Travel,6945.72,33052.3,0,11,4.0,3,15,0.186,0,0,4.7586571298583875,8-30 days,High,1
CLM102641,58,10.2,Home,12660.88,38858.71,2,1,5.0,8,2,0.068,1,0,3.0691950322568418,0-1 days,High,0
CLM102642,28,10.4,Motor,3649.44,28465.055,0,23,1.0,2,19,0.122,0,0,7.799841893550791,8-30 days,Medium,1
CLM102643,21,5.3,Home,6351.92,6973.21,1,29,2.0,2,1,0.261,0,0,1.0978113704202823,8-30 days,Low,0
CLM102644,51,3.4,Motor,13880.14,12723.59,2,1,5.0,3,14,0.011,0,0,0.9166759124907963,0-1 days,Low,0
CLM102645,55,12.2,Motor,5831.96,43051.16,1,22,1.0,0,13,0.01,0,0,7.381936775972401,8-30 days,High,1
CLM102646,63,3.4,Home,8971.43,28986.98,1,18,3.0,2,20,0.025,0,0,3.2310322880521833,8-30 days,High,0
CLM102647,21,8.2,Personal,18016.98,28465.055,2,19,4.0,4,8,0.122,0,0,1.579901570629484,8-30 days,Medium,0
CLM102648,55,14.5,Motor,9127.96,23786.09,1,27,4.0,3,3,0.14,0,0,2.605849499778702,8-30 days,Medium,0
CLM102649,36,2.4,Personal,22271.16,43661.93,2,30,2.0,4,22,0.002,1,0,1.9604695040581632,8-30 days,High,0
CLM102650,23,14.1,Motor,15958.92,10933.53,2,26,3.0,1,7,0.18,0,0,0.6851046311404532,8-30 days,Low,0
CLM102651,51,2.9,Motor,6339.61,20795.29,1,16,1.0,2,9,0.181,0,0,3.2802159754306657,8-30 days,Medium,0
CLM102652,35,8.6,Motor,4812.69,87442.21,2,27,3.0,4,16,0.329,0,0,18.16909254491771,8-30 days,Very High,1
CLM102653,30,5.8,Home,6477.3,43562.29,2,25,3.0,1,5,0.324,0,0,6.725377858058142,8-30 days,High,1
CLM102654,58,14.5,Travel,10085.42,92037.87,1,16,2.0,0,4,0.14,0,0,9.12583412490506,8-30 days,Very High,1
CLM102655,40,4.2,Home,9933.21,21114.17,0,12,1.0,2,9,0.226,0,0,2.125613975743994,8-30 days,Medium,0
CLM102656,36,6.1,Motor,11462.77,63021.02,0,11,2.0,0,16,0.135,0,0,5.497887508865658,8-30 days,Very High,1
CLM102657,62,14.7,Motor,5604.86,12916.75,2,10,1.0,1,15,0.271,1,0,2.304562469000118,8-30 days,Low,0
CLM102658,28,8.1,Home,5988.46,52192.98,0,25,5.0,2,22,0.268,0,0,8.71559299051843,8-30 days,Very High,1
CLM102659,18,7.6,Motor,10928.85,16378.78,1,30,3.0,0,16,0.019,0,1,1.4986736939385206,8-30 days,Low,0
CLM102660,41,4.0,Motor,20821.19,39451.57,1,27,4.0,1,17,0.234,0,0,1.8947797892435543,8-30 days,High,0
CLM102661,71,10.6,Personal,5188.46,40975.87,0,10,2.0,2,19,0.015,0,0,7.897501378058229,8-30 days,High,1
CLM102662,24,0.4,Travel,8227.41,46916.97,1,23,5.0,1,8,0.159,1,0,5.702519991102911,8-30 days,High,1
CLM102663,42,0.9,Motor,7229.36,13146.24,0,7,6.0,0,10,0.193,0,0,1.8184514258523576,2-7 days,Low,0
CLM102664,38,9.1,Motor,9074.64,35499.79,0,17,3.0,5,1,0.138,0,0,3.9119777754269043,8-30 days,High,0
CLM102665,32,5.3,Motor,4959.53,28531.91,1,3,3.0,1,13,0.299,0,0,5.752946347738597,2-7 days,High,1
CLM102666,18,14.3,Home,8843.85,71737.94,1,17,5.0,0,14,0.054,0,0,8.111618808550574,8-30 days,Very High,1
CLM102667,29,13.6,Personal,14723.11,17324.02,2,28,2.0,1,0,0.26,0,0,1.1766549322799327,8-30 days,Medium,0
CLM102668,75,10.8,Travel,4092.97,10512.45,1,14,4.0,0,0,0.017,0,0,2.56841608905025,8-30 days,Low,0
CLM102669,24,12.3,Motor,13306.87,8151.57,2,23,3.0,1,8,0.157,0,0,0.6125835752509793,8-30 days,Low,0
CLM102670,32,10.1,Motor,4964.73,22599.87,1,6,4.0,0,11,0.094,0,0,4.552084403381453,2-7 days,Medium,1
CLM102671,38,2.1,Personal,9547.03,20329.01,0,22,3.0,0,16,0.021,0,0,2.129354364655814,8-30 days,Medium,0
CLM102672,36,11.5,Personal,10591.28,22348.01,1,25,1.0,5,14,0.285,0,0,2.1100386355567973,8-30 days,Medium,0
CLM102673,46,3.3,Home,10063.3,22426.26,0,14,5.0,2,3,0.268,1,0,2.2285194717438612,8-30 days,Medium,0
CLM102674,42,5.0,Motor,7315.54,79679.81,0,30,2.0,1,4,0.145,1,0,10.891856240277546,8-30 days,Very High,1
CLM102675,50,12.3,Home,11452.26,25076.8,1,18,3.0,0,13,0.155,1,0,2.1896813380066464,8-30 days,Medium,0
CLM102676,66,8.1,Personal,4827.41,28465.055,3,27,5.0,0,5,0.472,0,1,5.89654804543223,8-30 days,Medium,1
CLM102677,49,12.9,Home,12827.92,37353.07,0,26,4.0,2,5,0.064,0,0,2.9118571054387616,8-30 days,High,0
CLM102678,66,3.4,Travel,6895.03,14120.31,0,20,2.0,1,18,0.237,0,0,2.0478968184329873,8-30 days,Low,0
CLM102679,52,9.2,Motor,9825.35,28178.34,1,29,2.0,1,22,0.115,0,0,2.867922262311266,8-30 days,Medium,0
CLM102680,61,1.4,Motor,7256.7,89241.79,2,16,5.0,4,23,0.244,1,0,12.297847506442322,8-30 days,Very High,1
CLM102681,55,9.7,Motor,16937.22,59954.2,2,9,5.0,0,0,0.391,0,0,3.53978988287334,8-30 days,Very High,0
CLM102682,43,11.5,Personal,10354.82,68998.6,1,10,5.0,2,8,0.186,0,0,6.663428239216134,8-30 days,Very High,1
CLM102683,28,8.9,Home,11402.06,40887.48,1,13,1.0,2,21,0.294,0,0,3.5859730610082745,8-30 days,High,0
CLM102684,52,4.1,Travel,12115.3,19575.07,0,3,1.0,0,0,0.672,0,0,1.61573134796497,2-7 days,Medium,0
CLM102685,25,0.7,Motor,7626.44,95798.09,0,3,2.0,4,3,0.342,0,0,12.561311699823246,2-7 days,Very High,1
CLM102686,63,2.0,Personal,9681.72,42598.54,0,0,5.0,0,15,0.081,1,0,4.399893820519495,0-1 days,High,1
CLM102687,31,9.4,Personal,9156.32,56282.35,3,11,6.0,3,4,0.26,0,0,6.1468308228633335,8-30 days,Very High,1
CLM102688,27,14.0,Motor,11361.97,30374.61,0,6,6.0,0,15,0.265,0,0,2.6733577011733,2-7 days,High,0
CLM102689,19,3.3,Personal,6955.58,12899.19,2,4,1.0,0,21,0.106,0,0,1.8545096167393662,2-7 days,Low,0
CLM102690,63,11.1,Motor,6184.89,37653.08,1,0,2.0,4,13,0.308,0,0,6.087914255548603,0-1 days,High,1
CLM102691,26,13.0,Motor,14467.19,99749.85,1,20,3.0,0,8,0.228,0,0,6.89490149780296,8-30 days,Very High,1
CLM102692,20,7.9,Motor,12110.67,51336.13,1,23,6.0,0,13,0.367,0,1,4.238917417450892,8-30 days,Very High,1
CLM102693,38,10.1,Personal,5826.15,42418.35,1,25,5.0,3,15,0.164,0,0,7.280682783656446,8-30 days,High,1
CLM102694,43,12.3,Personal,20006.79,14691.79,1,7,1.0,3,5,0.514,0,0,0.7343401915049841,2-7 days,Low,0
CLM102695,25,4.1,Motor,6572.74,87749.6,1,28,2.0,3,16,0.179,0,0,13.35053569744125,8-30 days,Very High,1
CLM102696,65,4.6,Travel,8966.06,76909.91,1,17,5.0,1,0,0.266,0,0,8.577893745970918,8-30 days,Very High,1
CLM102697,19,0.2,Home,14381.97,28465.055,0,12,2.0,0,17,0.12,1,0,1.9792180765222012,8-30 days,Medium,0
CLM102698,23,14.5,Travel,14320.4,56198.56,1,16,3.0,1,10,0.107,0,0,3.924370827630513,8-30 days,Very High,0
CLM102699,45,13.8,Motor,6187.98,23222.29,3,1,6.0,1,10,0.227,1,0,3.752806246949732,0-1 days,Medium,0
CLM102700,70,11.5,Home,10727.66,34846.83,0,5,2.0,2,11,0.131,0,0,3.2483160353702485,2-7 days,High,0
CLM102701,46,1.4,Home,7392.53,15165.29,1,28,2.0,0,1,0.085,0,0,2.0514343533269397,8-30 days,Low,0
CLM102702,43,6.8,Motor,10266.33,30654.53,1,20,3.0,0,15,0.239,0,0,2.9859287593521735,8-30 days,High,0
CLM102703,42,1.7,Motor,8032.67,12267.99,1,3,4.0,1,21,0.088,0,0,1.527261794646114,2-7 days,Low,0
CLM102704,29,0.4,Home,7090.99,15329.43,1,7,5.0,1,9,0.244,0,0,2.16181802540971,2-7 days,Low,0
CLM102705,22,9.3,Motor,5512.39,41284.04,0,14,3.0,3,20,0.071,0,0,7.489317700670671,8-30 days,High,1
CLM102706,51,14.4,Personal,14489.05,15872.51,1,4,6.0,2,13,0.181,0,0,1.0954831407166101,2-7 days,Low,0
CLM102707,65,13.6,Motor,6082.19,38624.55,0,19,3.0,2,6,0.15,1,0,6.350434629631762,8-30 days,High,1
CLM102708,54,10.5,Personal,16458.34,30401.57,0,28,6.0,1,7,0.179,0,0,1.8471832517738727,8-30 days,High,0
CLM102709,32,1.6,Motor,7447.33,167114.73,3,10,5.0,1,9,0.016,0,0,22.439549476120973,8-30 days,Very High,1
CLM102710,61,4.3,Motor,10571.48,17237.82,0,7,6.0,2,9,0.23,0,0,1.630596661962185,2-7 days,Low,0
CLM102711,53,4.9,Motor,16991.76,21759.28,1,27,2.0,1,9,0.196,0,0,1.2805783509183275,8-30 days,Medium,0
CLM102712,32,11.5,Travel,7002.73,16360.0,0,16,1.0,0,13,0.186,0,0,2.3362317267694173,8-30 days,Low,0
CLM102713,60,12.1,Travel,10510.74,81818.21,1,8,5.0,3,18,0.128,0,0,7.784248302212785,8-30 days,Very High,1
CLM102714,65,5.9,Motor,10616.2,30327.63,3,17,3.0,1,8,0.393,0,0,2.8567312220945347,8-30 days,High,0
CLM102715,40,6.4,Motor,6297.22,24808.05,1,29,2.0,1,16,0.18,0,0,3.939524107463293,8-30 days,Medium,0
CLM102716,23,0.9,Home,9394.11,49895.41,4,13,6.0,3,18,0.227,0,0,5.311350409990941,8-30 days,Very High,1
CLM102717,63,4.5,Motor,11884.32,14579.04,3,23,4.0,0,1,0.103,0,0,1.226745829799265,8-30 days,Low,0
CLM102718,67,6.9,Travel,18274.25,10232.62,1,8,2.0,4,14,0.062,0,0,0.5599474670643119,8-30 days,Low,0
CLM102719,61,1.9,Motor,7052.35,34676.64,2,9,1.0,0,5,0.05,1,0,4.9170333293157595,8-30 days,High,1
CLM102720,60,6.9,Home,9931.49,31620.29,1,23,2.0,1,15,0.295,1,0,3.1838414981035075,8-30 days,High,0
CLM102721,62,12.8,Travel,8027.6,16116.56,1,24,1.0,3,16,0.427,0,0,2.0076436294782996,8-30 days,Low,0
CLM102722,38,8.8,Personal,9272.74,36558.45,1,19,4.0,3,23,0.367,0,0,3.9425725298024097,8-30 days,High,0
CLM102723,40,1.4,Home,6512.73,112123.52,1,26,4.0,2,9,0.01,0,0,17.216055325493304,8-30 days,Very High,1
CLM102724,60,3.0,Motor,7877.4,39171.02,0,1,2.0,2,11,0.381,0,0,4.972582324117094,0-1 days,High,1
CLM102725,72,7.2,Motor,16831.66,6331.59,3,2,5.0,0,11,0.154,0,0,0.37617145308305894,2-7 days,Low,0
CLM102726,33,5.6,Home,9001.66,81047.46,0,28,5.0,0,18,0.415,0,0,9.003612666996977,8-30 days,Very High,1
CLM102727,64,5.5,Home,8796.15,124489.65,1,23,5.0,0,5,0.242,0,0,14.152742961409253,8-30 days,Very High,1
CLM102728,70,8.0,Personal,5792.06,41639.72,1,4,6.0,1,1,0.23,0,0,7.1891037040362145,2-7 days,High,1
CLM102729,32,8.8,Travel,13887.84,31839.08,2,26,6.0,1,20,0.234,0,0,2.292586896162398,8-30 days,High,0
CLM102730,42,12.0,Home,12443.5,8772.31,1,3,4.0,1,17,0.091,0,0,0.7049712701410374,2-7 days,Low,0
CLM102731,53,5.2,Motor,9000.99,14629.51,0,2,1.0,2,6,0.022,0,0,1.6253223256552891,2-7 days,Low,0
CLM102732,28,12.1,Motor,19996.79,22242.43,1,26,6.0,2,4,0.08,0,0,1.1123000241538767,8-30 days,Medium,0
CLM102733,68,5.2,Motor,6688.56,16141.18,2,18,6.0,2,23,0.122,0,0,2.413251880823376,8-30 days,Low,0
CLM102734,32,1.0,Motor,5317.65,19108.8,0,9,3.0,4,21,0.199,0,0,3.5934670390115935,8-30 days,Medium,0
CLM102735,21,8.4,Home,8144.56,30717.53,3,30,2.0,2,7,0.186,0,0,3.771539530680601,8-30 days,High,0
CLM102736,38,8.9,Motor,5805.56,16756.69,1,25,6.0,0,11,0.099,0,0,2.8863175989913112,8-30 days,Low,0
CLM102737,30,14.0,Motor,9472.24,87513.94,1,6,6.0,1,22,0.378,0,0,9.23899098840401,2-7 days,Very High,1
CLM102738,39,10.9,Motor,8784.63,29607.68,1,26,1.0,1,0,0.396,0,0,3.370395793562165,8-30 days,High,0
CLM102739,36,13.8,Motor,14280.15,40878.64,0,29,3.0,2,14,0.277,0,0,2.862619790408364,8-30 days,High,0
CLM102740,51,13.6,Motor,6924.0,41024.93,2,11,4.0,3,12,0.064,0,0,5.9250332177931835,8-30 days,High,1
CLM102741,31,9.1,Home,9869.76,37307.33,3,7,3.0,2,9,0.247,0,0,3.7799632412540936,2-7 days,High,0
CLM102742,21,8.0,Motor,9238.89,29014.46,2,28,4.0,1,17,0.385,1,0,3.1404703378869105,8-30 days,High,0
CLM102743,65,8.5,Home,12362.98,59252.45,0,4,4.0,3,17,0.141,0,0,4.792732011214125,2-7 days,Very High,1
CLM102744,70,14.7,Home,5110.92,69344.46,3,23,6.0,0,6,0.395,0,0,13.56790166936677,8-30 days,Very High,1
CLM102745,69,11.6,Personal,5674.97,5958.28,0,12,6.0,4,14,0.49,0,0,1.0499227308690617,8-30 days,Low,0
CLM102746,63,1.8,Motor,6550.57,9529.04,2,8,6.0,2,4,0.336,0,0,1.4546886759472841,8-30 days,Low,0
CLM102747,44,11.7,Motor,5217.97,18636.21,1,3,1.0,0,4,0.279,0,0,3.571544106232883,2-7 days,Medium,0
CLM102748,46,2.7,Motor,11196.65,12128.05,3,1,5.0,2,0,0.236,0,0,1.0831855956915684,0-1 days,Low,0
CLM102749,64,6.8,Motor,11244.94,16133.64,2,4,5.0,1,5,0.281,0,0,1.4347466504934663,2-7 days,Low,0
CLM102750,45,3.3,Personal,13894.52,19937.11,2,1,1.0,3,15,0.247,0,0,1.434890158134286,0-1 days,Medium,0
CLM102751,52,10.4,Travel,7960.46,23092.86,2,25,2.0,2,7,0.016,0,0,2.9009454227519518,8-30 days,Medium,0
CLM102752,25,13.2,Home,6903.23,9150.8,3,17,4.0,1,3,0.393,0,0,1.3255823723097737,8-30 days,Low,0
CLM102753,33,4.5,Motor,5550.25,20522.6,0,5,2.0,3,12,0.194,0,0,3.697599207242917,2-7 days,Medium,0
CLM102754,59,1.4,Home,15281.9,81386.67,1,25,4.0,1,18,0.57,0,0,5.325690522775309,8-30 days,Very High,1
CLM102755,53,4.6,Motor,7691.03,23188.51,1,10,6.0,1,9,0.623,0,0,3.015007092678094,8-30 days,Medium,0
CLM102756,47,10.2,Home,6131.51,43649.34,0,9,4.0,4,16,0.14,0,0,7.118856529631363,8-30 days,High,1
CLM102757,35,5.1,Home,11914.51,26621.66,2,0,6.0,0,19,0.213,0,0,2.234389832229777,0-1 days,Medium,0
CLM102758,19,4.3,Motor,7296.67,30519.55,0,1,5.0,5,17,0.111,0,0,4.182668258260275,0-1 days,High,1
CLM102759,66,2.9,Motor,5258.95,25676.46,2,20,5.0,4,4,0.027,0,1,4.8824309035073545,8-30 days,Medium,1
CLM102760,30,7.6,Travel,5753.17,48883.93,1,9,4.0,1,11,0.171,0,0,8.49686868283051,8-30 days,Very High,1
CLM102761,21,4.3,Motor,8853.4,15127.91,1,4,6.0,2,0,0.185,0,0,1.708711907289855,2-7 days,Low,0
CLM102762,43,11.0,Motor,5246.31,31832.61,1,25,5.0,2,20,0.029,0,0,6.067618955036968,8-30 days,High,1
CLM102763,42,1.3,Motor,8178.85,18164.56,1,11,5.0,0,0,0.001,0,0,2.220918588799159,8-30 days,Medium,0
CLM102764,47,10.0,Motor,5759.86,46286.76,1,18,6.0,0,2,0.296,0,0,8.03609115499335,8-30 days,High,1
CLM102765,28,3.7,Travel,5553.18,12197.51,0,20,3.0,1,6,0.007,0,0,2.196491019559964,8-30 days,Low,0
CLM102766,24,7.4,Home,6824.3,45609.61,2,24,3.0,2,20,0.315,1,0,6.683412218102956,8-30 days,High,1
CLM102767,48,4.4,Travel,9131.62,32740.77,1,1,6.0,0,10,0.411,1,0,3.585428434385136,0-1 days,High,0
CLM102768,61,10.9,Motor,9814.29,10844.68,3,28,4.0,4,19,0.135,0,0,1.1049887460020031,8-30 days,Low,0
CLM102769,27,14.2,Travel,12884.34,103730.32,1,5,5.0,1,20,0.034,0,0,8.050883475599061,2-7 days,Very High,1
CLM102770,56,13.8,Personal,5975.64,42545.93,0,14,3.0,4,14,0.376,0,0,7.1198951074696595,8-30 days,High,1
CLM102771,30,8.8,Motor,15898.82,12403.16,3,7,2.0,1,2,0.043,0,0,0.78013085247836,2-7 days,Low,0
CLM102772,48,7.0,Motor,28918.87,31492.96,2,15,4.0,0,7,0.106,0,0,1.0890107393546151,8-30 days,High,0
CLM102773,24,12.3,Personal,7036.36,8188.32,1,18,4.0,1,2,0.07,0,0,1.163715330085442,8-30 days,Low,0
CLM102774,73,10.3,Motor,3837.55,7739.78,0,29,2.0,2,21,0.327,0,0,2.016854503524384,8-30 days,Low,0
CLM102775,66,2.9,Motor,3882.02,68675.38,4,17,4.0,0,22,0.448,0,0,17.690630135857106,8-30 days,Very High,1
CLM102776,59,12.3,Motor,6797.13,11383.16,1,26,5.0,2,12,0.192,0,0,1.67470093995554,8-30 days,Low,0
CLM102777,59,6.5,Motor,6219.65,50537.13,1,16,3.0,1,1,0.11,0,0,8.125397731383599,8-30 days,Very High,1
CLM102778,73,3.0,Motor,8519.68,67198.21,2,28,1.0,1,22,0.145,0,0,7.8874100905198326,8-30 days,Very High,1
CLM102779,53,4.4,Motor,10684.5,13385.66,0,0,3.0,1,2,0.323,0,0,1.2528110814731621,0-1 days,Low,0
CLM102780,37,4.2,Home,4765.16,133244.62,0,10,6.0,3,18,0.264,0,0,27.962255202343677,8-30 days,Very High,1
CLM102781,21,7.9,Motor,7868.6,30016.44,0,3,2.0,1,14,0.14,1,0,3.8147116386650737,2-7 days,High,0
CLM102782,71,3.7,Personal,6769.15,29034.15,2,27,1.0,2,20,0.173,0,0,4.289186973253659,8-30 days,High,1
CLM102783,24,2.0,Motor,21243.78,13243.97,1,5,6.0,0,14,0.065,1,0,0.6234281281391542,2-7 days,Low,0
CLM102784,71,2.0,Personal,4564.71,13424.76,2,6,6.0,2,19,0.073,0,0,2.9409885841597823,2-7 days,Low,0
CLM102785,18,8.8,Personal,6041.17,5401.84,1,28,5.0,1,6,0.044,0,0,0.894171162208645,8-30 days,Low,0
CLM102786,61,11.1,Travel,8629.23,15635.81,0,7,5.0,0,2,0.363,1,0,1.8119588885682731,2-7 days,Low,0
CLM102787,73,5.0,Personal,6059.48,67148.15,1,23,3.0,1,16,0.182,0,0,11.081503693386232,8-30 days,Very High,1
CLM102788,62,0.7,Travel,14153.59,13046.75,0,9,4.0,3,1,0.225,0,0,0.9217979325386704,8-30 days,Low,0
CLM102789,59,2.1,Personal,5371.58,13926.21,0,29,6.0,1,15,0.176,0,0,2.592572390246445,8-30 days,Low,0
CLM102790,64,13.7,Motor,5628.93,10671.04,1,16,4.0,1,10,0.165,1,0,1.895749280946823,8-30 days,Low,0
CLM102791,30,7.5,Motor,14713.62,10087.09,1,11,2.0,1,8,0.082,0,0,0.6855614050111393,8-30 days,Low,0
CLM102792,72,6.9,Travel,4973.67,54482.85,0,7,4.0,1,10,0.133,0,0,10.954255107395545,2-7 days,Very High,1
CLM102793,39,0.8,Motor,12374.42,11257.85,0,11,5.0,1,23,0.462,0,0,0.9097678921517129,8-30 days,Low,0
CLM102794,71,11.0,Personal,6933.81,25365.69,0,25,1.0,2,22,0.192,0,0,3.658261475292804,8-30 days,Medium,0
CLM102795,38,8.0,Personal,6435.39,21450.27,2,16,6.0,1,4,0.206,1,0,3.33317328087342,8-30 days,Medium,0
CLM102796,39,3.2,Motor,6763.47,57378.38,0,2,3.0,1,12,0.211,0,0,8.483571302896294,2-7 days,Very High,1
CLM102797,45,1.8,Personal,5133.67,14954.09,3,13,3.0,1,18,0.068,0,0,2.9129433718957394,8-30 days,Low,0
CLM102798,26,5.9,Motor,12784.65,20267.19,0,11,3.0,5,12,0.089,0,0,1.5852753106264152,8-30 days,Medium,0
CLM102799,43,12.6,Motor,9036.72,12340.51,1,4,4.0,2,1,0.264,0,0,1.365596145504121,2-7 days,Low,0
CLM102800,26,13.0,Home,12692.35,17322.88,1,12,1.0,1,21,0.046,1,0,1.3648284202689023,8-30 days,Medium,0
CLM102801,32,9.1,Motor,14431.64,14241.81,0,10,4.0,2,1,0.165,1,0,0.9868462627948037,8-30 days,Low,0
CLM102802,27,11.0,Home,10843.09,25120.2,0,15,4.0,2,7,0.366,0,0,2.3167012355334133,8-30 days,Medium,0
CLM102803,41,1.9,Home,4420.78,93023.31,2,25,6.0,3,4,0.073,1,0,21.04228439325187,8-30 days,Very High,1
CLM102804,75,8.9,Motor,5495.27,24036.21,0,9,5.0,2,10,0.162,0,0,4.373981624196809,8-30 days,Medium,1
CLM102805,74,10.1,Travel,12465.66,67576.44,1,29,6.0,0,1,0.136,0,0,5.421007792607853,8-30 days,Very High,1
CLM102806,59,3.2,Home,8714.98,56880.99,2,27,5.0,1,5,0.26,0,0,6.526806716710767,8-30 days,Very High,1
CLM102807,25,13.2,Motor,11390.01,28465.055,1,23,6.0,0,21,0.203,1,0,2.499124671532334,8-30 days,Medium,0
CLM102808,41,3.1,Motor,8166.56,57590.62,1,7,6.0,3,23,0.071,0,1,7.05200476087851,2-7 days,Very High,1
CLM102809,33,4.8,Personal,7005.56,33288.38,1,5,4.0,1,11,0.095,1,0,4.751708642849393,2-7 days,High,1
CLM102810,66,9.4,Personal,11396.55,9588.52,2,19,6.0,0,5,0.078,0,0,0.8413528655601915,8-30 days,Low,0
CLM102811,43,9.6,Motor,3906.82,27195.28,1,19,2.0,1,15,0.065,0,0,6.960975934391653,8-30 days,Medium,1
CLM102812,44,10.6,Motor,7360.93,32676.95,0,23,2.0,1,18,0.101,0,0,4.439242052295023,8-30 days,High,1
CLM102813,54,1.9,Travel,8758.11,105049.41,2,26,2.0,2,23,0.209,0,0,11.994529641669263,8-30 days,Very High,1
CLM102814,21,12.8,Home,9336.93,13921.86,1,2,6.0,1,17,0.073,1,0,1.4910532691152232,2-7 days,Low,0
CLM102815,67,8.1,Motor,4747.14,39471.28,2,23,4.0,3,8,0.257,0,0,8.314749512337954,8-30 days,High,1
CLM102816,41,7.2,Home,4836.37,11124.05,0,19,1.0,1,21,0.194,0,0,2.3000824998914475,8-30 days,Low,0
CLM102817,36,14.7,Motor,7121.71,89067.23,0,9,3.0,0,16,0.12,0,0,12.506438762600554,8-30 days,Very High,1
CLM102818,53,11.2,Travel,8263.29,70104.5,2,24,5.0,0,19,0.107,0,0,8.483848442932535,8-30 days,Very High,1
CLM102819,56,1.9,Motor,17113.07,11393.15,2,27,3.0,2,16,0.031,0,0,0.6657572253254384,8-30 days,Low,0
CLM102820,27,11.4,Motor,5725.76,103344.32,1,17,3.0,2,2,0.201,0,0,18.049013580729895,8-30 days,Very High,1
CLM102821,42,1.6,Motor,6808.38,62804.18,0,9,4.0,0,14,0.167,1,0,9.22454093337916,8-30 days,Very High,1
CLM102822,35,0.6,Personal,17396.02,72320.58,1,12,3.0,1,9,0.08,0,0,4.157306096451947,8-30 days,Very High,1
CLM102823,36,6.2,Travel,13720.7,90887.69,1,13,4.0,3,21,0.137,0,0,6.624129235388865,8-30 days,Very High,1
CLM102824,53,14.9,Travel,5148.82,65159.05,0,0,3.0,1,18,0.147,0,0,12.655142343294193,0-1 days,Very High,1
CLM102825,27,2.8,Home,11519.22,21758.21,2,19,1.0,1,4,0.159,0,0,1.8888613986016414,8-30 days,Medium,0
CLM102826,50,10.2,Motor,12362.25,86396.21,2,14,1.0,0,23,0.356,1,0,6.988712410766649,8-30 days,Very High,1
CLM102827,72,2.8,Personal,9282.73,14328.7,2,24,1.0,1,23,0.186,1,0,1.5435868542982507,8-30 days,Low,0
CLM102828,67,10.9,Motor,5013.47,15653.12,4,11,1.0,2,12,0.371,0,0,3.122212758827718,8-30 days,Low,0
CLM102829,22,7.7,Travel,6501.87,19899.54,1,15,2.0,2,3,0.079,0,0,3.06058718491757,8-30 days,Medium,0
CLM102830,64,10.3,Motor,6407.59,35959.49,2,6,5.0,1,13,0.138,0,0,5.612014813681899,2-7 days,High,1
CLM102831,66,3.2,Motor,10784.13,14066.76,0,13,1.0,4,20,0.019,0,0,1.3043945130483405,8-30 days,Low,0
CLM102832,52,11.2,Home,7006.37,11403.05,1,8,3.0,1,19,0.138,0,0,1.6275260941115013,8-30 days,Low,0
CLM102833,61,14.9,Travel,7545.16,14085.63,1,8,2.0,0,6,0.312,0,0,1.86684311532161,8-30 days,Low,0
CLM102834,51,10.1,Personal,6482.9,21323.77,0,9,4.0,1,5,0.317,1,0,3.2892332135309816,8-30 days,Medium,0
CLM102835,50,7.5,Home,4215.48,29520.03,1,30,3.0,4,10,0.216,1,0,7.0027683680150306,8-30 days,High,1
CLM102836,72,13.9,Motor,27326.57,15820.33,4,8,3.0,3,10,0.035,0,0,0.5789358122881869,8-30 days,Low,0
CLM102837,38,0.4,Personal,10189.14,11286.24,1,24,2.0,1,17,0.045,0,0,1.1076734641000123,8-30 days,Low,0
CLM102838,34,11.0,Motor,16485.35,37508.36,3,29,6.0,1,6,0.14,0,0,2.2752540892368076,8-30 days,High,0
CLM102839,39,13.4,Travel,5145.1,108412.63,0,15,6.0,0,18,0.071,0,0,21.071044294571532,8-30 days,Very High,1
CLM102840,65,1.1,Home,16835.47,20516.19,0,22,3.0,1,23,0.286,0,0,1.2186288829477288,8-30 days,Medium,0
CLM102841,54,6.9,Motor,7111.07,54661.86,0,7,6.0,3,2,0.256,0,0,7.686868502208529,2-7 days,Very High,1
CLM102842,32,3.2,Motor,10790.75,28044.25,4,27,1.0,0,8,0.235,1,0,2.598915738016357,8-30 days,Medium,0
CLM102843,52,8.6,Motor,13281.26,45159.31,0,1,3.0,1,13,0.089,0,0,3.4002278398284496,0-1 days,High,0
CLM102844,45,9.8,Motor,16776.7,51608.45,0,24,1.0,2,16,0.204,0,0,3.0761979411922487,8-30 days,Very High,0
CLM102845,24,4.7,Motor,8324.44,28102.24,0,17,1.0,1,21,0.233,0,0,3.3758715300969193,8-30 days,Medium,0
CLM102846,49,7.0,Motor,5409.25,13393.1,0,23,3.0,0,22,0.125,0,0,2.475962471692009,8-30 days,Low,0
CLM102847,28,4.3,Motor,8443.68,11127.64,0,17,2.0,0,2,0.142,0,0,1.3178661436719534,8-30 days,Low,0
CLM102848,27,5.7,Home,11089.93,66340.36,2,26,4.0,1,5,0.229,0,0,5.982035955141286,8-30 days,Very High,1
CLM102849,26,2.6,Personal,6678.68,44930.71,1,11,2.0,0,10,0.005,0,0,6.727483574598573,8-30 days,High,1
CLM102850,31,13.3,Motor,7026.35,58380.19,1,23,5.0,5,12,0.087,0,0,8.308750631551233,8-30 days,Very High,1
CLM102851,30,0.3,Motor,4234.83,46499.39,1,2,5.0,0,13,0.075,0,0,10.980225888642519,2-7 days,High,1
CLM102852,74,13.3,Motor,5473.36,62573.63,2,1,1.0,1,2,0.338,0,1,11.432398015113202,0-1 days,Very High,1
CLM102853,42,8.7,Home,10381.24,33071.42,1,5,1.0,2,8,0.095,0,0,3.185690726733993,2-7 days,High,0
CLM102854,19,5.1,Travel,12640.93,8959.19,0,5,2.0,0,5,0.184,0,0,0.7087445306634876,2-7 days,Low,0
CLM102855,52,10.9,Home,13955.26,34576.11,0,16,2.0,0,10,0.186,0,0,2.4776399723115157,8-30 days,High,0
CLM102856,24,7.7,Personal,23670.88,107461.84,1,15,1.0,4,7,0.059,0,0,4.539832908620212,8-30 days,Very High,1
CLM102857,38,7.6,Home,16605.59,28465.055,0,22,6.0,1,19,0.32,1,0,1.714185102727455,8-30 days,Medium,0
CLM102858,35,1.8,Home,7937.96,11134.61,1,27,4.0,3,7,0.334,0,0,1.4027042212356828,8-30 days,Low,0
CLM102859,20,6.0,Motor,5579.01,48583.64,0,12,4.0,1,20,0.16,0,0,8.708290539002439,8-30 days,Very High,1
CLM102860,59,3.8,Personal,7574.6,142315.49,1,11,5.0,2,14,0.237,0,0,18.788515565178358,8-30 days,Very High,1
CLM102861,71,0.4,Personal,6632.92,18421.18,0,10,6.0,2,14,0.346,0,0,2.777235365419755,8-30 days,Medium,0
CLM102862,56,5.5,Home,9158.79,35756.08,2,14,4.0,2,7,0.118,0,0,3.9040178888259254,8-30 days,High,0
CLM102863,58,1.5,Personal,12692.24,39993.77,1,27,3.0,1,12,0.266,0,0,3.151041108582882,8-30 days,High,0
CLM102864,66,4.0,Motor,10548.26,32619.61,2,16,1.0,1,14,0.032,1,1,3.092416189968772,8-30 days,High,0
CLM102865,28,1.6,Personal,17274.75,50931.75,1,19,2.0,1,15,0.074,0,0,2.948334997612122,8-30 days,Very High,0
CLM102866,56,1.7,Motor,10155.88,20662.56,0,28,1.0,3,1,0.112,0,0,2.03454156606813,8-30 days,Medium,0
CLM102867,41,3.1,Motor,4787.69,44803.57,2,21,3.0,1,2,0.024,0,0,9.358076650743888,8-30 days,High,1
CLM102868,63,15.0,Motor,6576.94,67207.96,0,30,4.0,2,15,0.186,0,0,10.21872785824411,8-30 days,Very High,1
CLM102869,36,0.2,Personal,10188.15,23461.33,1,23,1.0,4,9,0.232,0,0,2.3028057105558912,8-30 days,Medium,0
CLM102870,21,9.7,Personal,9421.25,51232.5,1,26,3.0,2,19,0.462,0,1,5.437972668170359,8-30 days,Very High,1
CLM102871,43,2.3,Personal,15314.19,21079.62,0,26,6.0,0,0,0.308,0,0,1.3764763268576397,8-30 days,Medium,0
CLM102872,55,13.8,Personal,8526.96,9969.24,2,7,4.0,1,4,0.084,0,0,1.1691435165639337,2-7 days,Low,0
CLM102873,59,1.6,Motor,7851.35,9948.19,3,25,5.0,1,2,0.187,0,0,1.2670674469995606,8-30 days,Low,0
CLM102874,49,14.3,Personal,4186.12,39571.14,1,6,6.0,6,6,0.215,1,0,9.452939715058335,2-7 days,High,1
CLM102875,56,9.2,Personal,5912.34,6855.71,1,10,5.0,1,17,0.264,0,0,1.1595594975931696,8-30 days,Low,0
CLM102876,62,0.2,Home,9767.04,30016.32,3,20,5.0,2,13,0.155,1,0,3.07322586986436,8-30 days,High,0
CLM102877,63,13.4,Motor,9340.97,15474.32,4,28,6.0,1,13,0.108,0,0,1.6566073973045627,8-30 days,Low,0
CLM102878,53,7.9,Home,11109.11,5401.93,0,21,3.0,4,13,0.347,0,0,0.4862612756557456,8-30 days,Low,0
CLM102879,57,4.1,Personal,10410.63,46713.97,0,7,3.0,4,0,0.243,0,0,4.48714150824686,2-7 days,High,1
CLM102880,54,11.6,Personal,8077.24,9774.79,0,18,2.0,3,17,0.186,0,0,1.2101646106838475,8-30 days,Low,0
CLM102881,50,13.9,Personal,5415.71,158171.31,2,5,2.0,2,2,0.097,0,0,29.20601546242321,2-7 days,Very High,1
CLM102882,53,7.4,Personal,8502.19,95592.7,1,19,5.0,5,20,0.159,0,0,11.243303196000088,8-30 days,Very High,1
CLM102883,20,4.9,Personal,8332.44,26638.57,1,28,1.0,0,21,0.187,0,0,3.1969711153035605,8-30 days,Medium,0
CLM102884,26,11.9,Travel,15758.59,6203.01,2,18,4.0,1,23,0.034,0,0,0.3936272217247863,8-30 days,Low,0
CLM102885,25,10.3,Travel,15452.18,34955.76,2,18,2.0,2,12,0.223,0,0,2.262189542187575,8-30 days,High,0
CLM102886,50,13.4,Motor,6852.51,110841.9,3,3,4.0,4,19,0.191,0,0,16.175372235866856,2-7 days,Very High,1
CLM102887,23,10.4,Home,6425.03,62081.95,1,21,6.0,1,14,0.113,0,0,9.662515194481582,8-30 days,Very High,1
CLM102888,58,3.8,Home,4622.37,65104.24,0,14,1.0,1,19,0.186,0,0,14.0846016221116,8-30 days,Very High,1
CLM102889,56,14.0,Personal,7892.13,89107.14,1,26,5.0,1,17,0.019,1,0,11.290632566873581,8-30 days,Very High,1
CLM102890,21,1.8,Home,6866.63,10936.35,1,16,4.0,2,2,0.357,0,0,1.5926808347034862,8-30 days,Low,0
CLM102891,30,4.2,Motor,27477.38,63247.16,3,17,6.0,1,18,0.259,0,0,2.3017900542191434,8-30 days,Very High,0
CLM102892,66,7.9,Motor,5145.62,120057.31,4,28,5.0,0,14,0.226,0,0,23.331942506442374,8-30 days,Very High,1
CLM102893,19,8.6,Home,8727.05,17591.12,0,19,4.0,2,17,0.266,0,0,2.0157006090259597,8-30 days,Medium,0
CLM102894,22,0.4,Home,6364.77,20710.8,0,11,1.0,0,0,0.186,0,0,3.2539746133795875,8-30 days,Medium,0
CLM102895,61,11.8,Motor,8594.68,89745.17,1,9,2.0,2,17,0.451,0,0,10.441944319043873,8-30 days,Very High,1
CLM102896,44,5.6,Motor,7315.81,79697.4,0,8,3.0,1,4,0.243,1,0,10.893858643130425,8-30 days,Very High,1
CLM102897,49,6.2,Motor,12246.5,14580.6,1,7,5.0,2,23,0.322,0,0,1.190593230718981,2-7 days,Low,0
CLM102898,38,12.2,Motor,10362.66,10608.57,2,25,2.0,2,20,0.195,1,0,1.0237303935476025,8-30 days,Low,0
CLM102899,25,5.8,Motor,12063.63,25700.92,2,7,4.0,2,11,0.01,0,1,2.1304466400246027,2-7 days,Medium,0
CLM102900,55,0.9,Motor,6059.73,9274.34,2,10,6.0,4,18,0.197,0,0,1.5304873319438326,8-30 days,Low,0
CLM102901,25,2.8,Motor,13814.97,14701.96,5,22,6.0,3,22,0.258,0,0,1.0642049892254561,8-30 days,Low,0
CLM102902,67,14.3,Motor,6843.51,16773.17,2,29,2.0,1,19,0.099,0,0,2.4509601067288567,8-30 days,Low,0
CLM102903,20,1.2,Motor,4514.32,65035.02,2,11,3.0,2,22,0.372,0,0,14.406382356589697,8-30 days,Very High,1
CLM102904,71,5.5,Personal,7831.98,79690.87,1,21,5.0,1,23,0.062,1,0,10.175060457253466,8-30 days,Very High,1
CLM102905,61,7.6,Motor,8944.87,65252.29,3,29,5.0,0,18,0.01,1,0,7.2949400047177875,8-30 days,Very High,1
CLM102906,75,7.5,Motor,4843.72,15093.37,3,29,2.0,1,0,0.022,0,0,3.1160698801747415,8-30 days,Low,0
CLM102907,20,0.3,Motor,12593.54,26258.0,2,22,1.0,2,23,0.049,0,0,2.0850372492563647,8-30 days,Medium,0
CLM102908,39,7.6,Motor,5900.54,19946.63,1,5,4.0,1,21,0.207,0,0,3.3804753463242347,2-7 days,Medium,0
CLM102909,23,5.9,Motor,5787.99,32856.72,0,2,2.0,1,2,0.437,0,0,5.6767064214001755,2-7 days,High,1
CLM102910,19,14.6,Motor,8499.84,49199.56,0,14,1.0,3,0,0.316,0,0,5.788292485505609,8-30 days,Very High,1
CLM102911,40,2.6,Home,12501.55,19587.15,1,27,5.0,1,23,0.131,0,0,1.5667777195627743,8-30 days,Medium,0
CLM102912,61,5.4,Home,4918.22,13081.79,0,5,4.0,1,16,0.402,0,0,2.6598627145593325,2-7 days,Low,0
CLM102913,19,6.4,Home,12979.21,91141.55,2,27,5.0,1,8,0.345,0,1,7.02211844942797,8-30 days,Very High,1
CLM102914,55,6.0,Travel,3216.68,62641.66,3,6,3.0,2,4,0.073,0,0,19.47401047042292,2-7 days,Very High,1
CLM102915,34,10.1,Motor,9863.75,36121.04,2,5,6.0,2,4,0.133,0,0,3.661998732733494,2-7 days,High,0
CLM102916,52,3.4,Personal,5112.58,12609.88,2,26,1.0,3,10,0.226,0,0,2.466441600913824,8-30 days,Low,0
CLM102917,51,3.5,Motor,5934.12,53631.13,1,1,3.0,0,20,0.055,1,0,9.037756230072867,0-1 days,Very High,1
CLM102918,40,11.0,Home,18580.55,28465.055,2,5,3.0,3,16,0.021,0,0,1.531981292265299,2-7 days,Medium,0
CLM102919,47,7.6,Motor,5448.79,5294.6,2,28,3.0,1,15,0.298,0,0,0.9717019741997766,8-30 days,Low,0
CLM102920,69,6.3,Personal,8287.57,18868.35,1,28,1.0,0,4,0.335,0,0,2.2767047518150676,8-30 days,Medium,0
CLM102921,25,2.7,Home,5259.55,39488.84,1,1,4.0,2,11,0.017,0,0,7.5080263520643395,0-1 days,High,1
CLM102922,39,3.0,Motor,12015.54,23809.64,0,0,5.0,0,13,0.238,1,0,1.981570532826656,0-1 days,Medium,0
CLM102923,61,0.4,Home,10217.38,41027.78,0,14,4.0,2,9,0.236,0,0,4.015489293732836,8-30 days,High,1
CLM102924,75,1.6,Motor,10885.99,39729.46,2,9,6.0,1,12,0.003,0,0,3.649595489248107,8-30 days,High,0
CLM102925,53,8.4,Travel,14139.29,12332.23,1,9,4.0,2,14,0.232,0,0,0.8721958457602892,8-30 days,Low,0
CLM102926,22,13.4,Home,7301.3,46770.14,1,9,4.0,0,5,0.263,0,0,6.405727747113527,8-30 days,High,1
CLM102927,30,4.5,Motor,13785.19,50081.17,1,4,5.0,2,4,0.27,0,0,3.632969150225713,2-7 days,Very High,0
CLM102928,46,5.1,Motor,16618.62,27366.58,1,3,5.0,1,15,0.133,0,0,1.6467420279180824,2-7 days,Medium,0
CLM102929,48,1.9,Motor,9660.7,28313.5,0,24,1.0,1,5,0.226,0,0,2.930791764571925,8-30 days,Medium,0
CLM102930,64,6.0,Home,5166.72,28212.31,0,14,6.0,1,22,0.207,0,0,5.460390731450514,8-30 days,Medium,1
CLM102931,74,0.8,Motor,4942.32,87073.45,0,8,2.0,1,10,0.191,0,0,17.61793044562068,8-30 days,Very High,1
CLM102932,72,13.8,Home,10371.79,37305.51,1,15,5.0,0,20,0.319,0,0,3.596824656110469,8-30 days,High,0
CLM102933,33,10.2,Personal,5165.23,30751.2,1,8,5.0,2,8,0.024,0,0,5.953500618559096,8-30 days,High,1
CLM102934,59,14.9,Motor,4643.82,39838.22,3,18,6.0,1,20,0.041,0,0,8.578760589342396,8-30 days,High,1
CLM102935,47,13.3,Personal,12651.17,39208.6,3,13,2.0,0,4,0.007,0,0,3.099207425084004,8-30 days,High,0
CLM102936,74,7.2,Home,6914.41,25999.14,2,25,5.0,1,10,0.335,0,0,3.760138609078721,8-30 days,Medium,0
CLM102937,72,7.9,Motor,25249.24,10286.02,2,11,4.0,3,5,0.174,1,0,0.40737939042917726,8-30 days,Low,0
CLM102938,33,3.0,Motor,6323.08,30378.68,0,11,6.0,2,23,0.186,0,0,4.804411774008869,8-30 days,High,1
CLM102939,29,7.0,Travel,6795.46,43610.03,0,2,5.0,3,16,0.379,0,0,6.417524347137648,2-7 days,High,1
CLM102940,34,13.6,Motor,9991.27,34820.47,0,28,1.0,2,8,0.139,0,0,3.4850894831187627,8-30 days,High,0
CLM102941,33,1.0,Motor,9319.61,19268.68,0,18,5.0,2,7,0.172,1,0,2.0675414529148752,8-30 days,Medium,0
CLM102942,29,13.0,Motor,8184.01,24182.42,1,10,2.0,3,6,0.073,0,0,2.9548375429648788,8-30 days,Medium,0
CLM102943,25,5.2,Travel,8096.91,58962.88,2,25,4.0,0,4,0.192,0,0,7.282145905042788,8-30 days,Very High,1
CLM102944,37,13.5,Home,36574.11,7908.81,1,4,2.0,3,16,0.236,0,0,0.21624066860410274,2-7 days,Low,0
CLM102945,20,14.1,Home,17946.82,16028.91,2,5,6.0,2,22,0.068,1,0,0.893133713939294,2-7 days,Low,0
CLM102946,33,10.1,Motor,12424.27,30909.12,0,5,5.0,1,8,0.108,0,0,2.487801697805988,2-7 days,High,0
CLM102947,47,10.0,Personal,4897.02,61064.72,1,18,5.0,0,18,0.097,0,0,12.469771412001585,8-30 days,Very High,1
CLM102948,62,6.9,Personal,8221.94,109212.26,1,13,1.0,0,11,0.277,0,0,13.283028093126438,8-30 days,Very High,1
CLM102949,40,12.6,Motor,11442.23,54561.82,2,15,4.0,1,7,0.389,0,0,4.7684603438315785,8-30 days,Very High,1
CLM102950,45,14.4,Motor,11902.69,17950.68,1,11,5.0,1,15,0.058,1,0,1.508119593133989,8-30 days,Medium,0
CLM102951,68,11.7,Personal,15104.45,7469.72,1,17,1.0,2,13,0.401,0,0,0.49453770246516754,8-30 days,Low,0
CLM102952,57,9.4,Travel,6369.67,113655.7,0,21,1.0,0,13,0.204,1,0,17.843263465768242,8-30 days,Very High,1
CLM102953,71,9.2,Home,8353.87,14894.6,2,12,2.0,1,18,0.15,0,0,1.7829580781123,8-30 days,Low,0
CLM102954,22,12.8,Personal,6051.52,31238.99,0,19,4.0,0,2,0.128,1,0,5.162172478980487,8-30 days,High,1
CLM102955,37,8.2,Home,15497.86,25649.45,2,8,3.0,3,6,0.019,0,0,1.6550317269610126,8-30 days,Medium,0
CLM102956,57,12.1,Motor,11641.06,26585.98,0,17,6.0,5,5,0.038,0,0,2.2838109244347167,8-30 days,Medium,0
CLM102957,73,7.7,Travel,6765.0,11676.84,2,3,1.0,1,4,0.014,0,0,1.7260665188470066,2-7 days,Low,0
CLM102958,61,1.1,Home,9405.19,107691.25,1,10,3.0,0,15,0.002,0,0,11.450193988638187,8-30 days,Very High,1
CLM102959,18,5.9,Personal,8694.63,14527.71,2,26,2.0,2,10,0.235,0,0,1.6708830623039739,8-30 days,Low,0
CLM102960,74,6.8,Motor,5720.73,31538.12,2,17,1.0,0,22,0.508,1,0,5.512953766389954,8-30 days,High,1
CLM102961,47,2.3,Home,12918.25,20052.38,3,20,6.0,5,0,0.052,0,0,1.5522520465233294,8-30 days,Medium,0
CLM102962,38,1.7,Travel,8799.59,44365.88,0,30,4.0,0,9,0.128,0,0,5.041812175339987,8-30 days,High,1
CLM102963,37,8.1,Motor,6698.42,23933.7,1,2,3.0,3,16,0.33,0,0,3.5730366265477533,2-7 days,Medium,0
CLM102964,23,1.5,Motor,5676.68,22138.99,0,3,4.0,4,20,0.011,0,1,3.8999890781231286,2-7 days,Medium,0
CLM102965,39,4.7,Personal,12486.33,63281.31,3,8,3.0,1,23,0.051,0,0,5.068047216435894,8-30 days,Very High,1
CLM102966,35,11.2,Motor,9590.09,21968.93,0,12,2.0,1,22,0.137,1,0,2.290794976898027,8-30 days,Medium,0
CLM102967,25,14.5,Home,6218.15,80674.14,2,14,1.0,3,6,0.181,0,0,12.97397779082203,8-30 days,Very High,1
CLM102968,56,10.8,Personal,6794.0,11102.05,0,9,1.0,2,2,0.071,0,0,1.6340962614071237,8-30 days,Low,0
CLM102969,49,14.9,Motor,8521.14,23223.53,2,26,2.0,2,4,0.039,1,1,2.7254017654914717,8-30 days,Medium,0
CLM102970,50,10.5,Personal,8747.61,14693.81,4,20,6.0,0,11,0.064,1,0,1.6797513835207558,8-30 days,Low,0
CLM102971,70,4.5,Travel,9267.29,28654.41,0,8,6.0,0,9,0.31,0,0,3.09199453130311,8-30 days,High,0
CLM102972,33,10.1,Home,3834.08,9996.53,3,15,5.0,0,2,0.103,1,0,2.6072825814797818,8-30 days,Low,0
CLM102973,29,10.6,Motor,8973.28,44560.89,1,15,3.0,2,15,0.304,0,0,4.96595336376442,8-30 days,High,1
CLM102974,55,5.7,Personal,4910.86,48017.79,0,12,6.0,1,5,0.24,0,0,9.777878009147075,8-30 days,Very High,1
CLM102975,69,0.5,Motor,16096.76,86648.14,0,4,6.0,1,15,0.193,0,0,5.382955327656,2-7 days,Very High,1
CLM102976,51,10.6,Motor,13590.66,52866.1,2,9,3.0,2,23,0.166,1,0,3.889884670795973,8-30 days,Very High,0
CLM102977,31,0.5,Motor,14304.8,52419.05,0,30,5.0,2,7,0.276,0,0,3.6644378110843916,8-30 days,Very High,0
CLM102978,53,9.5,Motor,2811.07,46653.42,2,24,2.0,1,19,0.214,1,0,16.596320973864042,8-30 days,High,1
CLM102979,50,2.6,Motor,7429.32,23775.72,2,23,4.0,3,19,0.198,0,0,3.200255205052414,8-30 days,Medium,0
CLM102980,40,8.6,Personal,8206.8,94289.3,0,0,4.0,1,8,0.143,1,1,11.48916751961788,0-1 days,Very High,1
CLM102981,67,7.7,Personal,11010.12,42433.94,1,28,2.0,4,12,0.117,1,0,3.854085150752217,8-30 days,High,0
CLM102982,62,0.4,Motor,12749.09,179031.6,0,2,4.0,1,1,0.081,1,0,14.042696380682857,2-7 days,Very High,1
CLM102983,19,5.6,Motor,15152.23,104326.69,2,20,2.0,2,8,0.006,0,0,6.885236694532752,8-30 days,Very High,1
CLM102984,58,9.1,Home,2997.08,36312.58,2,27,3.0,0,12,0.328,0,0,12.115986226593886,8-30 days,High,1
CLM102985,38,12.8,Motor,5926.78,37671.41,0,2,3.0,1,13,0.142,0,0,6.356134359635418,2-7 days,High,1
CLM102986,19,13.4,Personal,8723.98,52258.69,2,9,5.0,1,23,0.431,0,0,5.990234961565708,8-30 days,Very High,1
CLM102987,44,7.4,Personal,12346.11,91840.77,1,16,6.0,0,12,0.282,1,0,7.4388426800020415,8-30 days,Very High,1
CLM102988,74,11.0,Personal,12193.24,8855.23,1,29,3.0,0,18,0.057,1,0,0.7262409335008578,8-30 days,Low,0
CLM102989,26,4.9,Motor,10525.2,74926.95,0,26,6.0,1,15,0.101,0,0,7.118814844373503,8-30 days,Very High,1
CLM102990,18,5.3,Motor,6381.41,37044.57,2,17,4.0,3,17,0.27,0,0,5.8050759941768355,8-30 days,High,1
CLM102991,28,3.1,Motor,6757.52,62955.98,2,12,2.0,0,15,0.253,0,0,9.316432655767205,8-30 days,Very High,1
CLM102992,20,8.5,Motor,6403.3,16325.76,2,1,1.0,1,1,0.32,0,0,2.5495853700435713,0-1 days,Low,0
CLM102993,69,4.9,Motor,5466.25,15782.68,1,15,5.0,0,0,0.183,0,0,2.88729567802424,8-30 days,Low,0
CLM102994,40,1.4,Personal,5431.91,36115.44,0,3,1.0,3,9,0.085,0,0,6.648755226062288,2-7 days,High,1
CLM102995,43,10.3,Personal,5203.1,58225.88,1,21,5.0,2,13,0.069,0,0,11.190613288232015,8-30 days,Very High,1
CLM102996,21,10.7,Personal,9887.23,11118.04,0,17,5.0,1,16,0.273,0,0,1.1244848152617064,8-30 days,Low,0
CLM102997,35,5.5,Personal,8989.12,20763.43,2,13,5.0,2,17,0.293,0,0,2.309840117831334,8-30 days,Medium,0
CLM102998,72,1.3,Motor,5601.38,11403.51,2,5,1.0,3,6,0.288,0,1,2.0358393824378993,2-7 days,Low,0
CLM102999,23,6.5,Home,3934.95,38314.18,0,10,5.0,1,20,0.026,0,0,9.736891193026596,8-30 days,High,1
CLM103000,52,6.7,Motor,7198.45,124884.24,1,30,2.0,0,16,0.256,0,0,17.348768137585175,8-30 days,Very High,1
CLM103001,39,10.1,Motor,16545.12,21778.42,1,16,2.0,2,3,0.003,0,0,1.3163047472608238,8-30 days,Medium,0
CLM103002,60,4.9,Home,8523.15,50424.37,1,7,1.0,2,11,0.212,1,0,5.916165971501147,2-7 days,Very High,1
CLM103003,32,10.3,Travel,12183.72,30672.68,1,2,3.0,2,21,0.242,0,0,2.5175135344541735,2-7 days,High,0
CLM103004,39,13.1,Home,9217.34,36925.25,0,23,3.0,0,7,0.089,1,0,4.0060635714859165,8-30 days,High,1
CLM103005,54,3.7,Motor,8280.52,17904.1,0,2,1.0,7,1,0.181,0,0,2.1621951278422125,2-7 days,Medium,0
CLM103006,69,14.7,Motor,4380.63,45752.94,1,16,5.0,2,18,0.148,0,0,10.444374439292979,8-30 days,High,1
CLM103007,59,5.9,Motor,7078.47,24077.92,0,3,5.0,1,13,0.251,0,0,3.401571243503186,2-7 days,Medium,0
CLM103008,29,4.2,Motor,6681.96,107337.66,0,18,5.0,1,22,0.134,0,0,16.063798645906292,8-30 days,Very High,1
CLM103009,64,6.4,Motor,16553.78,19087.52,3,7,1.0,1,16,0.121,0,0,1.15306111353419,2-7 days,Medium,0
CLM103010,66,1.6,Home,9230.52,58339.6,0,16,5.0,4,22,0.262,0,0,6.320293981270827,8-30 days,Very High,1
CLM103011,59,2.1,Personal,15103.96,123027.34,1,24,2.0,2,16,0.167,0,0,8.145369823542966,8-30 days,Very High,1
CLM103012,55,6.3,Motor,14117.53,68286.74,1,26,5.0,1,7,0.261,0,1,4.837017523603634,8-30 days,Very High,1
CLM103013,35,11.5,Home,5808.98,14230.55,1,29,1.0,3,5,0.037,0,0,2.4497502143233407,8-30 days,Low,0
CLM103014,62,13.5,Motor,8504.44,13252.59,0,24,5.0,2,9,0.13,0,0,1.5583142452648262,8-30 days,Low,0
CLM103015,52,10.0,Personal,18142.58,39337.23,0,21,2.0,5,6,0.092,1,0,2.1682269004739125,8-30 days,High,0
CLM103016,47,1.8,Motor,10951.72,29329.15,0,4,6.0,0,1,0.318,0,0,2.678040526967454,2-7 days,High,0
CLM103017,41,10.1,Personal,10657.78,41215.28,0,10,1.0,2,14,0.281,0,0,3.8671543229453036,8-30 days,High,0
CLM103018,59,9.6,Personal,12822.19,68623.54,0,29,3.0,2,21,0.414,1,0,5.3519359797351305,8-30 days,Very High,1
CLM103019,47,12.1,Personal,10551.18,29896.69,0,11,1.0,1,4,0.155,0,0,2.8334925572305654,8-30 days,High,0
CLM103020,31,12.4,Motor,10869.12,17471.88,0,20,4.0,2,2,0.027,0,0,1.6074788023317435,8-30 days,Medium,0
CLM103021,23,13.0,Home,9737.81,32714.79,0,14,3.0,1,8,0.006,0,0,3.359563392590326,8-30 days,High,0
CLM103022,20,6.3,Motor,7294.9,87506.02,0,11,3.0,0,4,0.32,0,0,11.995506449711444,8-30 days,Very High,1
CLM103023,33,10.5,Motor,5280.0,28759.38,1,21,1.0,2,23,0.385,1,0,5.446852272727273,8-30 days,High,1
CLM103024,24,4.2,Motor,3685.62,140596.92,3,6,4.0,3,19,0.186,0,0,38.14742702720303,2-7 days,Very High,1
CLM103025,69,15.0,Personal,7329.06,54383.21,0,23,3.0,1,5,0.093,0,0,7.420216235096997,8-30 days,Very High,1
CLM103026,31,2.8,Personal,10345.36,50633.5,3,2,6.0,0,3,0.005,1,0,4.894319772342383,2-7 days,Very High,1
CLM103027,26,0.3,Motor,9463.32,18600.14,1,9,5.0,1,3,0.493,1,0,1.9654983663238694,8-30 days,Medium,0
CLM103028,32,2.4,Home,11316.1,25490.34,1,15,4.0,2,20,0.235,0,1,2.252572882883679,8-30 days,Medium,0
CLM103029,38,11.7,Personal,8031.3,41427.61,1,0,4.0,4,16,0.033,0,0,5.158269520501039,0-1 days,High,1
CLM103030,52,6.8,Home,28932.52,27382.91,1,20,6.0,1,14,0.025,0,0,0.9464405451028808,8-30 days,Medium,0
CLM103031,19,6.8,Motor,21164.64,72093.31,1,10,6.0,2,6,0.406,0,0,3.406309297016155,8-30 days,Very High,0
CLM103032,44,14.3,Home,4293.7,32858.18,1,16,1.0,1,18,0.277,0,0,7.652649230267602,8-30 days,High,1
CLM103033,19,13.8,Travel,11421.47,17990.56,2,13,1.0,2,10,0.179,0,0,1.575152760546585,8-30 days,Medium,0
CLM103034,52,4.8,Motor,13144.65,36485.62,1,17,1.0,1,2,0.105,0,0,2.7757011407682977,8-30 days,High,0
CLM103035,35,3.3,Travel,3270.47,22007.35,0,11,4.0,1,14,0.109,0,0,6.729109271756047,8-30 days,Medium,1
CLM103036,31,12.8,Motor,9162.91,48240.96,2,15,2.0,2,21,0.048,0,0,5.264807795776669,8-30 days,Very High,1
CLM103037,37,13.6,Motor,10726.08,19661.3,3,7,1.0,1,18,0.061,0,0,1.833036859691518,2-7 days,Medium,0
CLM103038,35,8.2,Motor,8478.52,116323.79,2,2,2.0,0,16,0.101,0,0,13.719822563371908,2-7 days,Very High,1
CLM103039,27,9.5,Motor,10112.32,9521.97,2,10,3.0,1,5,0.152,1,0,0.9416207161165786,8-30 days,Low,0
CLM103040,42,4.0,Home,8807.86,22794.06,1,29,5.0,0,22,0.161,0,0,2.5879226054910047,8-30 days,Medium,0
CLM103041,19,12.1,Motor,11660.73,33617.03,1,25,6.0,1,4,0.327,0,0,2.882926712135518,8-30 days,High,0
CLM103042,42,9.6,Travel,17061.43,20417.74,0,14,5.0,2,12,0.057,1,0,1.1967191495671816,8-30 days,Medium,0
CLM103043,71,7.7,Motor,12023.08,5417.01,1,3,2.0,2,16,0.399,0,0,0.4505509403580447,2-7 days,Low,0
CLM103044,50,1.1,Travel,14424.91,125725.59,1,26,6.0,1,1,0.155,0,0,8.715866511472168,8-30 days,Very High,1
CLM103045,53,13.8,Personal,5281.59,52252.07,1,15,4.0,0,17,0.232,0,0,9.89324616261391,8-30 days,Very High,1
CLM103046,48,9.3,Personal,21166.22,11807.37,0,21,5.0,0,9,0.342,0,0,0.5578402756845577,8-30 days,Low,0
CLM103047,31,3.1,Personal,9794.13,13148.04,1,23,2.0,3,23,0.261,0,0,1.3424408293539092,8-30 days,Low,0
CLM103048,18,9.2,Home,7130.0,10036.57,0,30,1.0,2,7,0.294,0,0,1.4076535764375877,8-30 days,Low,0
CLM103049,63,10.2,Motor,10247.02,27138.51,1,16,2.0,2,7,0.081,0,0,2.6484294946238025,8-30 days,Medium,0
CLM103050,33,8.0,Personal,6652.49,91105.32,1,13,3.0,2,17,0.15,0,0,13.694920247907175,8-30 days,Very High,1
CLM103051,71,10.8,Personal,9044.88,28465.055,0,1,6.0,1,11,0.293,0,0,3.147090398103679,0-1 days,Medium,0
CLM103052,63,8.8,Personal,9733.48,21446.1,0,30,2.0,2,20,0.297,1,0,2.203333237444367,8-30 days,Medium,0
CLM103053,69,14.2,Home,6241.75,62441.64,3,26,1.0,2,4,0.205,0,0,10.00386750510674,8-30 days,Very High,1
CLM103054,20,1.0,Home,9117.26,38450.96,1,21,2.0,2,3,0.292,0,0,4.217381099146015,8-30 days,High,1
CLM103055,52,1.8,Motor,6200.56,28956.96,1,14,1.0,2,23,0.046,0,0,4.670055607880578,8-30 days,High,1
CLM103056,58,2.8,Travel,6182.62,52525.95,1,23,6.0,3,23,0.285,0,0,8.495742905111426,8-30 days,Very High,1
CLM103057,23,10.4,Motor,5393.21,8053.14,2,27,1.0,1,12,0.326,0,0,1.4931997826897154,8-30 days,Low,0
CLM103058,42,9.8,Motor,7184.3,43159.47,1,7,3.0,3,3,0.179,0,0,6.007470456411898,2-7 days,High,1
CLM103059,30,13.4,Home,6634.31,79363.02,0,12,3.0,1,0,0.207,1,0,11.962513057122745,8-30 days,Very High,1
CLM103060,70,11.0,Motor,10520.35,11990.26,1,2,5.0,1,10,0.147,1,0,1.1397206366708332,2-7 days,Low,0
CLM103061,51,7.7,Motor,13921.07,22948.49,0,3,1.0,1,8,0.4,0,0,1.6484717051203681,2-7 days,Medium,0
CLM103062,25,14.9,Personal,11450.18,7031.63,1,25,1.0,3,16,0.234,0,0,0.6141065031292084,8-30 days,Low,0
CLM103063,38,4.1,Personal,13166.69,21928.65,0,3,1.0,0,19,0.272,0,0,1.6654641371521621,2-7 days,Medium,0
CLM103064,51,12.5,Home,12676.4,18706.67,0,3,5.0,2,10,0.233,0,0,1.4757084030166292,2-7 days,Medium,0
CLM103065,21,6.5,Home,5601.6,109132.39,0,30,4.0,1,9,0.253,0,0,19.482360397029417,8-30 days,Very High,1
CLM103066,42,9.8,Personal,7313.61,21474.79,3,1,3.0,2,16,0.241,0,0,2.9362777069053454,0-1 days,Medium,0
CLM103067,32,11.0,Motor,18930.98,28465.055,2,12,3.0,1,2,0.416,0,0,1.5036228974939492,8-30 days,Medium,0
CLM103068,21,9.6,Travel,6652.41,83181.39,3,21,1.0,3,18,0.576,0,0,12.503948193211182,8-30 days,Very High,1
CLM103069,62,2.3,Motor,19576.17,5896.09,1,7,5.0,0,22,0.354,0,0,0.3011871065688539,2-7 days,Low,0
CLM103070,29,6.8,Motor,7045.03,33394.69,0,8,1.0,1,2,0.379,0,0,4.740177117769549,8-30 days,High,1
CLM103071,49,8.5,Home,3382.67,13232.15,1,28,3.0,2,5,0.108,1,0,3.9117472292597264,8-30 days,Low,0
CLM103072,49,12.8,Travel,7604.88,13469.49,0,0,6.0,0,19,0.145,0,0,1.7711640420361663,0-1 days,Low,0
CLM103073,45,6.8,Motor,12441.31,15903.06,0,0,5.0,2,5,0.238,0,0,1.2782464226034076,0-1 days,Low,0
CLM103074,30,13.8,Motor,17968.49,20917.3,2,8,2.0,1,6,0.266,0,0,1.1641100615577602,8-30 days,Medium,0
CLM103075,48,6.7,Home,4371.07,13965.08,0,10,3.0,3,0,0.24,0,0,3.1948882081504073,8-30 days,Low,0
CLM103076,31,8.3,Home,12339.26,22166.89,1,15,2.0,4,7,0.026,0,0,1.7964521373242803,8-30 days,Medium,0
CLM103077,37,12.0,Home,12704.84,62408.78,2,28,4.0,2,15,0.113,0,0,4.912205112382368,8-30 days,Very High,1
CLM103078,35,8.8,Motor,15267.06,43464.81,0,3,2.0,0,19,0.186,1,0,2.8469666065372112,2-7 days,High,0
CLM103079,46,14.4,Home,2554.94,231947.89,1,14,5.0,2,23,0.254,0,0,90.78408494915732,8-30 days,Very High,1
CLM103080,23,10.0,Motor,17915.02,34714.78,1,26,2.0,4,14,0.129,0,0,1.9377472087667218,8-30 days,High,0
CLM103081,49,7.9,Motor,10365.39,47333.65,1,6,4.0,2,18,0.147,0,0,4.566509316099057,2-7 days,Very High,1
CLM103082,46,0.5,Home,10448.49,77504.33,0,1,3.0,1,9,0.138,1,1,7.417754144378757,0-1 days,Very High,1
CLM103083,60,6.3,Home,13566.66,12431.12,1,9,4.0,1,11,0.28,0,0,0.9162992217686594,8-30 days,Low,0
CLM103084,19,4.6,Motor,3448.32,76184.2,1,16,5.0,1,4,0.372,0,0,22.093135207869338,8-30 days,Very High,1
CLM103085,40,11.3,Motor,13420.93,14468.74,0,10,6.0,2,2,0.052,0,0,1.0780728310184167,8-30 days,Low,0
CLM103086,36,3.3,Home,24748.85,41546.14,2,29,6.0,0,12,0.302,0,0,1.678709919854862,8-30 days,High,0
CLM103087,48,3.2,Motor,4591.35,59893.56,2,22,2.0,0,18,0.035,0,0,13.044869156130549,8-30 days,Very High,1
CLM103088,68,3.0,Motor,8257.23,6995.81,0,21,2.0,1,2,0.284,0,0,0.8472344842035405,8-30 days,Low,0
CLM103089,22,2.1,Motor,8644.5,22098.93,1,18,5.0,1,19,0.023,0,0,2.556415061599861,8-30 days,Medium,0
CLM103090,36,4.8,Motor,9978.87,27623.02,2,9,1.0,6,2,0.401,0,1,2.768151103281233,8-30 days,Medium,0
CLM103091,51,13.3,Motor,10296.29,12556.08,2,3,5.0,2,15,0.136,0,0,1.2194761414062734,2-7 days,Low,0
CLM103092,27,11.7,Personal,6283.3,37335.5,2,28,5.0,0,11,0.214,0,0,5.942020912577785,8-30 days,High,1
CLM103093,42,11.1,Travel,8654.19,103748.75,0,12,4.0,2,17,0.198,0,0,11.988268110591516,8-30 days,Very High,1
CLM103094,19,12.0,Home,18632.0,14043.11,1,0,4.0,1,21,0.397,1,0,0.7537092099613568,0-1 days,Low,0
CLM103095,28,4.2,Home,10204.56,70791.16,2,6,5.0,2,16,0.075,0,1,6.937208463667224,2-7 days,Very High,1
CLM103096,67,13.3,Travel,10031.98,42032.16,0,8,3.0,2,20,0.171,0,0,4.189816965344828,8-30 days,High,1
CLM103097,48,2.2,Personal,6162.73,10518.0,1,0,2.0,3,21,0.205,0,0,1.7067111491173557,0-1 days,Low,0
CLM103098,73,5.2,Home,15528.54,21267.69,1,17,5.0,1,16,0.336,0,0,1.36958722455556,8-30 days,Medium,0
CLM103099,32,8.9,Motor,7709.48,35307.32,1,17,1.0,0,16,0.058,0,0,4.5797278156244,8-30 days,High,1
CLM103100,26,1.7,Home,3378.75,95579.45,3,15,2.0,2,6,0.162,1,0,28.288405475397706,8-30 days,Very High,1
CLM103101,40,11.0,Motor,10269.28,53025.14,3,21,3.0,2,13,0.004,0,0,5.16347202530265,8-30 days,Very High,1
CLM103102,36,5.9,Home,11683.6,17374.0,1,15,5.0,5,10,0.296,0,0,1.4870416652401657,8-30 days,Medium,0
CLM103103,26,11.8,Home,7430.58,39100.16,0,4,6.0,2,15,0.192,0,0,5.262060296773604,2-7 days,High,1
CLM103104,52,7.5,Personal,3113.03,3550.8,2,13,3.0,3,21,0.169,0,0,1.1406250501922564,8-30 days,Low,0
CLM103105,38,2.9,Home,5143.71,57217.57,0,21,6.0,2,3,0.045,0,0,11.123793915286825,8-30 days,Very High,1
CLM103106,26,11.1,Motor,8070.87,16364.88,0,0,2.0,1,18,0.191,1,0,2.027647577027012,0-1 days,Low,0
CLM103107,45,3.9,Motor,7130.46,13167.75,0,5,1.0,1,21,0.261,0,0,1.8466901153642261,2-7 days,Low,0
CLM103108,63,7.5,Motor,10368.98,22959.39,2,26,2.0,1,7,0.161,1,0,2.214238044629269,8-30 days,Medium,0
CLM103109,68,1.3,Motor,11093.07,11421.48,1,5,6.0,3,4,0.387,0,0,1.0296049695891218,2-7 days,Low,0
CLM103110,24,9.3,Motor,6986.27,25083.14,0,22,6.0,1,2,0.315,0,0,3.590347925287743,8-30 days,Medium,0
CLM103111,33,10.1,Motor,4529.1,64065.29,3,11,2.0,0,2,0.159,0,0,14.14525843986664,8-30 days,Very High,1
CLM103112,33,5.8,Motor,16346.45,6612.7,1,17,6.0,1,16,0.29,0,0,0.40453431784882954,8-30 days,Low,0
CLM103113,50,14.3,Personal,10938.91,27539.86,0,21,5.0,3,5,0.191,0,0,2.517605501827879,8-30 days,Medium,0
CLM103114,21,13.1,Motor,11498.26,25834.19,0,30,2.0,1,9,0.229,1,0,2.2467912536331585,8-30 days,Medium,0
CLM103115,21,10.7,Motor,10104.0,42909.95,2,8,5.0,4,22,0.143,0,0,4.246827988915281,8-30 days,High,1
CLM103116,56,10.8,Motor,13928.05,25286.29,1,15,5.0,0,8,0.209,0,1,1.815493913361885,8-30 days,Medium,0
CLM103117,57,3.9,Home,7160.45,59530.16,1,14,6.0,2,5,0.058,1,0,8.313745644477653,8-30 days,Very High,1
CLM103118,34,9.9,Motor,12339.59,81135.8,2,24,6.0,2,23,0.052,0,0,6.575242775489299,8-30 days,Very High,1
CLM103119,54,3.1,Home,11483.28,63242.32,2,1,3.0,2,21,0.369,0,0,5.50733936645279,0-1 days,Very High,1
CLM103120,56,2.3,Motor,11313.59,16856.68,0,4,6.0,3,1,0.129,0,0,1.4899496976644901,2-7 days,Low,0
CLM103121,69,15.0,Home,4965.35,124994.17,0,28,1.0,5,2,0.011,0,0,25.17328486410827,8-30 days,Very High,1
CLM103122,46,9.4,Personal,9049.16,12310.31,1,22,5.0,2,10,0.445,0,0,1.3603815160744201,8-30 days,Low,0
CLM103123,69,6.6,Motor,10117.24,50013.84,2,20,4.0,1,14,0.132,0,0,4.943427258817622,8-30 days,Very High,1
CLM103124,53,4.5,Motor,18927.39,69465.08,0,12,6.0,2,13,0.266,1,0,3.6700823515550747,8-30 days,Very High,0
CLM103125,55,9.1,Motor,8890.63,139490.25,2,18,6.0,1,12,0.098,0,0,15.6895799285315,8-30 days,Very High,1
CLM103126,56,0.9,Travel,13831.54,62430.21,2,0,3.0,2,16,0.328,1,1,4.513612367097228,0-1 days,Very High,1
CLM103127,67,1.6,Motor,4354.26,16607.56,0,28,5.0,3,20,0.181,0,0,3.8140947026590055,8-30 days,Low,0
CLM103128,54,0.7,Home,6157.27,58385.62,1,15,5.0,0,10,0.088,0,0,9.482387486662109,8-30 days,Very High,1
CLM103129,69,7.6,Travel,10356.98,26524.91,0,6,3.0,2,5,0.512,0,0,2.5610660636594837,2-7 days,Medium,0
CLM103130,52,9.1,Home,10316.47,67112.65,1,30,2.0,1,21,0.087,0,0,6.50538895571838,8-30 days,Very High,1
CLM103131,24,1.1,Motor,6156.7,33929.28,2,30,5.0,2,1,0.129,0,0,5.510952295872789,8-30 days,High,1
CLM103132,44,10.9,Motor,13067.85,85730.61,0,12,1.0,0,0,0.014,0,0,6.560421951583466,8-30 days,Very High,1
CLM103133,45,3.6,Travel,7882.79,29996.45,0,23,5.0,1,22,0.108,0,0,3.8053087802668855,8-30 days,High,0
CLM103134,39,10.3,Personal,7800.62,59403.86,2,21,3.0,1,3,0.355,0,0,7.615274170514652,8-30 days,Very High,1
CLM103135,31,14.7,Personal,8205.27,18475.26,1,30,4.0,1,8,0.213,0,0,2.2516334014602806,8-30 days,Medium,0
CLM103136,24,10.4,Personal,15524.94,71317.34,3,15,3.0,0,10,0.13,0,0,4.593727254340435,8-30 days,Very High,1
CLM103137,54,13.3,Travel,13875.09,5869.77,0,27,3.0,3,23,0.12,1,0,0.42304374241896814,8-30 days,Low,0
CLM103138,39,14.2,Home,19835.6,49867.17,0,11,1.0,1,5,0.24,1,0,2.514023775434068,8-30 days,Very High,0
CLM103139,22,7.4,Travel,10889.3,38714.65,0,6,2.0,2,15,0.277,0,0,3.555292810373486,2-7 days,High,0
CLM103140,72,10.6,Motor,20266.62,32912.12,0,24,1.0,0,9,0.038,0,0,1.623957028848422,8-30 days,High,0
CLM103141,19,12.8,Home,9461.35,5784.62,1,13,1.0,2,2,0.098,0,0,0.6113947798147199,8-30 days,Low,0
CLM103142,44,5.5,Motor,8029.91,28465.055,0,17,5.0,0,23,0.072,0,0,3.5448784606552253,8-30 days,Medium,0
CLM103143,38,4.1,Motor,6979.0,72537.99,3,20,4.0,2,9,0.12,0,0,10.393751253761284,8-30 days,Very High,1
CLM103144,71,14.2,Travel,7852.04,15634.96,0,18,3.0,2,11,0.216,1,0,1.9911971920672844,8-30 days,Low,0
CLM103145,55,10.9,Motor,8027.21,9781.62,1,27,1.0,0,0,0.31,0,0,1.218557880010614,8-30 days,Low,0
CLM103146,32,3.5,Motor,6243.34,13129.24,3,12,1.0,1,9,0.218,0,0,2.1029192707749376,8-30 days,Low,0
CLM103147,38,6.8,Motor,6516.11,71788.83,1,1,6.0,0,9,0.223,1,1,11.017129852012935,0-1 days,Very High,1
CLM103148,27,12.0,Personal,11172.58,41487.66,1,18,2.0,0,23,0.149,1,0,3.713346424908124,8-30 days,High,0
CLM103149,40,8.3,Home,6823.81,85481.64,1,3,2.0,0,3,0.008,1,0,12.526966606631778,2-7 days,Very High,1
CLM103150,75,9.8,Home,3954.66,49590.25,1,13,6.0,2,8,0.157,0,0,12.539699999494268,8-30 days,Very High,1
CLM103151,73,11.4,Motor,3865.17,15343.01,1,1,4.0,3,8,0.112,0,0,3.969556319644414,0-1 days,Low,0
CLM103152,56,9.4,Motor,3307.68,115701.01,1,17,3.0,2,11,0.07,0,0,34.97950527257776,8-30 days,Very High,1
CLM103153,22,8.2,Motor,4491.53,18618.21,1,23,1.0,1,10,0.183,0,0,4.145182153965353,8-30 days,Medium,1
CLM103154,18,11.3,Motor,4953.51,15819.57,2,29,5.0,1,20,0.07,0,0,3.193608168753066,8-30 days,Low,0
CLM103155,30,11.0,Travel,5483.57,35521.58,2,18,6.0,1,5,0.106,0,0,6.477820106244655,8-30 days,High,1
CLM103156,38,9.5,Motor,9667.61,40149.94,1,18,2.0,2,6,0.07,1,0,4.153036789858093,8-30 days,High,1
CLM103157,43,5.5,Motor,4795.45,55005.02,2,3,1.0,0,8,0.046,0,0,11.470252009717544,2-7 days,Very High,1
CLM103158,67,6.2,Motor,5619.96,22797.31,1,26,5.0,1,10,0.273,0,0,4.056489725905522,8-30 days,Medium,1
CLM103159,62,14.6,Motor,3727.54,84472.26,1,20,1.0,1,22,0.2,1,0,22.6616642611481,8-30 days,Very High,1
CLM103160,38,1.9,Motor,6314.73,18000.27,0,18,4.0,1,16,0.255,1,0,2.8505209248851497,8-30 days,Medium,0
CLM103161,70,4.2,Home,11773.09,12896.54,0,21,6.0,2,10,0.248,0,0,1.095425245199009,8-30 days,Low,0
CLM103162,35,7.5,Home,8411.07,6753.21,0,25,4.0,0,21,0.022,0,0,0.802895469898598,8-30 days,Low,0
CLM103163,54,12.6,Personal,8819.46,24631.58,1,2,5.0,2,17,0.355,0,0,2.792867136990247,2-7 days,Medium,0
CLM103164,62,2.6,Home,8492.53,54840.91,1,30,2.0,5,8,0.104,0,0,6.457546808783719,8-30 days,Very High,1
CLM103165,49,4.3,Motor,4767.86,50111.94,1,7,6.0,1,16,0.361,0,0,10.510363139857295,2-7 days,Very High,1
CLM103166,53,1.2,Home,7071.88,36930.04,3,3,4.0,1,20,0.119,0,0,5.222096528787254,2-7 days,High,1
CLM103167,34,10.6,Home,9388.68,20425.59,1,20,2.0,3,15,0.024,1,0,2.175555030100078,8-30 days,Medium,0
CLM103168,52,3.7,Motor,13149.28,74049.28,1,2,5.0,1,13,0.012,0,0,5.6314322913497925,2-7 days,Very High,1
CLM103169,66,6.0,Home,10011.04,30888.41,0,4,6.0,0,0,0.332,0,0,3.085434680113155,2-7 days,High,0
CLM103170,28,6.8,Personal,12633.35,39019.48,2,10,5.0,2,1,0.267,0,0,3.0886091179299235,8-30 days,High,0
CLM103171,38,13.4,Motor,5213.54,12054.55,1,28,1.0,3,10,0.061,0,0,2.3121621777141828,8-30 days,Low,0
CLM103172,69,6.3,Home,4321.33,7186.96,0,22,5.0,0,6,0.215,0,0,1.66313611781558,8-30 days,Low,0
CLM103173,72,2.3,Personal,3863.13,55437.16,2,18,1.0,1,9,0.335,0,0,14.350322148102705,8-30 days,Very High,1
CLM103174,70,8.0,Home,12277.23,191945.74,1,18,2.0,1,11,0.441,0,0,15.634287212995114,8-30 days,Very High,1
CLM103175,43,14.5,Travel,4446.88,40509.92,4,16,6.0,1,10,0.204,0,0,9.109739862555319,8-30 days,High,1
CLM103176,21,9.2,Motor,13706.0,55677.96,1,1,1.0,3,1,0.232,0,0,4.06230555960893,0-1 days,Very High,1
CLM103177,51,14.8,Motor,6954.39,54786.71,2,19,6.0,3,13,0.154,0,0,7.878003678252154,8-30 days,Very High,1
CLM103178,69,12.6,Home,18011.46,30706.92,2,27,2.0,2,8,0.182,0,0,1.7048545759199976,8-30 days,High,0
CLM103179,65,0.7,Travel,6946.15,9063.17,1,8,4.0,0,11,0.272,0,0,1.304776027007767,8-30 days,Low,0
CLM103180,35,9.9,Personal,7119.64,50413.71,1,2,2.0,3,9,0.006,0,0,7.080935272008134,2-7 days,Very High,1
CLM103181,57,4.4,Motor,8760.06,91491.52,0,9,3.0,2,23,0.284,0,0,10.444165907539448,8-30 days,Very High,1
CLM103182,52,8.5,Motor,7053.25,43756.64,0,20,1.0,2,1,0.118,1,0,6.203755715450324,8-30 days,High,1
CLM103183,58,4.3,Motor,10259.42,24920.39,0,8,4.0,1,11,0.062,0,0,2.429025227546976,8-30 days,Medium,0
CLM103184,46,5.4,Motor,5311.86,28465.055,2,19,2.0,2,2,0.062,0,0,5.3587735746047525,8-30 days,Medium,1
CLM103185,69,13.9,Motor,9243.46,28312.13,0,3,5.0,0,12,0.484,0,0,3.0629363896203374,2-7 days,Medium,0
CLM103186,46,3.3,Motor,6062.89,79747.74,1,21,1.0,2,18,0.388,0,0,13.153420233584974,8-30 days,Very High,1
CLM103187,55,13.1,Motor,7749.06,35166.19,1,6,2.0,2,23,0.186,0,0,4.538123333668858,2-7 days,High,1
CLM103188,59,0.7,Motor,4577.9,51613.61,1,29,4.0,0,12,0.223,0,0,11.274516699796852,8-30 days,Very High,1
CLM103189,38,1.5,Motor,12586.18,70285.83,2,11,6.0,0,23,0.217,0,0,5.5843655501510385,8-30 days,Very High,1
CLM103190,59,12.8,Personal,7242.31,51811.16,1,10,5.0,2,21,0.457,0,0,7.153955022637805,8-30 days,Very High,1
CLM103191,30,9.5,Travel,12836.59,31626.06,2,21,6.0,1,15,0.11,1,0,2.4637430968816485,8-30 days,High,0
CLM103192,66,11.3,Motor,6100.89,9723.28,0,28,1.0,2,22,0.176,0,0,1.593747797452503,8-30 days,Low,0
CLM103193,58,3.3,Personal,8465.41,41989.06,1,28,4.0,2,0,0.161,1,0,4.960073995234725,8-30 days,High,1
CLM103194,34,8.1,Home,12893.7,60627.5,2,28,5.0,4,7,0.136,1,0,4.702102577227638,8-30 days,Very High,1
CLM103195,73,11.1,Personal,5008.3,9065.63,3,26,6.0,3,12,0.253,1,0,1.8101211988099752,8-30 days,Low,0
CLM103196,26,9.5,Motor,5714.57,41346.37,2,14,3.0,0,6,0.317,0,0,7.235254796073896,8-30 days,High,1
CLM103197,58,7.2,Motor,12241.39,30423.61,1,19,5.0,0,20,0.363,0,0,2.4853068156475695,8-30 days,High,0
CLM103198,18,14.4,Personal,15586.59,5523.04,0,13,6.0,4,20,0.358,0,0,0.35434562659311625,8-30 days,Low,0
CLM103199,19,10.2,Motor,8562.23,38777.49,3,6,1.0,2,1,0.284,1,0,4.528900765338002,2-7 days,High,1
CLM103200,65,13.6,Personal,5494.57,85152.29,3,14,3.0,5,12,0.348,0,0,15.497534838940991,8-30 days,Very High,1
CLM103201,46,11.0,Personal,7366.9,30855.67,1,13,2.0,0,11,0.039,0,0,4.188419823806486,8-30 days,High,1
CLM103202,50,11.1,Personal,20623.36,6356.87,1,27,3.0,1,16,0.139,0,0,0.30823638825099303,8-30 days,Low,0
CLM103203,27,1.4,Motor,4664.43,39498.06,2,10,3.0,2,8,0.181,0,0,8.46792855718705,8-30 days,High,1
CLM103204,67,5.5,Motor,10779.65,68727.2,1,9,3.0,2,9,0.253,1,0,6.375642993974758,8-30 days,Very High,1
CLM103205,75,12.9,Motor,8993.94,15925.86,1,18,5.0,3,2,0.079,0,0,1.7707322930773388,8-30 days,Low,0
CLM103206,57,3.6,Personal,5051.54,25205.18,0,2,3.0,2,20,0.073,0,0,4.989603170518297,2-7 days,Medium,1
CLM103207,38,1.9,Motor,7380.67,22869.45,1,11,3.0,1,10,0.123,0,0,3.098560157817651,8-30 days,Medium,0
CLM103208,45,5.0,Home,3773.54,32276.84,1,12,2.0,0,23,0.25,0,0,8.553464386226196,8-30 days,High,1
CLM103209,28,3.5,Motor,9677.13,22343.31,3,6,3.0,2,11,0.357,0,0,2.30887773544429,2-7 days,Medium,0
CLM103210,72,13.9,Motor,10328.68,81127.86,1,11,6.0,3,6,0.177,1,0,7.854620338707366,8-30 days,Very High,1
CLM103211,51,13.0,Motor,4596.48,79596.56,2,21,5.0,3,22,0.064,0,0,17.316851155666946,8-30 days,Very High,1
CLM103212,25,7.6,Home,10919.5,18738.32,0,1,4.0,0,9,0.042,0,0,1.7160419433124228,0-1 days,Medium,0
CLM103213,39,1.1,Personal,6301.3,81079.41,1,0,4.0,1,9,0.233,0,0,12.867092504721247,0-1 days,Very High,1
CLM103214,25,10.8,Motor,6049.65,8561.98,0,5,5.0,1,19,0.203,0,0,1.4152851817873762,2-7 days,Low,0
CLM103215,66,9.4,Personal,5480.3,16048.32,0,24,5.0,1,9,0.213,1,0,2.9283652354798093,8-30 days,Low,0
CLM103216,32,14.6,Home,11447.8,47064.48,1,18,3.0,2,3,0.207,0,0,4.111224864166041,8-30 days,High,1
CLM103217,34,8.5,Home,4002.18,31510.2,1,24,5.0,2,9,0.404,0,0,7.8732590738047765,8-30 days,High,1
CLM103218,40,5.2,Home,4157.27,32889.34,2,30,3.0,1,21,0.369,0,0,7.911283125705088,8-30 days,High,1
CLM103219,41,7.9,Motor,6511.66,39189.75,0,5,3.0,2,9,0.043,0,1,6.018396230761434,2-7 days,High,1
CLM103220,62,14.7,Motor,6613.77,20535.47,1,12,2.0,1,3,0.102,0,0,3.104956779567478,8-30 days,Medium,0
CLM103221,36,10.5,Travel,11268.85,75561.36,1,3,2.0,2,6,0.121,0,0,6.705330180098235,2-7 days,Very High,1
CLM103222,22,10.1,Motor,8158.44,49757.84,0,25,2.0,2,17,0.063,0,0,6.098940483719927,8-30 days,Very High,1
CLM103223,49,3.8,Motor,8164.73,27380.73,0,25,1.0,1,22,0.616,1,0,3.353537716495218,8-30 days,Medium,0
CLM103224,61,11.2,Motor,4100.67,59278.02,0,25,2.0,5,2,0.196,0,1,14.455691387017243,8-30 days,Very High,1
CLM103225,18,11.3,Travel,7662.98,41671.47,0,13,3.0,3,23,0.01,0,1,5.438024110724549,8-30 days,High,1
CLM103226,40,4.9,Motor,2876.37,24681.47,2,29,6.0,1,14,0.351,0,0,8.580770206892716,8-30 days,Medium,1
CLM103227,54,7.4,Home,9458.58,23902.77,0,15,4.0,0,4,0.201,0,0,2.5270992051661034,8-30 days,Medium,0
CLM103228,25,4.6,Motor,11528.79,12507.77,3,27,2.0,1,8,0.058,0,0,1.0849161100167493,8-30 days,Low,0
CLM103229,30,4.0,Personal,5985.13,18713.53,2,28,2.0,3,19,0.292,0,0,3.126670598633613,8-30 days,Medium,0
CLM103230,25,0.6,Motor,10064.04,25771.61,4,1,3.0,0,11,0.327,0,0,2.5607618809146224,0-1 days,Medium,0
CLM103231,74,4.4,Home,6976.14,31540.42,0,8,6.0,5,20,0.186,0,0,4.521185067960218,8-30 days,High,1
CLM103232,40,8.4,Home,14798.38,14958.68,0,12,3.0,0,15,0.268,0,0,1.010832266775147,8-30 days,Low,0
CLM103233,60,0.2,Travel,9418.47,30529.17,1,20,2.0,1,10,0.067,0,0,3.2414150068960246,8-30 days,High,0
CLM103234,18,4.4,Motor,5326.41,19723.38,0,13,5.0,2,16,0.083,0,0,3.7029406298050658,8-30 days,Medium,0
CLM103235,62,13.2,Travel,14396.77,17349.24,3,13,1.0,0,2,0.012,0,0,1.2050786391669799,8-30 days,Medium,0
CLM103236,68,9.0,Motor,12332.33,43679.03,0,4,4.0,2,14,0.104,0,0,3.5418311057196816,2-7 days,High,0
CLM103237,41,9.2,Motor,7061.11,33703.49,0,1,4.0,4,3,0.097,1,0,4.773114991835561,0-1 days,High,1
CLM103238,52,6.2,Home,10623.27,26776.85,1,4,1.0,2,8,0.468,0,0,2.5205845281161072,2-7 days,Medium,0
CLM103239,41,10.2,Travel,10547.13,43428.53,1,5,2.0,4,7,0.021,0,0,4.117568475974033,2-7 days,High,1
CLM103240,34,3.0,Home,7018.46,11312.28,0,1,2.0,0,17,0.15,0,1,1.6117894808832707,0-1 days,Low,0
CLM103241,22,12.3,Personal,8754.85,12020.5,3,0,2.0,3,21,0.202,0,0,1.3730103885275018,0-1 days,Low,0
CLM103242,37,1.9,Motor,9488.7,21857.65,0,15,2.0,1,3,0.356,0,0,2.303545269636515,8-30 days,Medium,0
CLM103243,38,9.9,Personal,6271.6,25911.51,3,21,2.0,0,4,0.258,0,0,4.131562918553478,8-30 days,Medium,1
CLM103244,57,5.2,Motor,15580.36,49671.42,2,8,6.0,0,8,0.211,0,0,3.188079094449679,8-30 days,Very High,0
CLM103245,75,11.3,Home,3491.46,17486.0,0,24,4.0,1,15,0.554,0,0,5.008220056938931,8-30 days,Medium,1
CLM103246,48,8.3,Home,11526.97,17766.25,1,13,2.0,3,3,0.437,0,0,1.5412766754836702,8-30 days,Medium,0
CLM103247,63,6.9,Home,4912.59,63365.63,2,29,3.0,4,15,0.243,1,0,12.898619669054408,8-30 days,Very High,1
CLM103248,53,2.7,Motor,7617.72,12425.8,2,8,5.0,1,4,0.226,1,0,1.6311704814563937,8-30 days,Low,0
CLM103249,28,9.6,Home,4140.74,59984.62,0,28,2.0,2,6,0.159,0,1,14.486449282012396,8-30 days,Very High,1
CLM103250,69,14.6,Motor,4695.03,28183.05,1,4,6.0,3,10,0.296,0,0,6.0027411965418755,2-7 days,Medium,1
CLM103251,32,12.4,Motor,8173.36,15620.47,1,14,3.0,0,6,0.121,1,0,1.9111442540154844,8-30 days,Low,0
CLM103252,36,1.1,Motor,8782.83,12306.78,0,9,4.0,0,5,0.062,0,0,1.4012317214383063,8-30 days,Low,0
CLM103253,24,5.8,Home,13694.25,24339.34,2,14,3.0,0,18,0.403,0,0,1.7773401245048104,8-30 days,Medium,0
CLM103254,68,13.9,Motor,7102.75,45680.67,1,16,1.0,1,16,0.058,0,0,6.4314061455070215,8-30 days,High,1
CLM103255,45,7.6,Motor,11217.2,27713.37,2,2,1.0,2,5,0.174,0,0,2.470613878686303,2-7 days,Medium,0
CLM103256,68,10.0,Motor,8460.84,55711.34,2,7,3.0,0,18,0.118,0,0,6.584610984252154,2-7 days,Very High,1
CLM103257,60,13.7,Motor,11024.65,54524.1,1,24,2.0,2,16,0.169,0,0,4.945653603515758,8-30 days,Very High,1
CLM103258,75,13.1,Personal,5200.18,51225.07,4,3,2.0,2,11,0.212,0,0,9.850634016514812,2-7 days,Very High,1
CLM103259,22,7.6,Personal,8846.57,52885.14,1,10,6.0,1,11,0.181,1,0,5.978038946167837,8-30 days,Very High,1
CLM103260,22,6.7,Motor,10054.44,18767.01,1,27,2.0,2,12,0.04,0,0,1.8665395586427487,8-30 days,Medium,0
CLM103261,47,5.2,Home,6797.69,50308.45,2,18,6.0,1,5,0.115,0,0,7.400815571171972,8-30 days,Very High,1
CLM103262,71,10.8,Home,10089.42,138450.86,1,13,3.0,1,18,0.285,0,0,13.72238047380325,8-30 days,Very High,1
CLM103263,49,4.4,Home,10530.17,58277.42,0,17,1.0,1,0,0.216,0,0,5.534328505617668,8-30 days,Very High,1
CLM103264,25,3.9,Home,6733.15,20934.98,1,30,1.0,0,12,0.243,0,0,3.1092401030721133,8-30 days,Medium,0
CLM103265,27,5.5,Motor,12049.32,18123.55,3,20,4.0,2,4,0.325,0,0,1.5041139251011675,8-30 days,Medium,0
CLM103266,55,2.8,Home,3015.44,30497.51,2,1,6.0,1,0,0.266,0,1,10.113784389674475,0-1 days,High,1
CLM103267,64,10.5,Motor,3589.99,49911.81,0,26,1.0,0,2,0.084,0,0,13.903049869219691,8-30 days,Very High,1
CLM103268,49,9.3,Motor,5337.02,32014.86,1,8,1.0,1,2,0.232,0,0,5.99863969031407,8-30 days,High,1
CLM103269,65,7.3,Home,9647.26,12204.56,2,9,5.0,1,14,0.228,0,0,1.2650804477126147,8-30 days,Low,0
CLM103270,45,6.0,Home,6051.64,49437.52,0,26,1.0,1,14,0.074,1,0,8.169276427546912,8-30 days,Very High,1
CLM103271,34,13.7,Motor,4655.64,56591.73,2,24,3.0,1,21,0.088,0,0,12.155521045441658,8-30 days,Very High,1
CLM103272,48,0.6,Motor,8167.85,14496.0,0,12,6.0,0,3,0.251,0,0,1.7747632485905103,8-30 days,Low,0
CLM103273,25,11.6,Travel,8892.72,57559.7,0,18,2.0,0,7,0.09,1,0,6.472676526417114,8-30 days,Very High,1
CLM103274,57,13.5,Travel,6382.83,30670.38,0,3,3.0,1,2,0.106,0,0,4.805138159719122,2-7 days,High,1
CLM103275,42,6.8,Home,4988.09,40355.99,0,27,6.0,1,7,0.224,0,0,8.090469498345056,8-30 days,High,1
CLM103276,26,8.4,Motor,8527.19,40874.49,0,15,2.0,2,11,0.182,0,0,4.793430192126597,8-30 days,High,1
CLM103277,19,14.2,Home,12155.58,34752.33,1,11,2.0,1,22,0.171,0,0,2.8589610697309387,8-30 days,High,0
CLM103278,32,3.3,Motor,4921.7,20756.39,0,24,4.0,0,17,0.419,1,1,4.21732125078733,8-30 days,Medium,1
CLM103279,67,7.9,Motor,17313.7,40739.46,0,15,6.0,2,12,0.14,0,0,2.3530187077285616,8-30 days,High,0
CLM103280,20,7.2,Motor,6586.91,28984.35,2,30,1.0,0,7,0.222,0,0,4.4002954344298,8-30 days,High,1
CLM103281,66,4.0,Home,6382.46,35849.42,2,16,4.0,1,16,0.086,0,0,5.616865597277538,8-30 days,High,1
CLM103282,53,12.3,Home,9029.47,22818.74,1,15,2.0,1,8,0.346,1,0,2.527140574142226,8-30 days,Medium,0
CLM103283,21,13.5,Personal,8904.42,37658.26,1,6,5.0,0,6,0.234,0,1,4.229164841730287,2-7 days,High,1
CLM103284,31,11.8,Travel,3110.52,27990.1,0,1,5.0,1,21,0.462,0,1,8.998527577382559,0-1 days,Medium,1
CLM103285,58,3.1,Motor,8096.17,13203.93,0,8,6.0,4,23,0.203,0,0,1.6308859621277716,8-30 days,Low,0
CLM103286,58,1.5,Motor,11025.0,41883.51,2,26,4.0,1,14,0.229,0,0,3.798957823129252,8-30 days,High,0
CLM103287,42,9.2,Motor,13499.22,62957.82,1,11,4.0,0,23,0.174,0,0,4.663811686897465,8-30 days,Very High,1
CLM103288,75,1.0,Travel,8068.54,38099.87,0,30,1.0,0,21,0.432,0,0,4.7220277770203785,8-30 days,High,1
CLM103289,72,10.2,Travel,7241.48,24638.26,0,12,4.0,1,15,0.239,0,0,3.4023790716814792,8-30 days,Medium,0
CLM103290,67,8.1,Personal,11777.28,38035.63,1,13,4.0,0,19,0.167,0,0,3.2295767783393106,8-30 days,High,0
CLM103291,27,10.0,Home,19036.59,17069.66,1,11,3.0,1,7,0.037,0,0,0.8966763480224137,8-30 days,Low,0
CLM103292,38,8.9,Personal,8865.43,51126.2,1,2,4.0,1,23,0.186,0,0,5.766917115131471,2-7 days,Very High,1
CLM103293,53,6.5,Home,7830.15,28465.055,0,21,6.0,2,15,0.195,0,0,3.6353141382987557,8-30 days,Medium,0
CLM103294,29,3.2,Personal,14964.11,27477.56,2,20,4.0,1,18,0.132,0,0,1.8362308216125116,8-30 days,Medium,0
CLM103295,44,4.7,Travel,5112.36,30991.31,0,15,6.0,0,15,0.325,0,0,6.062035928612227,8-30 days,High,1
CLM103296,57,8.0,Home,8743.04,13225.59,1,17,6.0,1,13,0.114,0,0,1.512699244198814,8-30 days,Low,0
CLM103297,19,9.8,Home,25116.11,43740.95,2,24,3.0,2,22,0.014,1,0,1.7415495472826006,8-30 days,High,0
CLM103298,71,11.7,Travel,10423.75,23877.91,0,2,2.0,0,15,0.447,0,1,2.2907216692649,2-7 days,Medium,0
CLM103299,30,11.6,Motor,12002.54,4219.6,1,21,6.0,2,0,0.17,0,0,0.35155892002859396,8-30 days,Low,0
CLM103300,70,14.6,Motor,7331.29,30892.05,1,8,2.0,3,17,0.378,0,0,4.213726370120401,8-30 days,High,1
CLM103301,49,4.4,Motor,11066.28,26135.66,1,14,3.0,1,17,0.252,0,0,2.3617385426719726,8-30 days,Medium,0
CLM103302,48,1.3,Motor,14690.54,13307.8,0,7,1.0,3,0,0.343,0,0,0.9058754817726237,2-7 days,Low,0
CLM103303,33,5.3,Home,4300.31,58903.81,0,9,4.0,3,16,0.548,0,0,13.697572965669915,8-30 days,Very High,1
CLM103304,49,11.2,Motor,8139.57,20537.87,0,20,6.0,2,19,0.311,0,0,2.5232131427090128,8-30 days,Medium,0
CLM103305,49,6.7,Motor,9948.8,16425.94,0,21,1.0,1,6,0.694,0,0,1.6510473624959794,8-30 days,Low,0
CLM103306,51,12.3,Motor,8287.13,65007.48,1,2,5.0,0,5,0.28,0,0,7.844390036116244,2-7 days,Very High,1
CLM103307,28,8.3,Home,6826.8,38458.06,0,30,1.0,3,12,0.375,1,0,5.633394855569227,8-30 days,High,1
CLM103308,27,14.0,Motor,15925.14,13651.39,0,4,4.0,2,6,0.127,0,0,0.8572226052643808,2-7 days,Low,0
CLM103309,32,14.2,Motor,9315.68,28160.78,0,5,2.0,3,23,0.048,0,0,3.0229441114336257,2-7 days,Medium,0
CLM103310,34,1.2,Motor,6200.07,15783.34,3,13,4.0,1,7,0.22,1,0,2.545671258550307,8-30 days,Low,0
CLM103311,57,7.0,Motor,13236.39,11069.72,0,18,6.0,0,11,0.321,0,0,0.8363095980097293,8-30 days,Low,0
CLM103312,35,9.2,Personal,15886.25,10481.64,0,25,4.0,3,15,0.102,1,0,0.6597932174049885,8-30 days,Low,0
CLM103313,72,4.0,Motor,14202.27,47473.62,0,17,4.0,2,2,0.126,0,0,3.342678318325169,8-30 days,Very High,0
CLM103314,26,6.2,Travel,7050.07,15668.83,2,25,1.0,1,6,0.123,0,0,2.2225070105686893,8-30 days,Low,0
CLM103315,42,10.2,Home,7188.49,13595.44,0,24,2.0,2,5,0.073,0,0,1.8912789751394243,8-30 days,Low,0
CLM103316,57,3.6,Personal,5322.94,23990.56,2,6,2.0,2,12,0.445,0,0,4.507013041664945,2-7 days,Medium,1
CLM103317,31,9.1,Motor,9529.21,194912.55,2,3,6.0,2,13,0.039,0,1,20.45421918501114,2-7 days,Very High,1
CLM103318,75,10.5,Motor,13935.19,40351.17,0,28,1.0,0,12,0.258,0,0,2.895631132406519,8-30 days,High,0
CLM103319,42,1.5,Motor,10956.66,52610.79,0,2,1.0,3,7,0.258,1,0,4.801717859274633,2-7 days,Very High,1
CLM103320,67,7.6,Motor,18699.51,13966.44,1,12,1.0,1,18,0.057,0,0,0.7468880200604188,8-30 days,Low,0
CLM103321,39,4.1,Home,3549.83,39180.91,2,3,5.0,4,13,0.272,0,0,11.037404608107995,2-7 days,High,1
CLM103322,69,10.9,Motor,9053.46,28324.46,2,8,5.0,1,4,0.004,0,0,3.12857846613339,8-30 days,Medium,0
CLM103323,47,3.0,Motor,12358.11,16771.96,3,24,4.0,1,17,0.166,0,0,1.3571622197892719,8-30 days,Low,0
CLM103324,37,13.4,Personal,6462.8,24142.99,1,27,6.0,4,3,0.119,1,0,3.7356857708733058,8-30 days,Medium,0
CLM103325,38,6.6,Home,5108.38,17554.76,2,5,5.0,1,22,0.189,0,0,3.43646322317447,2-7 days,Medium,0
CLM103326,61,3.1,Motor,4937.4,31377.56,2,10,1.0,0,0,0.276,0,1,6.355077571191316,8-30 days,High,1
CLM103327,49,6.7,Motor,8908.86,24161.81,0,27,1.0,3,0,0.039,1,0,2.7121101914274104,8-30 days,Medium,0
CLM103328,68,6.2,Motor,4882.25,17586.59,0,8,1.0,3,8,0.087,1,0,3.6021485995186646,8-30 days,Medium,0
CLM103329,63,6.5,Personal,16492.97,23624.54,1,29,2.0,0,18,0.08,0,0,1.4324005924948628,8-30 days,Medium,0
CLM103330,66,8.9,Personal,10716.54,54434.6,1,8,6.0,1,0,0.006,0,0,5.07949394114145,8-30 days,Very High,1
CLM103331,73,7.9,Personal,7765.83,11933.57,0,21,2.0,2,14,0.302,0,0,1.5366766977901911,8-30 days,Low,0
CLM103332,38,2.4,Personal,8197.61,18813.29,1,20,5.0,2,12,0.121,0,0,2.294972559075145,8-30 days,Medium,0
CLM103333,52,1.2,Home,13831.28,36203.35,1,26,3.0,2,22,0.326,0,0,2.617498163582835,8-30 days,High,0
CLM103334,75,11.0,Motor,15540.83,18011.37,0,18,3.0,0,6,0.028,0,0,1.158970917254741,8-30 days,Medium,0
CLM103335,49,8.5,Motor,5583.43,72363.57,1,0,1.0,1,13,0.057,0,0,12.960415013710211,0-1 days,Very High,1
CLM103336,47,5.5,Travel,6111.33,66670.64,1,3,2.0,3,1,0.357,0,1,10.909350337815173,2-7 days,Very High,1
CLM103337,72,12.2,Personal,7237.43,69380.04,1,0,6.0,0,12,0.217,0,0,9.586281318092194,0-1 days,Very High,1
CLM103338,56,5.9,Motor,6417.28,45801.96,1,12,4.0,1,7,0.059,0,0,7.13728557893687,8-30 days,High,1
CLM103339,66,12.0,Home,3773.21,58261.63,1,15,5.0,3,11,0.089,0,0,15.440866000037103,8-30 days,Very High,1
CLM103340,29,4.7,Personal,5890.68,28506.03,0,11,2.0,1,12,0.318,0,0,4.8391747642037926,8-30 days,High,1
CLM103341,58,1.3,Motor,6192.57,18324.36,2,0,1.0,0,2,0.153,0,0,2.9590880684433123,0-1 days,Medium,0
CLM103342,64,14.0,Personal,4953.02,19135.54,0,29,1.0,1,18,0.375,0,0,3.863408587084243,8-30 days,Medium,0
CLM103343,35,6.0,Motor,10362.49,8748.24,2,14,3.0,1,11,0.027,0,0,0.8442218038328626,8-30 days,Low,0
CLM103344,38,11.9,Home,8032.1,21545.7,1,21,6.0,4,20,0.374,0,0,2.682449172694563,8-30 days,Medium,0
CLM103345,30,4.3,Motor,11221.65,22527.03,1,26,6.0,2,1,0.009,0,1,2.007461469569983,8-30 days,Medium,0
CLM103346,38,9.8,Home,5457.09,24639.84,0,4,1.0,3,19,0.219,0,0,4.515197660291474,2-7 days,Medium,1
CLM103347,25,13.1,Home,11305.87,185678.21,1,22,1.0,3,17,0.332,0,1,16.42316867255682,8-30 days,Very High,1
CLM103348,63,0.8,Motor,9071.98,16250.01,1,0,4.0,2,15,0.201,0,0,1.7912308007733704,0-1 days,Low,0
CLM103349,57,12.5,Personal,6640.96,23752.87,1,16,5.0,1,8,0.271,0,0,3.5767223413482387,8-30 days,Medium,0
CLM103350,63,8.7,Home,17496.38,140912.72,2,7,4.0,1,21,0.344,0,0,8.053821419059256,2-7 days,Very High,1
CLM103351,24,9.2,Travel,8942.22,16712.16,2,21,3.0,2,16,0.256,0,0,1.868905037004234,8-30 days,Low,0
CLM103352,40,7.9,Motor,6706.79,12937.82,0,7,2.0,4,23,0.13,0,0,1.9290629347273434,2-7 days,Low,0
CLM103353,61,13.1,Personal,9645.89,24266.35,1,30,6.0,1,17,0.144,0,0,2.5157191301165573,8-30 days,Medium,0
CLM103354,49,0.8,Motor,5551.94,16673.77,4,29,3.0,2,18,0.045,1,0,3.0032331041041513,8-30 days,Low,0
CLM103355,28,4.1,Motor,7850.06,63526.99,2,21,6.0,3,6,0.015,0,0,8.092548337210161,8-30 days,Very High,1
CLM103356,39,13.2,Motor,21182.09,31345.91,2,21,1.0,0,3,0.391,0,0,1.4798308382222907,8-30 days,High,0
CLM103357,39,11.3,Motor,3833.39,12329.51,1,25,5.0,0,7,0.278,0,0,3.2163463670537045,8-30 days,Low,0
CLM103358,60,0.5,Personal,6701.73,35575.8,0,14,1.0,2,0,0.412,0,0,5.308450206140804,8-30 days,High,1
CLM103359,42,7.9,Motor,7953.8,32382.91,1,22,5.0,1,9,0.277,1,0,4.071375946088662,8-30 days,High,1
CLM103360,39,8.0,Motor,7207.96,9997.1,1,11,5.0,0,3,0.123,0,0,1.3869527577844494,8-30 days,Low,0
CLM103361,45,6.1,Personal,6785.41,39124.44,1,15,5.0,1,16,0.007,0,0,5.765965505400558,8-30 days,High,1
CLM103362,46,4.6,Home,18210.98,40720.5,1,17,2.0,2,6,0.098,0,0,2.2360411136578042,8-30 days,High,0
CLM103363,30,10.3,Travel,6621.92,10202.34,1,2,3.0,2,0,0.288,0,0,1.5406921255466692,2-7 days,Low,0
CLM103364,35,3.3,Motor,10161.88,11284.45,5,27,6.0,2,15,0.066,1,0,1.1104687321637337,8-30 days,Low,0
CLM103365,19,12.0,Travel,6452.16,21534.55,1,28,6.0,3,23,0.391,0,0,3.3375722238754153,8-30 days,Medium,0
CLM103366,46,12.1,Motor,10172.62,17560.48,1,3,2.0,0,9,0.122,0,0,1.7262494814511893,2-7 days,Medium,0
CLM103367,38,6.3,Personal,12950.33,43795.05,3,14,2.0,3,10,0.013,0,0,3.381770966454137,8-30 days,High,0
CLM103368,32,4.4,Home,8220.23,20239.76,3,13,2.0,1,5,0.13,0,0,2.462189014176002,8-30 days,Medium,0
CLM103369,69,4.4,Home,6571.55,24537.77,0,0,4.0,2,21,0.217,0,0,3.733939481553058,0-1 days,Medium,0
CLM103370,44,7.3,Motor,8040.43,12658.55,1,24,4.0,1,23,0.452,0,0,1.5743623164432747,8-30 days,Low,0
CLM103371,67,10.8,Motor,10814.1,57030.62,0,24,4.0,1,0,0.198,1,0,5.273727818311279,8-30 days,Very High,1
CLM103372,48,5.5,Motor,12553.19,15840.44,1,19,2.0,2,8,0.08,0,0,1.2618657090349146,8-30 days,Low,0
CLM103373,32,9.2,Motor,9542.24,12914.68,1,16,1.0,3,10,0.407,0,0,1.353422257247774,8-30 days,Low,0
CLM103374,68,5.9,Motor,8201.32,29107.2,0,16,4.0,1,5,0.364,1,0,3.5490872201060317,8-30 days,High,0
CLM103375,40,4.7,Travel,15112.66,62641.98,4,21,3.0,1,18,0.163,0,0,4.14500028452966,8-30 days,Very High,1
CLM103376,41,0.6,Motor,6411.51,39327.95,2,17,2.0,0,12,0.079,0,0,6.133960642656722,8-30 days,High,1
CLM103377,61,0.3,Travel,7060.76,18334.07,1,0,3.0,0,16,0.087,0,0,2.5966142454919865,0-1 days,Medium,0
CLM103378,30,3.6,Motor,19053.08,20663.66,2,25,1.0,2,13,0.296,0,0,1.0845312149006878,8-30 days,Medium,0
CLM103379,39,6.2,Motor,8137.88,10177.08,1,26,5.0,1,19,0.38,1,0,1.2505812324585763,8-30 days,Low,0
CLM103380,60,12.8,Travel,11434.52,118605.21,1,27,5.0,1,20,0.203,0,0,10.372556959102788,8-30 days,Very High,1
CLM103381,54,12.0,Travel,5702.85,89657.46,2,1,6.0,2,3,0.166,0,0,15.721518188274285,0-1 days,Very High,1
CLM103382,50,4.2,Motor,13336.59,34761.16,2,22,1.0,3,6,0.098,0,0,2.6064503744960295,8-30 days,High,0
CLM103383,73,3.8,Motor,5064.66,27746.54,0,15,2.0,5,14,0.299,0,0,5.478460548190797,8-30 days,Medium,1
CLM103384,20,3.6,Home,4898.1,12032.47,2,13,3.0,3,21,0.017,1,0,2.45655866560503,8-30 days,Low,0
CLM103385,71,5.2,Motor,12700.99,25098.68,0,19,3.0,0,9,0.092,0,0,1.9761199717502338,8-30 days,Medium,0
CLM103386,36,7.6,Motor,7224.13,54630.19,1,22,5.0,1,4,0.4,0,0,7.562182574233852,8-30 days,Very High,1
CLM103387,40,6.7,Home,7621.67,48384.78,2,22,3.0,2,12,0.336,0,0,6.348317363517444,8-30 days,Very High,1
CLM103388,46,3.4,Motor,10317.44,19970.47,1,19,5.0,1,14,0.418,1,0,1.9356032116494015,8-30 days,Medium,0
CLM103389,47,2.1,Motor,7459.83,51047.61,3,28,6.0,3,2,0.076,0,0,6.842999103196722,8-30 days,Very High,1
CLM103390,56,0.4,Personal,5304.7,66687.59,1,17,4.0,2,18,0.02,0,0,12.571415914189304,8-30 days,Very High,1
CLM103391,61,2.5,Travel,6583.09,28735.66,1,8,6.0,1,2,0.417,0,1,4.365071721638318,8-30 days,High,1
CLM103392,64,10.6,Motor,5481.65,58475.31,3,30,2.0,3,18,0.298,0,0,10.66746508806655,8-30 days,Very High,1
CLM103393,42,3.8,Home,14334.57,96539.35,1,13,3.0,1,11,0.344,0,1,6.734722422786314,8-30 days,Very High,1
CLM103394,54,7.1,Motor,14623.56,117762.11,0,29,2.0,3,13,0.3,0,0,8.052902986687236,8-30 days,Very High,1
CLM103395,64,9.0,Personal,5822.59,17847.99,0,12,4.0,0,7,0.477,0,0,3.065300836912783,8-30 days,Medium,0
CLM103396,25,13.3,Home,10340.0,39045.88,2,25,1.0,2,17,0.293,0,0,3.7761972920696323,8-30 days,High,0
CLM103397,59,13.4,Motor,7518.83,47453.08,2,13,1.0,1,3,0.213,0,0,6.311231933691811,8-30 days,Very High,1
CLM103398,75,11.2,Motor,16392.17,27605.64,1,25,1.0,3,23,0.232,0,0,1.684074774724762,8-30 days,Medium,0
CLM103399,33,0.7,Motor,24687.87,71160.01,1,18,5.0,2,10,0.217,0,0,2.882387585482263,8-30 days,Very High,0
CLM103400,25,8.7,Home,11814.92,29198.02,0,16,5.0,1,16,0.433,0,0,2.4712837666272813,8-30 days,High,0
CLM103401,18,11.8,Travel,6745.58,24967.63,1,26,1.0,4,18,0.381,0,0,3.701331835068297,8-30 days,Medium,0
CLM103402,61,0.5,Motor,5045.79,10447.44,3,7,3.0,3,3,0.434,0,0,2.0705261217767683,2-7 days,Low,0
CLM103403,22,8.3,Motor,9489.65,7882.65,0,3,6.0,3,5,0.186,1,0,0.8306576111869247,2-7 days,Low,0
CLM103404,20,12.9,Motor,7924.11,21532.96,1,8,5.0,2,1,0.143,0,0,2.7173979159804698,8-30 days,Medium,0
CLM103405,18,7.2,Motor,4441.39,3179.16,0,23,6.0,1,6,0.037,0,0,0.7158029355674687,8-30 days,Low,0
CLM103406,21,0.3,Motor,8809.07,71206.16,0,26,6.0,1,18,0.481,0,0,8.083277803445768,8-30 days,Very High,1
CLM103407,57,0.4,Home,21990.95,54527.31,2,10,1.0,0,13,0.065,1,0,2.4795340810651654,8-30 days,Very High,0
CLM103408,52,6.4,Home,12214.66,46973.27,0,6,2.0,1,15,0.28,0,0,3.8456469521050933,2-7 days,High,0
CLM103409,49,2.5,Personal,5039.24,64512.19,2,14,1.0,4,7,0.502,0,0,12.801968153927975,8-30 days,Very High,1
CLM103410,59,10.0,Personal,8429.86,22773.34,0,24,1.0,1,17,0.237,0,0,2.701508684604489,8-30 days,Medium,0
CLM103411,51,10.7,Home,10055.53,33054.29,0,17,2.0,2,8,0.126,0,0,3.2871753154731773,8-30 days,High,0
CLM103412,60,2.8,Travel,10608.53,21196.06,0,19,6.0,0,3,0.217,1,0,1.9980204608932624,8-30 days,Medium,0
CLM103413,42,13.4,Personal,4070.45,64331.58,2,28,5.0,5,13,0.033,0,0,15.804537581839847,8-30 days,Very High,1
CLM103414,27,6.7,Motor,8062.87,4130.75,2,29,6.0,2,23,0.056,0,0,0.5123175742632586,8-30 days,Low,0
CLM103415,38,2.3,Motor,9559.4,64317.88,0,4,2.0,0,19,0.273,0,0,6.728233989580936,2-7 days,Very High,1
CLM103416,63,11.5,Motor,7815.57,7145.47,0,15,5.0,4,21,0.207,0,0,0.914260892039864,8-30 days,Low,0
CLM103417,56,11.9,Home,3568.04,23990.25,2,20,4.0,6,23,0.173,0,0,6.723649398549344,8-30 days,Medium,1
CLM103418,44,9.7,Travel,7939.28,12743.46,1,11,5.0,1,20,0.162,0,0,1.6051153253191726,8-30 days,Low,0
CLM103419,44,12.8,Motor,12096.68,25282.48,2,16,3.0,1,21,0.497,0,0,2.0900346210695826,8-30 days,Medium,0
CLM103420,19,11.1,Home,6571.06,18497.01,0,24,5.0,1,17,0.268,1,0,2.8149202716152337,8-30 days,Medium,0
CLM103421,58,13.3,Home,6879.83,20981.41,1,14,3.0,2,19,0.138,0,0,3.0496989024438106,8-30 days,Medium,0
CLM103422,65,6.6,Motor,15944.0,42211.34,0,24,5.0,0,4,0.334,0,0,2.647474912192674,8-30 days,High,0
CLM103423,30,11.3,Motor,7769.01,33141.26,1,20,2.0,1,0,0.212,0,1,4.265827949764513,8-30 days,High,1
CLM103424,26,15.0,Motor,8938.98,59239.36,0,25,5.0,4,22,0.008,0,0,6.627082732034304,8-30 days,Very High,1
CLM103425,69,10.9,Motor,3673.22,38319.94,3,18,1.0,2,5,0.23,0,0,10.43224745591062,8-30 days,High,1
CLM103426,53,1.9,Travel,5292.43,8502.42,2,23,5.0,3,19,0.207,1,0,1.6065247910695086,8-30 days,Low,0
CLM103427,39,7.9,Personal,22769.49,163344.63,2,6,2.0,2,3,0.196,1,0,7.173837885697044,2-7 days,Very High,1
CLM103428,59,8.9,Travel,17904.41,6314.88,3,20,2.0,0,18,0.255,1,0,0.35269969800736245,8-30 days,Low,0
CLM103429,43,2.8,Travel,10515.6,35449.82,1,11,5.0,1,16,0.353,0,1,3.371164745711134,8-30 days,High,0
CLM103430,75,14.5,Travel,3037.35,48624.08,0,16,3.0,2,5,0.241,0,1,16.008718125997994,8-30 days,Very High,1
CLM103431,71,2.8,Home,4668.39,34873.35,2,6,5.0,1,4,0.022,0,0,7.470102112291388,2-7 days,High,1
CLM103432,29,2.8,Home,4612.41,24098.63,0,10,6.0,0,5,0.06,0,0,5.2247371764435515,8-30 days,Medium,1
CLM103433,34,13.7,Home,4582.18,85381.2,1,0,6.0,0,0,0.122,0,0,18.633314273991854,0-1 days,Very High,1
CLM103434,31,7.1,Home,7144.59,65015.12,2,16,4.0,0,17,0.11,0,0,9.09990916203729,8-30 days,Very High,1
CLM103435,31,1.1,Motor,12078.15,27557.23,0,24,3.0,0,14,0.239,0,0,2.281577062712419,8-30 days,Medium,0
CLM103436,74,9.1,Travel,6396.22,19993.53,1,21,5.0,1,15,0.395,0,0,3.125835258949817,8-30 days,Medium,0
CLM103437,51,9.1,Motor,7391.79,15167.73,0,6,5.0,1,22,0.433,0,0,2.0519698205712014,2-7 days,Low,0
CLM103438,70,1.2,Home,7402.55,16103.27,1,1,3.0,0,8,0.079,0,0,2.1753679475315937,0-1 days,Low,0
CLM103439,74,14.6,Motor,12762.61,26769.77,1,30,1.0,3,21,0.101,0,0,2.0975153201421968,8-30 days,Medium,0
CLM103440,37,8.3,Motor,12705.2,8087.89,1,10,4.0,0,21,0.191,0,0,0.6365810849101156,8-30 days,Low,0
CLM103441,28,8.5,Personal,9142.79,27859.88,1,15,4.0,1,4,0.357,0,0,3.0471967528511534,8-30 days,Medium,0
CLM103442,33,7.9,Motor,15110.09,51143.15,2,14,1.0,2,10,0.111,0,0,3.3847018780166103,8-30 days,Very High,0
CLM103443,68,9.2,Motor,7154.77,18355.92,1,7,3.0,1,4,0.19,0,0,2.565549975750443,2-7 days,Medium,0
CLM103444,48,4.1,Motor,18656.27,27524.99,2,14,3.0,1,5,0.154,0,0,1.4753747667674193,8-30 days,Medium,0
CLM103445,72,4.5,Personal,6471.0,35260.34,1,6,2.0,1,1,0.434,0,1,5.4489785195487555,2-7 days,High,1
CLM103446,23,7.8,Home,3505.79,40267.04,4,4,3.0,3,9,0.549,1,1,11.48586766463479,2-7 days,High,1
CLM103447,73,12.1,Home,4815.07,24097.67,1,7,6.0,0,21,0.287,0,1,5.004635446629021,2-7 days,Medium,1
CLM103448,36,0.9,Personal,4626.3,104868.32,2,1,4.0,2,3,0.291,0,0,22.667859844800383,0-1 days,Very High,1
CLM103449,54,9.1,Motor,6092.02,28072.07,2,5,6.0,1,13,0.043,0,0,4.608006868001089,2-7 days,Medium,1
CLM103450,75,12.1,Motor,14124.94,10331.06,0,3,2.0,1,2,0.113,1,0,0.7314055847316873,2-7 days,Low,0
CLM103451,21,2.5,Motor,6944.55,20969.38,0,6,5.0,2,12,0.322,1,0,3.0195448229186916,2-7 days,Medium,0
CLM103452,64,0.4,Travel,4619.64,74129.36,1,5,5.0,1,22,0.245,0,0,16.04656639911335,2-7 days,Very High,1
CLM103453,21,4.8,Home,4413.98,69895.38,0,27,5.0,1,14,0.262,1,0,15.835001517904479,8-30 days,Very High,1
CLM103454,37,8.9,Motor,8282.78,7708.91,1,21,2.0,3,15,0.093,0,0,0.9307152912427952,8-30 days,Low,0
CLM103455,27,2.2,Motor,16881.19,22397.88,0,4,4.0,0,4,0.16,0,0,1.3267950896826588,2-7 days,Medium,0
CLM103456,41,6.5,Motor,9388.96,18850.49,2,26,3.0,1,9,0.493,0,0,2.007729290571054,8-30 days,Medium,0
CLM103457,71,8.4,Home,12998.23,50225.84,0,4,2.0,2,2,0.156,0,0,3.864052259423014,2-7 days,Very High,0
CLM103458,52,9.1,Motor,10184.73,11925.16,4,17,4.0,3,15,0.087,0,0,1.1708862188786546,8-30 days,Low,0
CLM103459,43,4.3,Motor,4276.54,90214.85,0,10,3.0,2,7,0.16,0,0,21.095289650044197,8-30 days,Very High,1
CLM103460,54,6.1,Motor,11141.5,9297.94,0,22,1.0,1,15,0.049,1,0,0.8345321545572859,8-30 days,Low,0
CLM103461,55,11.7,Home,5091.14,25206.04,0,22,4.0,1,4,0.004,1,0,4.950961867086742,8-30 days,Medium,1
CLM103462,38,14.1,Home,7046.38,11343.34,1,7,6.0,1,10,0.061,0,0,1.6098109951492823,2-7 days,Low,0
CLM103463,71,13.0,Motor,6140.22,45825.16,1,19,6.0,1,18,0.05,0,0,7.4631136995091385,8-30 days,High,1
CLM103464,57,8.6,Home,8112.79,5981.06,1,10,1.0,2,15,0.363,0,0,0.7372383606626081,8-30 days,Low,0
CLM103465,56,6.3,Home,7600.28,24622.3,0,26,5.0,0,13,0.302,0,0,3.2396569600067364,8-30 days,Medium,0
CLM103466,38,5.1,Personal,7161.88,24261.46,3,26,5.0,3,10,0.086,1,0,3.387582590046189,8-30 days,Medium,0
CLM103467,27,2.0,Motor,7507.65,14299.18,0,28,4.0,2,13,0.332,0,0,1.9046146264143908,8-30 days,Low,0
CLM103468,55,1.8,Home,9588.27,69837.35,1,24,6.0,0,15,0.186,0,0,7.283623635963527,8-30 days,Very High,1
CLM103469,63,10.4,Home,7507.43,100482.14,0,25,1.0,3,17,0.111,0,0,13.384359228124671,8-30 days,Very High,1
CLM103470,21,4.0,Motor,7864.8,20698.33,1,18,2.0,0,2,0.175,0,0,2.6317681314210155,8-30 days,Medium,0
CLM103471,74,4.0,Travel,20833.14,30852.46,4,18,3.0,1,2,0.406,0,0,1.4809318230473179,8-30 days,High,0
CLM103472,62,15.0,Motor,13570.09,17623.66,2,28,5.0,4,0,0.164,0,0,1.2987135678540083,8-30 days,Medium,0
CLM103473,37,3.0,Motor,6792.04,10858.24,1,1,5.0,1,11,0.064,1,0,1.5986713859164552,0-1 days,Low,0
CLM103474,34,2.4,Motor,8918.05,12108.96,1,9,5.0,2,6,0.051,0,0,1.3578035557100487,8-30 days,Low,0
CLM103475,72,1.7,Motor,8609.39,12351.32,0,6,5.0,1,10,0.088,0,0,1.4346335803117294,2-7 days,Low,0
CLM103476,24,8.8,Motor,8811.4,71452.08,0,11,6.0,2,12,0.006,0,0,8.109049640238782,8-30 days,Very High,1
CLM103477,21,9.5,Motor,8420.33,38657.46,0,25,4.0,1,13,0.104,0,0,4.590967337384639,8-30 days,High,1
CLM103478,46,5.6,Travel,8840.16,13699.67,3,1,6.0,3,21,0.17,0,0,1.5497083763189807,0-1 days,Low,0
CLM103479,31,8.1,Travel,7589.51,28465.055,0,6,4.0,4,11,0.015,0,0,3.7505787593665465,2-7 days,Medium,0
CLM103480,20,11.9,Motor,6446.39,13255.53,0,18,1.0,1,5,0.276,0,0,2.056271804839608,8-30 days,Low,0
CLM103481,41,12.3,Home,7138.72,6843.56,1,30,2.0,1,5,0.203,0,0,0.9586536521953516,8-30 days,Low,0
CLM103482,54,14.4,Personal,3891.76,41329.08,2,0,1.0,2,6,0.127,1,0,10.619637387711473,0-1 days,High,1
CLM103483,33,12.4,Motor,11621.42,25451.27,3,10,3.0,0,5,0.023,0,0,2.190030994491207,8-30 days,Medium,0
CLM103484,75,8.6,Motor,10559.33,100940.16,2,7,6.0,4,8,0.443,1,0,9.559333783488157,2-7 days,Very High,1
CLM103485,72,2.9,Travel,21016.04,5868.27,1,7,2.0,2,20,0.528,0,0,0.2792281514500353,2-7 days,Low,0
CLM103486,69,1.7,Home,4963.36,52897.87,3,13,4.0,2,16,0.018,1,0,10.657673430901648,8-30 days,Very High,1
CLM103487,21,1.0,Motor,7088.36,56538.3,1,12,5.0,1,16,0.318,0,0,7.976217347877366,8-30 days,Very High,1
CLM103488,73,10.1,Motor,14370.97,62394.69,0,9,1.0,1,14,0.01,1,0,4.3417173649377885,8-30 days,Very High,1
CLM103489,41,12.2,Home,9989.82,33664.32,1,16,2.0,1,0,0.265,0,0,3.369862520045406,8-30 days,High,0
CLM103490,51,7.7,Personal,17712.28,28465.055,1,26,3.0,1,13,0.206,0,0,1.607080229084003,8-30 days,Medium,0
CLM103491,47,1.0,Motor,16516.95,35216.9,1,5,2.0,3,1,0.081,0,0,2.1321672584829523,2-7 days,High,0
CLM103492,35,8.1,Personal,2847.97,15971.47,2,19,1.0,2,19,0.21,0,0,5.608019045144436,8-30 days,Low,1
CLM103493,36,14.0,Motor,9543.72,28465.055,2,20,4.0,0,21,0.242,1,1,2.982595361138005,8-30 days,Medium,0
CLM103494,48,9.0,Motor,9566.42,20313.22,1,13,5.0,1,6,0.017,0,0,2.123387850418443,8-30 days,Medium,0
CLM103495,36,12.2,Motor,8413.14,67024.44,2,23,3.0,1,12,0.275,1,0,7.966637902138798,8-30 days,Very High,1
CLM103496,66,12.0,Home,6990.53,73095.8,0,7,1.0,0,20,0.166,0,0,10.456403162564213,2-7 days,Very High,1
CLM103497,63,14.0,Motor,17167.28,51578.97,0,6,4.0,5,6,0.055,1,0,3.0044928491875242,2-7 days,Very High,0
CLM103498,36,11.6,Motor,8397.23,29317.44,1,4,2.0,2,17,0.001,0,0,3.491322733806267,2-7 days,High,0
CLM103499,39,11.3,Personal,2071.85,5984.23,1,5,4.0,0,5,0.443,0,0,2.8883509906605207,2-7 days,Low,0
CLM103500,41,3.7,Personal,6965.11,51930.58,1,7,4.0,1,18,0.209,0,0,7.455816203907764,2-7 days,Very High,1
CLM103501,62,1.1,Motor,21587.08,50322.16,1,20,5.0,2,8,0.11,0,0,2.3311239871256326,8-30 days,Very High,0
CLM103502,29,7.9,Motor,5141.77,34669.11,2,2,1.0,1,9,0.063,1,0,6.74264115275479,2-7 days,High,1
CLM103503,47,2.0,Travel,14701.62,40113.45,0,8,6.0,1,3,0.088,0,0,2.728505430013835,8-30 days,High,0
CLM103504,75,14.4,Home,13587.88,15232.44,3,24,4.0,1,20,0.211,0,0,1.1210313897385022,8-30 days,Low,0
CLM103505,55,4.5,Motor,7575.49,21643.01,0,9,2.0,1,20,0.242,0,0,2.8569782284710294,8-30 days,Medium,0
CLM103506,70,12.8,Personal,9254.97,15130.87,1,0,2.0,1,11,0.2,1,0,1.6348913070490776,0-1 days,Low,0
CLM103507,48,5.9,Motor,8237.67,24920.64,1,6,5.0,2,12,0.071,1,0,3.025204942659757,2-7 days,Medium,0
CLM103508,53,5.0,Home,6704.44,54054.31,1,19,4.0,2,17,0.125,0,0,8.062464575714005,8-30 days,Very High,1
CLM103509,36,14.0,Motor,6291.66,38910.01,2,5,2.0,0,12,0.165,0,0,6.184379003315501,2-7 days,High,1
CLM103510,65,5.6,Home,16108.81,12793.42,3,12,6.0,1,19,0.174,0,0,0.7941877767507346,8-30 days,Low,0
CLM103511,62,6.0,Motor,7861.63,110635.75,0,6,2.0,3,22,0.04,0,0,14.072876744390157,2-7 days,Very High,1
CLM103512,53,1.8,Home,6005.44,31880.73,0,7,5.0,2,17,0.146,0,0,5.308641831406192,2-7 days,High,1
CLM103513,47,10.1,Personal,10882.95,16889.04,1,26,4.0,1,4,0.196,0,0,1.5518806941132688,8-30 days,Low,0
CLM103514,72,4.5,Motor,10298.24,22340.39,0,20,5.0,2,15,0.232,0,0,2.1693405863526194,8-30 days,Medium,0
CLM103515,66,8.9,Home,4343.42,18468.37,0,4,4.0,2,20,0.311,0,0,4.25203411136846,2-7 days,Medium,1
CLM103516,72,9.0,Motor,6360.96,33175.96,0,11,2.0,7,20,0.212,0,0,5.215558657812657,8-30 days,High,1
CLM103517,50,10.8,Personal,3957.48,10382.44,0,5,6.0,2,22,0.254,0,0,2.623497781416457,2-7 days,Low,0
CLM103518,35,11.2,Personal,26779.17,34916.6,0,30,1.0,0,9,0.08,1,0,1.3038716285829621,8-30 days,High,0
CLM103519,69,7.8,Travel,7219.85,52576.14,1,22,2.0,0,13,0.011,0,0,7.2821651419350815,8-30 days,Very High,1
CLM103520,66,5.1,Home,6268.33,45922.75,0,14,1.0,4,22,0.353,1,0,7.326153855971207,8-30 days,High,1
CLM103521,45,12.6,Personal,6786.88,34153.04,2,20,4.0,0,14,0.186,0,0,5.032215097364326,8-30 days,High,1
CLM103522,64,4.8,Motor,6053.77,43117.87,0,20,4.0,1,10,0.321,0,0,7.1224823539711615,8-30 days,High,1
CLM103523,28,7.7,Motor,7827.96,37579.61,0,27,3.0,3,7,0.085,0,0,4.800690090393921,8-30 days,High,1
CLM103524,74,6.1,Home,14818.18,61386.87,1,3,4.0,0,16,0.42,0,0,4.142672716892358,2-7 days,Very High,1
CLM103525,71,12.9,Home,8880.6,23396.06,2,16,4.0,1,2,0.039,0,0,2.634513433776997,8-30 days,Medium,0
CLM103526,62,6.6,Travel,4552.36,14112.35,3,13,3.0,2,0,0.166,1,1,3.100007468653622,8-30 days,Low,0
CLM103527,50,5.9,Home,5070.65,36835.52,1,6,1.0,3,6,0.272,0,0,7.264457219488626,2-7 days,High,1
CLM103528,34,10.4,Motor,9194.8,63120.95,2,22,4.0,0,20,0.195,0,0,6.864852960368904,8-30 days,Very High,1
CLM103529,23,9.1,Motor,5843.94,20890.11,3,12,5.0,2,1,0.086,0,0,3.5746619575149645,8-30 days,Medium,0
CLM103530,21,1.8,Motor,7800.58,92795.57,1,21,4.0,1,9,0.139,0,0,11.895983375595149,8-30 days,Very High,1
CLM103531,37,7.7,Home,27956.0,37277.93,1,9,4.0,0,17,0.186,1,0,1.3334500643868936,8-30 days,High,0
CLM103532,65,11.1,Motor,5405.94,56174.68,0,17,2.0,1,6,0.469,0,0,10.391288101606753,8-30 days,Very High,1
CLM103533,64,14.9,Motor,4433.89,11715.71,4,1,4.0,1,4,0.107,0,0,2.642309574662429,0-1 days,Low,0
CLM103534,44,9.5,Home,6091.82,50672.32,0,21,4.0,2,3,0.447,0,0,8.318092130102334,8-30 days,Very High,1
CLM103535,32,5.7,Personal,3782.7,39772.51,1,11,5.0,2,13,0.019,0,0,10.514317815317103,8-30 days,High,1
CLM103536,23,3.5,Personal,15162.31,136478.52,1,12,3.0,3,23,0.354,1,0,9.001169346887117,8-30 days,Very High,1
CLM103537,64,13.1,Personal,5044.92,41230.7,1,24,3.0,3,2,0.301,0,0,8.172716316611561,8-30 days,High,1
CLM103538,31,12.3,Travel,5483.71,45722.4,4,20,3.0,3,12,0.016,0,0,8.337858858327666,8-30 days,High,1
CLM103539,28,3.7,Motor,4664.7,15137.1,3,6,2.0,3,2,0.358,0,0,3.245031834844685,2-7 days,Low,0
CLM103540,56,3.2,Personal,3970.22,35524.9,0,17,3.0,1,7,0.157,0,1,8.947841681317408,8-30 days,High,1
CLM103541,26,10.8,Motor,8292.76,66124.38,2,21,1.0,3,17,0.276,0,0,7.9737481851639265,8-30 days,Very High,1
CLM103542,43,4.9,Travel,6062.0,21589.92,1,10,1.0,1,18,0.323,0,0,3.5615176509402833,8-30 days,Medium,0
CLM103543,33,4.7,Home,3773.32,16416.72,2,21,5.0,2,3,0.535,0,0,4.350736221682762,8-30 days,Low,1
CLM103544,22,2.5,Personal,7189.12,126317.43,0,9,2.0,3,9,0.35,0,0,17.57063868734977,8-30 days,Very High,1
CLM103545,74,4.1,Motor,10020.31,22736.7,1,21,6.0,3,2,0.211,1,0,2.269061536020343,8-30 days,Medium,0
CLM103546,69,6.5,Motor,6966.91,55200.57,0,5,2.0,2,11,0.319,1,0,7.923250049160963,2-7 days,Very High,1
CLM103547,27,11.0,Home,11131.1,19566.45,0,13,4.0,1,23,0.302,0,0,1.757818185085032,8-30 days,Medium,0
CLM103548,67,5.2,Motor,18254.42,20161.48,0,19,6.0,2,5,0.26,0,0,1.104471136305618,8-30 days,Medium,0
CLM103549,20,5.1,Personal,12263.03,25536.2,1,4,1.0,2,18,0.504,0,0,2.082372790411505,2-7 days,Medium,0
CLM103550,30,4.4,Home,9367.06,43033.87,3,19,2.0,2,22,0.144,0,0,4.594170422736697,8-30 days,High,1
CLM103551,60,7.3,Home,12250.34,67242.39,1,5,5.0,1,3,0.204,0,1,5.4890223455022475,2-7 days,Very High,1
CLM103552,66,2.9,Personal,23156.3,18386.21,0,8,1.0,0,2,0.186,0,0,0.7940046553205823,8-30 days,Medium,0
CLM103553,47,7.4,Home,4443.78,64888.94,0,28,2.0,1,17,0.623,0,1,14.602194528081949,8-30 days,Very High,1
CLM103554,71,10.6,Motor,11299.85,31061.27,1,4,4.0,2,7,0.13,0,0,2.7488214445324495,2-7 days,High,0
CLM103555,62,0.6,Motor,5427.28,24537.63,0,4,4.0,2,23,0.237,0,0,4.521165298270957,2-7 days,Medium,1
CLM103556,23,0.3,Home,9476.72,42598.21,1,18,6.0,0,1,0.027,0,0,4.495037312487865,8-30 days,High,1
CLM103557,34,1.3,Personal,4688.57,81780.82,2,12,4.0,3,6,0.114,0,0,17.442593370686588,8-30 days,Very High,1
CLM103558,62,8.1,Travel,11943.89,41217.61,2,26,4.0,1,10,0.343,0,0,3.450936838835589,8-30 days,High,0
CLM103559,68,12.8,Personal,9641.07,16236.96,2,22,1.0,1,5,0.159,1,0,1.6841450170987244,8-30 days,Low,0
CLM103560,70,0.3,Motor,16690.54,31244.55,0,4,1.0,5,18,0.369,1,0,1.8719915592904721,2-7 days,High,0
CLM103561,36,14.1,Motor,7523.21,42684.58,1,13,2.0,1,2,0.312,1,0,5.673719064069726,8-30 days,High,1
CLM103562,59,1.8,Motor,7416.24,17943.82,1,1,5.0,2,12,0.163,1,0,2.4195306516509714,0-1 days,Medium,0
CLM103563,52,12.7,Travel,7449.67,34566.54,1,24,3.0,1,19,0.038,0,0,4.640009557470331,8-30 days,High,1
CLM103564,63,7.3,Motor,25728.06,16337.46,2,4,3.0,2,23,0.228,0,0,0.6350055153789286,2-7 days,Low,0
CLM103565,43,10.0,Motor,11303.81,45054.13,2,22,4.0,1,1,0.228,1,0,3.985747283438062,8-30 days,High,0
CLM103566,68,7.8,Home,15567.26,83984.12,3,27,2.0,3,4,0.183,0,0,5.394919851020667,8-30 days,Very High,1
CLM103567,22,7.3,Motor,11775.57,26351.1,2,22,3.0,0,14,0.228,1,0,2.2377770248064426,8-30 days,Medium,0
CLM103568,46,12.6,Travel,12640.99,48972.37,0,25,3.0,0,9,0.068,0,0,3.8740929310125236,8-30 days,Very High,0
CLM103569,54,11.4,Home,4376.56,60397.18,2,11,3.0,2,5,0.286,0,0,13.800148975451037,8-30 days,Very High,1
CLM103570,37,7.4,Motor,6607.05,20296.41,1,23,3.0,2,13,0.248,0,0,3.071932254183032,8-30 days,Medium,0
CLM103571,66,1.9,Motor,6426.77,38462.83,0,19,6.0,4,20,0.058,0,0,5.984783958349217,8-30 days,High,1
CLM103572,38,1.9,Personal,8729.02,65763.77,2,6,3.0,3,0,0.104,0,0,7.53392362487427,2-7 days,Very High,1
CLM103573,27,12.1,Motor,8113.19,95566.92,2,2,6.0,3,8,0.171,0,0,11.779203987580718,2-7 days,Very High,1
CLM103574,22,8.0,Motor,4123.13,22725.44,2,8,6.0,1,9,0.106,0,0,5.511696211373398,8-30 days,Medium,1
CLM103575,53,7.3,Motor,8665.84,12023.9,1,14,2.0,1,21,0.056,0,0,1.3875054235942506,8-30 days,Low,0
CLM103576,23,10.3,Motor,3436.46,43377.03,0,14,3.0,2,20,0.346,0,0,12.622591271250066,8-30 days,High,1
CLM103577,43,12.9,Personal,12054.98,33242.31,2,7,3.0,3,10,0.323,0,0,2.757558287114537,2-7 days,High,0
CLM103578,21,9.5,Motor,8907.07,28644.61,1,27,6.0,4,21,0.277,0,0,3.2159408200452004,8-30 days,High,0
CLM103579,56,11.5,Personal,14886.83,18966.93,2,30,2.0,1,18,0.008,0,0,1.2740744671632578,8-30 days,Medium,0
CLM103580,56,11.5,Motor,9354.41,54343.09,2,25,1.0,0,8,0.476,0,0,5.809355159758873,8-30 days,Very High,1
CLM103581,67,5.5,Personal,6903.23,18006.32,1,15,1.0,2,11,0.231,0,0,2.6083905649963857,8-30 days,Medium,0
CLM103582,52,4.3,Travel,4181.88,16873.18,1,24,1.0,0,19,0.16,0,0,4.034831224234076,8-30 days,Low,1
CLM103583,18,12.1,Home,7117.32,25355.26,3,1,3.0,2,5,0.313,0,0,3.5624729533026476,0-1 days,Medium,0
CLM103584,41,5.8,Home,5963.13,56197.16,0,19,2.0,2,15,0.161,0,0,9.424104455210603,8-30 days,Very High,1
CLM103585,74,13.6,Motor,10046.9,28465.055,2,0,1.0,2,12,0.281,0,0,2.833217708945048,0-1 days,Medium,0
CLM103586,53,1.2,Home,7032.7,13079.89,3,23,4.0,2,5,0.222,0,0,1.8598674762182377,8-30 days,Low,0
CLM103587,23,1.1,Motor,11159.35,15142.71,2,28,4.0,1,12,0.355,0,0,1.356952689896813,8-30 days,Low,0
CLM103588,58,13.9,Motor,15631.57,123919.96,2,3,2.0,1,14,0.241,0,0,7.927544066271015,2-7 days,Very High,1
CLM103589,71,9.8,Travel,4498.43,34608.63,1,3,3.0,0,17,0.118,0,0,7.693490840137558,2-7 days,High,1
CLM103590,63,5.8,Motor,8490.03,12808.52,1,22,6.0,2,15,0.316,0,0,1.5086542685950461,8-30 days,Low,0
CLM103591,61,11.4,Personal,8319.33,25380.76,0,29,1.0,2,8,0.224,1,1,3.0508177942214094,8-30 days,Medium,0
CLM103592,74,10.2,Motor,9791.04,50003.01,2,5,3.0,2,17,0.235,0,0,5.107017232081576,2-7 days,Very High,1
CLM103593,48,8.1,Home,11577.46,125482.66,0,2,6.0,0,9,0.064,0,0,10.83853107676468,2-7 days,Very High,1
CLM103594,37,1.7,Personal,17366.73,8832.42,3,7,1.0,1,11,0.091,0,0,0.5085827901971183,2-7 days,Low,0
CLM103595,41,12.2,Home,5159.31,12506.0,0,1,5.0,2,4,0.004,0,0,2.423967546047824,0-1 days,Low,0
CLM103596,42,13.0,Home,4189.69,21724.96,1,28,5.0,0,1,0.325,0,0,5.185338294718703,8-30 days,Medium,1
CLM103597,53,2.7,Travel,9252.52,22307.0,1,16,3.0,2,8,0.255,0,0,2.4109107572855826,8-30 days,Medium,0
CLM103598,38,12.8,Personal,10405.62,22040.06,1,27,4.0,3,17,0.079,0,0,2.1180919541555427,8-30 days,Medium,0
CLM103599,47,13.2,Motor,11754.22,25739.26,0,11,3.0,2,23,0.06,0,0,2.189788858809857,8-30 days,Medium,0
CLM103600,41,8.3,Home,6034.97,128219.02,0,28,1.0,1,0,0.13,0,0,21.246007850908953,8-30 days,Very High,1
CLM103601,61,9.9,Motor,4178.84,10836.38,1,11,3.0,0,13,0.226,1,0,2.593155038240277,8-30 days,Low,0
CLM103602,59,5.9,Motor,14711.09,31565.72,4,14,3.0,1,2,0.322,0,0,2.1457091214858997,8-30 days,High,0
CLM103603,47,4.4,Motor,10704.66,42646.11,2,17,1.0,1,22,0.186,0,0,3.98388272023586,8-30 days,High,0
CLM103604,39,10.9,Motor,7168.18,9425.95,1,8,4.0,2,10,0.238,1,1,1.3149711642285768,8-30 days,Low,0
CLM103605,45,13.0,Home,3235.89,82093.49,0,30,5.0,0,21,0.121,0,0,25.369678820973522,8-30 days,Very High,1
CLM103606,24,9.9,Personal,6290.09,24893.05,2,20,6.0,2,17,0.291,0,0,3.9575029928029646,8-30 days,Medium,0
CLM103607,52,7.8,Travel,11623.06,12421.53,1,4,1.0,2,1,0.095,1,0,1.06869705568069,2-7 days,Low,0
CLM103608,72,2.6,Home,10336.95,89324.91,0,21,3.0,1,21,0.244,0,0,8.641321666449,8-30 days,Very High,1
CLM103609,45,1.0,Motor,4571.44,46672.9,2,2,2.0,0,16,0.049,0,0,10.209671350821624,2-7 days,High,1
CLM103610,31,6.8,Motor,11230.91,18638.18,0,16,3.0,0,2,0.236,0,0,1.659543171479426,8-30 days,Medium,0
CLM103611,73,0.9,Motor,8169.28,48228.86,0,28,6.0,2,20,0.292,0,0,5.903685514512907,8-30 days,Very High,1
CLM103612,27,8.6,Home,15033.02,37449.24,2,23,3.0,1,6,0.365,1,0,2.491132187677526,8-30 days,High,0
CLM103613,33,5.9,Motor,6208.98,8844.99,0,22,2.0,1,2,0.01,0,0,1.4245479933902188,8-30 days,Low,0
CLM103614,33,11.4,Home,6439.34,28465.055,0,11,6.0,1,14,0.368,0,0,4.420492628126485,8-30 days,Medium,1
CLM103615,71,4.7,Personal,8951.84,28465.055,0,30,3.0,3,3,0.185,0,0,3.179799348513825,8-30 days,Medium,0
CLM103616,48,9.0,Travel,7043.61,28465.055,2,13,2.0,1,14,0.071,0,0,4.041259382617721,8-30 days,Medium,1
CLM103617,59,8.2,Travel,5737.38,59518.17,0,7,3.0,0,2,0.141,0,0,10.37375422231053,2-7 days,Very High,1
CLM103618,42,0.3,Home,19466.86,9939.86,2,8,4.0,0,10,0.133,0,0,0.5106041755064762,8-30 days,Low,0
CLM103619,30,1.3,Motor,16110.95,55851.43,1,1,6.0,0,2,0.094,0,0,3.466675149510116,0-1 days,Very High,0
CLM103620,23,4.5,Motor,5518.5,81438.91,2,20,5.0,3,19,0.018,0,0,14.757435897435897,8-30 days,Very High,1
CLM103621,61,13.3,Personal,9385.93,40425.0,2,1,4.0,2,17,0.218,0,0,4.306978637172874,0-1 days,High,1
CLM103622,26,2.4,Home,4266.03,1760.86,3,28,1.0,2,13,0.17,0,0,0.4127631545019608,8-30 days,Low,0
CLM103623,62,10.7,Home,18276.58,64873.99,2,23,1.0,2,20,0.092,0,0,3.5495694489888145,8-30 days,Very High,0
CLM103624,53,14.6,Motor,11966.73,20181.96,2,15,3.0,0,8,0.027,0,0,1.6865058374342865,8-30 days,Medium,0
CLM103625,73,11.9,Home,13352.61,26816.34,2,19,1.0,1,14,0.113,0,0,2.0083219685140206,8-30 days,Medium,0
CLM103626,60,3.8,Motor,7590.31,16034.36,1,10,1.0,1,7,0.428,0,0,2.112477619491167,8-30 days,Low,0
CLM103627,37,13.6,Motor,14420.92,98868.79,0,19,3.0,2,7,0.137,0,0,6.855928054520793,8-30 days,Very High,1
CLM103628,35,1.6,Motor,14438.15,31985.1,1,9,3.0,2,7,0.307,0,0,2.2153184445375618,8-30 days,High,0
CLM103629,75,7.1,Motor,7892.98,20647.92,0,7,5.0,3,23,0.359,1,0,2.615985343938538,2-7 days,Medium,0
CLM103630,60,13.3,Motor,5068.35,76460.43,0,6,2.0,2,13,0.346,0,0,15.08586226286661,2-7 days,Very High,1
CLM103631,74,9.7,Motor,10338.86,54154.56,1,0,3.0,2,5,0.287,0,0,5.237962405913224,0-1 days,Very High,1
CLM103632,38,6.3,Travel,8029.56,11975.8,1,22,5.0,2,12,0.216,1,0,1.4914640403708297,8-30 days,Low,0
CLM103633,21,4.5,Home,19564.44,35971.37,0,29,4.0,2,6,0.092,0,0,1.838609742982677,8-30 days,High,0
CLM103634,67,5.8,Home,8695.89,33030.37,1,9,1.0,2,14,0.432,1,0,3.798388664070038,8-30 days,High,0
CLM103635,50,7.7,Motor,8917.1,9282.63,1,18,2.0,0,9,0.003,1,0,1.0409920265557187,8-30 days,Low,0
CLM103636,44,4.9,Personal,12221.63,52066.91,1,4,6.0,1,11,0.419,0,0,4.2602263364215744,2-7 days,Very High,1
CLM103637,24,14.5,Motor,8512.54,27396.77,0,23,4.0,4,4,0.133,0,0,3.218401323224325,8-30 days,Medium,0
CLM103638,23,14.0,Motor,11617.66,140549.28,0,21,3.0,1,21,0.338,0,0,12.097899232719842,8-30 days,Very High,1
CLM103639,32,13.1,Home,6669.22,80602.52,2,7,4.0,2,2,0.186,0,0,12.085749158072458,2-7 days,Very High,1
CLM103640,35,6.4,Motor,5138.26,33075.22,0,20,6.0,0,4,0.238,0,0,6.4370467823738,8-30 days,High,1
CLM103641,49,10.4,Home,5637.33,26223.5,1,25,5.0,2,11,0.237,0,0,4.651758900046653,8-30 days,Medium,1
CLM103642,73,13.6,Home,7303.55,6041.66,0,8,3.0,2,2,0.151,1,0,0.8272223781585667,8-30 days,Low,0
CLM103643,28,12.8,Personal,8966.05,52665.4,0,28,3.0,0,20,0.187,0,0,5.87386864895913,8-30 days,Very High,1
CLM103644,37,6.3,Personal,10640.13,26600.16,0,30,2.0,1,0,0.186,0,0,2.4999844926706722,8-30 days,Medium,0
CLM103645,41,1.9,Personal,10434.4,19720.01,1,12,5.0,2,16,0.206,0,0,1.8899035881315647,8-30 days,Medium,0
CLM103646,32,1.3,Motor,8538.62,28455.38,1,13,1.0,2,9,0.159,0,0,3.3325502247435765,8-30 days,Medium,0
CLM103647,65,8.7,Personal,5251.55,89734.69,1,26,4.0,1,5,0.033,0,0,17.08727708962116,8-30 days,Very High,1
CLM103648,24,9.7,Motor,11641.05,77920.54,1,5,6.0,1,23,0.113,0,0,6.693600663170418,2-7 days,Very High,1
CLM103649,38,12.8,Home,4325.21,77759.56,0,10,2.0,3,19,0.248,1,0,17.97821608661776,8-30 days,Very High,1
CLM103650,59,4.5,Travel,5026.14,12852.39,0,30,6.0,1,12,0.159,0,0,2.5571094318900784,8-30 days,Low,0
CLM103651,43,2.7,Motor,8674.64,91554.7,2,8,2.0,2,14,0.182,0,0,10.554293895769739,8-30 days,Very High,1
CLM103652,61,5.8,Home,12163.87,19387.38,5,12,3.0,0,22,0.083,0,0,1.5938496547562577,8-30 days,Medium,0
CLM103653,73,5.4,Motor,11272.39,49002.94,3,3,4.0,1,20,0.272,1,0,4.347165064374104,2-7 days,Very High,1
CLM103654,31,2.2,Motor,8124.76,44827.78,1,1,2.0,1,1,0.28,0,0,5.517428207110117,0-1 days,High,1
CLM103655,74,10.1,Personal,10383.35,25191.35,1,29,3.0,0,20,0.193,0,0,2.4261293320556465,8-30 days,Medium,0
CLM103656,54,7.7,Motor,5262.53,32880.01,2,23,3.0,2,1,0.069,0,0,6.247947280110518,8-30 days,High,1
CLM103657,75,10.9,Motor,6601.24,8164.56,2,20,5.0,1,16,0.151,1,1,1.2368221728038975,8-30 days,Low,0
CLM103658,38,5.4,Motor,6646.43,29266.44,2,1,3.0,1,18,0.26,0,0,4.40333231524292,0-1 days,High,1
CLM103659,35,5.0,Personal,5481.46,23467.88,1,21,1.0,1,0,0.228,1,1,4.281319210575285,8-30 days,Medium,1
CLM103660,22,7.2,Motor,7231.05,145404.68,1,12,5.0,1,4,0.158,0,0,20.108377068337237,8-30 days,Very High,1
CLM103661,20,13.2,Motor,7737.63,28613.61,2,18,5.0,3,19,0.313,0,0,3.6979811647752605,8-30 days,High,0
CLM103662,40,0.8,Personal,6903.54,16382.97,0,0,1.0,1,15,0.277,0,0,2.3731259614632494,0-1 days,Low,0
CLM103663,43,12.1,Motor,7572.56,30526.49,2,27,1.0,0,21,0.148,1,0,4.031198168122801,8-30 days,High,1
CLM103664,54,5.7,Motor,2345.26,16916.86,1,5,6.0,3,4,0.158,0,0,7.2132130339493274,2-7 days,Low,1
CLM103665,41,12.8,Travel,10111.04,9660.39,2,26,2.0,3,22,0.029,1,0,0.9554299063202202,8-30 days,Low,0
CLM103666,66,12.1,Home,7081.88,38138.68,0,7,6.0,1,22,0.196,0,0,5.385389190440956,2-7 days,High,1
CLM103667,36,5.4,Personal,7078.87,28161.99,1,16,2.0,1,9,0.27,0,0,3.9783171607897874,8-30 days,Medium,0
CLM103668,68,10.5,Motor,4550.96,58973.39,1,2,6.0,2,20,0.065,0,0,12.958450524724453,2-7 days,Very High,1
CLM103669,42,2.6,Personal,17081.89,83447.14,2,5,1.0,1,9,0.186,1,0,4.88512336749622,2-7 days,Very High,1
CLM103670,38,13.5,Personal,17449.63,115492.2,0,30,2.0,2,0,0.234,0,0,6.618604520554303,8-30 days,Very High,1
CLM103671,29,6.2,Motor,4011.7,33264.71,2,25,1.0,3,8,0.319,0,0,8.291923623401551,8-30 days,High,1
CLM103672,74,6.9,Motor,7645.2,47033.47,0,28,1.0,1,17,0.131,0,0,6.152026107884686,8-30 days,High,1
CLM103673,58,10.6,Personal,12904.46,34583.4,1,18,6.0,0,6,0.042,0,0,2.6799571620974456,8-30 days,High,0
CLM103674,50,12.3,Home,7233.52,4917.7,4,6,3.0,2,18,0.126,0,0,0.6798488149614571,2-7 days,Low,0
CLM103675,67,3.7,Home,6470.83,70753.43,1,14,2.0,1,21,0.227,1,0,10.934212458061793,8-30 days,Very High,1
CLM103676,70,10.0,Home,6284.45,42163.99,2,5,5.0,2,15,0.218,1,0,6.7092569755507645,2-7 days,High,1
CLM103677,21,6.0,Travel,9784.34,42590.97,1,24,5.0,1,20,0.066,1,0,4.352973220472714,8-30 days,High,1
CLM103678,59,5.7,Travel,27577.31,19063.45,0,28,2.0,1,5,0.126,0,0,0.6912730066855687,8-30 days,Medium,0
CLM103679,74,10.4,Motor,12337.23,17287.44,1,21,2.0,0,9,0.016,0,0,1.4012416077190746,8-30 days,Medium,0
CLM103680,24,5.9,Motor,5161.44,26608.01,1,22,2.0,0,4,0.185,0,0,5.155152438079296,8-30 days,Medium,1
CLM103681,39,5.3,Personal,6404.94,42548.66,1,17,2.0,2,12,0.237,0,1,6.643100481815599,8-30 days,High,1
CLM103682,72,12.6,Travel,7535.14,6475.18,1,9,3.0,0,11,0.343,0,0,0.8593310807762032,8-30 days,Low,0
CLM103683,50,1.7,Home,5774.44,32584.83,1,3,1.0,2,23,0.381,1,0,5.642941999570522,2-7 days,High,1
CLM103684,34,10.2,Personal,5309.56,99342.56,0,4,2.0,3,16,0.259,1,0,18.71013040628602,2-7 days,Very High,1
CLM103685,41,3.9,Travel,11911.86,25373.43,0,17,6.0,0,1,0.114,0,0,2.1300980703265484,8-30 days,Medium,0
CLM103686,51,0.4,Motor,6778.43,6344.16,2,26,2.0,1,4,0.098,0,0,0.9359335421329127,8-30 days,Low,0
CLM103687,45,2.7,Personal,10048.09,24305.05,0,9,1.0,1,21,0.254,0,0,2.418872641467184,8-30 days,Medium,0
CLM103688,75,9.2,Motor,18956.73,34929.54,0,9,1.0,0,9,0.302,0,0,1.842593105456479,8-30 days,High,0
CLM103689,60,10.7,Motor,6713.47,37124.25,3,9,1.0,2,0,0.014,0,0,5.529815430768291,8-30 days,High,1
CLM103690,58,0.5,Motor,9618.11,31445.57,1,6,6.0,0,11,0.562,0,0,3.2694125976933095,2-7 days,High,0
CLM103691,56,0.7,Travel,5362.53,119623.87,0,19,4.0,1,13,0.248,1,0,22.30735678867997,8-30 days,Very High,1
CLM103692,39,13.6,Personal,10247.62,31120.46,0,13,5.0,1,22,0.314,0,0,3.036847580218626,8-30 days,High,0
CLM103693,66,1.3,Motor,15257.73,32335.01,3,24,6.0,3,7,0.254,0,0,2.1192543058502147,8-30 days,High,0
CLM103694,34,13.4,Motor,14907.54,18271.97,1,29,2.0,6,16,0.012,0,0,1.225686464701755,8-30 days,Medium,0
CLM103695,51,3.6,Home,8663.37,56851.88,1,7,3.0,0,10,0.109,0,0,6.562328516501084,2-7 days,Very High,1
CLM103696,23,11.2,Travel,6729.71,99984.29,2,25,3.0,3,19,0.056,0,0,14.857146890430641,8-30 days,Very High,1
CLM103697,63,4.8,Travel,9455.8,17480.96,1,8,1.0,1,1,0.09,0,0,1.84870238372216,8-30 days,Medium,0
CLM103698,23,12.9,Home,8697.77,25808.99,0,23,3.0,2,4,0.016,0,0,2.9673111613666494,8-30 days,Medium,0
CLM103699,51,10.6,Home,10460.21,4896.71,2,4,5.0,2,17,0.462,0,0,0.468127312931576,2-7 days,Low,0
CLM103700,18,6.1,Motor,6388.82,14950.56,0,24,2.0,0,8,0.145,0,0,2.3401128846954524,8-30 days,Low,0
CLM103701,27,1.3,Motor,7099.26,122633.14,1,20,3.0,1,8,0.319,0,0,17.274073635843735,8-30 days,Very High,1
CLM103702,38,11.0,Motor,7704.69,22405.02,1,7,5.0,2,9,0.089,0,0,2.9079716380542244,2-7 days,Medium,0
CLM103703,22,9.3,Personal,11472.75,33196.46,1,19,5.0,2,20,0.065,0,0,2.8935050445621147,8-30 days,High,0
CLM103704,19,0.2,Motor,12178.8,16211.74,1,28,4.0,1,20,0.418,1,0,1.3311442835090486,8-30 days,Low,0
CLM103705,39,0.3,Home,6999.67,39176.16,0,4,4.0,1,3,0.151,0,0,5.596858137597915,2-7 days,High,1
CLM103706,65,12.2,Motor,5063.83,24564.55,0,26,3.0,0,16,0.144,0,0,4.850982359202422,8-30 days,Medium,1
CLM103707,74,4.0,Motor,10006.7,38107.19,0,19,5.0,3,11,0.222,0,0,3.808167527756403,8-30 days,High,0
CLM103708,19,9.6,Motor,11815.68,30285.82,0,17,1.0,0,2,0.281,0,0,2.56318891506879,8-30 days,High,0
CLM103709,27,6.9,Motor,8002.05,82658.06,1,3,4.0,2,3,0.094,0,0,10.329610537299816,2-7 days,Very High,1
CLM103710,51,13.0,Motor,6165.33,31771.87,1,10,5.0,0,22,0.17,0,0,5.153312150363403,8-30 days,High,1
CLM103711,33,13.8,Travel,6855.01,14976.37,0,30,4.0,2,6,0.365,0,0,2.184733501482857,8-30 days,Low,0
CLM103712,65,15.0,Motor,17774.57,17375.18,2,20,2.0,2,22,0.249,1,0,0.9775302581159488,8-30 days,Medium,0
CLM103713,68,2.5,Travel,9391.87,6894.78,3,21,5.0,2,22,0.039,0,0,0.7341221716229035,8-30 days,Low,0
CLM103714,56,13.0,Motor,13411.23,30761.29,1,19,5.0,2,10,0.154,0,0,2.2936964021942807,8-30 days,High,0
CLM103715,39,4.1,Home,5922.0,26696.44,0,10,6.0,2,3,0.392,0,0,4.508010807159743,8-30 days,Medium,1
CLM103716,29,8.9,Home,14653.46,87111.79,3,13,2.0,2,19,0.433,0,0,5.9447932433705075,8-30 days,Very High,1
CLM103717,41,7.7,Personal,12713.63,11618.25,0,25,6.0,1,5,0.127,0,0,0.9138420734282814,8-30 days,Low,0
CLM103718,64,0.5,Motor,8117.15,16593.18,0,12,4.0,3,0,0.419,0,0,2.044212562290952,8-30 days,Low,0
CLM103719,57,14.0,Motor,11179.58,16724.12,0,27,2.0,1,0,0.18,0,0,1.4959524418627532,8-30 days,Low,0
CLM103720,55,1.4,Personal,15215.83,23150.54,2,3,3.0,0,5,0.062,0,0,1.5214773035713465,2-7 days,Medium,0
CLM103721,27,10.4,Motor,5162.68,10875.25,1,15,1.0,1,0,0.095,0,0,2.10651250900695,8-30 days,Low,0
CLM103722,52,11.8,Personal,6709.24,22721.6,4,5,4.0,4,14,0.464,0,0,3.3866130888148285,2-7 days,Medium,0
CLM103723,68,12.0,Motor,10760.49,28395.58,3,30,5.0,2,0,0.273,0,0,2.63887425200897,8-30 days,Medium,0
CLM103724,66,2.2,Home,8577.8,29043.38,0,22,3.0,2,5,0.028,0,0,3.3858774977266903,8-30 days,High,0
CLM103725,49,6.8,Motor,10228.18,72764.75,1,12,4.0,3,23,0.345,1,0,7.114144451896623,8-30 days,Very High,1
CLM103726,24,12.5,Personal,11585.29,27382.88,3,22,1.0,2,8,0.351,0,1,2.3635903805601757,8-30 days,Medium,0
CLM103727,38,4.7,Home,10638.15,26897.61,0,19,5.0,1,5,0.114,0,0,2.5284104849057405,8-30 days,Medium,0
CLM103728,37,7.1,Motor,7585.89,28465.055,1,4,2.0,2,16,0.255,0,0,3.7523685421222823,2-7 days,Medium,0
CLM103729,43,4.2,Motor,7824.71,27952.79,3,30,1.0,2,22,0.407,0,0,3.57237392823504,8-30 days,Medium,0
CLM103730,21,7.1,Motor,17115.22,11249.76,0,18,6.0,1,17,0.006,1,0,0.6572956701695917,8-30 days,Low,0
CLM103731,63,13.3,Travel,8836.2,12479.39,1,20,4.0,0,22,0.11,0,0,1.4123027998460875,8-30 days,Low,0
CLM103732,69,6.9,Motor,15641.99,12568.91,2,9,5.0,3,19,0.072,0,0,0.803536506544244,8-30 days,Low,0
CLM103733,39,8.4,Motor,16138.98,11225.13,2,4,4.0,1,0,0.101,0,0,0.6955290854812386,2-7 days,Low,0
CLM103734,32,6.2,Home,5981.31,125325.37,3,13,1.0,2,15,0.019,0,0,20.9528297312796,8-30 days,Very High,1
CLM103735,73,7.0,Motor,11834.82,12529.3,0,3,5.0,1,15,0.363,0,0,1.0586810783771954,2-7 days,Low,0
CLM103736,57,0.4,Motor,5227.7,27138.5,1,5,1.0,1,0,0.045,0,0,5.191288712053102,2-7 days,Medium,1
CLM103737,38,4.4,Motor,17598.1,28465.055,1,4,3.0,2,6,0.169,0,0,1.6175072877185608,2-7 days,Medium,0
CLM103738,32,6.7,Travel,9252.72,24522.3,0,23,6.0,1,13,0.296,0,0,2.6502801338417243,8-30 days,Medium,0
CLM103739,39,9.6,Personal,9052.8,15601.93,1,28,5.0,0,14,0.37,0,0,1.7234369476846945,8-30 days,Low,0
CLM103740,69,6.9,Motor,5758.98,39393.71,2,28,5.0,2,5,0.236,1,0,6.840397084205884,8-30 days,High,1
CLM103741,45,5.2,Travel,6468.93,8928.51,2,1,5.0,4,22,0.162,0,0,1.3802143476587319,0-1 days,Low,0
CLM103742,31,5.9,Motor,9410.74,12589.36,1,5,4.0,2,16,0.172,0,0,1.337765149180617,2-7 days,Low,0
CLM103743,44,3.8,Motor,8855.27,64947.8,1,1,3.0,3,16,0.303,1,0,7.334366992762502,0-1 days,Very High,1
CLM103744,58,13.9,Home,7147.51,12294.07,1,11,6.0,1,5,0.207,0,0,1.7200493598469955,8-30 days,Low,0
CLM103745,57,7.9,Motor,12620.45,74096.11,0,21,4.0,0,12,0.268,1,0,5.871114738380961,8-30 days,Very High,1
CLM103746,75,0.4,Home,8490.59,78996.73,1,3,2.0,2,23,0.072,1,0,9.304033053062271,2-7 days,Very High,1
CLM103747,45,0.5,Personal,5393.89,80179.99,0,12,3.0,0,10,0.195,0,0,14.864965729742357,8-30 days,Very High,1
CLM103748,43,14.6,Personal,11754.52,52726.43,2,16,4.0,0,18,0.286,0,0,4.485630208634635,8-30 days,Very High,1
CLM103749,66,3.5,Motor,5044.97,9951.29,1,5,2.0,4,9,0.408,0,0,1.972517180478774,2-7 days,Low,0
CLM103750,19,12.1,Motor,3576.98,8833.46,0,2,1.0,1,1,0.078,0,0,2.469530162315696,2-7 days,Low,0
CLM103751,42,1.1,Personal,8875.87,12090.91,1,12,3.0,2,19,0.074,0,0,1.3622225201585871,8-30 days,Low,0
CLM103752,73,13.8,Motor,5345.51,13707.2,3,30,6.0,1,7,0.433,0,0,2.5642455069768832,8-30 days,Low,0
CLM103753,20,13.1,Home,9209.33,10560.54,0,22,5.0,1,14,0.126,1,0,1.1467218570732074,8-30 days,Low,0
CLM103754,25,8.7,Motor,12273.31,16764.93,1,2,6.0,2,8,0.216,0,0,1.3659664752214358,2-7 days,Low,0
CLM103755,61,0.3,Motor,13238.02,49867.88,1,25,3.0,2,12,0.222,0,0,3.7670195391757977,8-30 days,Very High,0
CLM103756,50,4.0,Motor,10633.48,45623.0,1,19,4.0,0,21,0.179,0,0,4.290505083942416,8-30 days,High,1
CLM103757,59,6.2,Personal,4680.19,34952.13,0,8,6.0,1,22,0.491,0,0,7.468100654033276,8-30 days,High,1
CLM103758,69,7.0,Personal,6147.21,23834.01,0,22,4.0,2,14,0.143,1,0,3.877207708863045,8-30 days,Medium,0
CLM103759,52,4.6,Motor,8520.74,26602.17,1,3,5.0,0,14,0.307,0,0,3.122049258632466,2-7 days,Medium,0
CLM103760,23,0.7,Personal,8557.88,35093.27,2,1,3.0,1,0,0.113,0,0,4.100696667866341,0-1 days,High,1
CLM103761,56,8.9,Motor,5563.39,19634.16,0,4,3.0,2,4,0.478,0,0,3.529171961699611,2-7 days,Medium,0
CLM103762,69,8.0,Motor,6903.11,58277.0,1,7,6.0,3,14,0.049,0,0,8.442136949867525,2-7 days,Very High,1
CLM103763,40,4.4,Travel,12240.22,10445.82,2,1,5.0,1,21,0.279,1,1,0.853401327753913,0-1 days,Low,0
CLM103764,42,0.8,Home,10662.69,15635.95,0,24,3.0,3,13,0.195,1,0,1.4664170110919477,8-30 days,Low,0
CLM103765,67,14.9,Motor,7398.39,13984.94,1,4,5.0,1,5,0.133,0,0,1.890268017771434,2-7 days,Low,0
CLM103766,60,7.3,Motor,13509.72,39464.65,0,5,2.0,1,5,0.269,0,0,2.9212041404263007,2-7 days,High,0
CLM103767,36,11.4,Personal,4679.25,11381.87,1,6,6.0,0,22,0.052,0,0,2.432413314099482,2-7 days,Low,0
CLM103768,22,6.9,Personal,12305.63,14074.93,1,12,5.0,0,19,0.12,0,0,1.1437797170888448,8-30 days,Low,0
CLM103769,68,0.8,Travel,11566.74,38493.48,1,8,4.0,0,4,0.692,0,0,3.3279454712390875,8-30 days,High,0
CLM103770,28,4.8,Motor,11894.52,14593.51,2,6,1.0,0,21,0.009,0,0,1.2269103755342796,2-7 days,Low,0
CLM103771,73,4.9,Travel,9713.08,52502.91,2,3,2.0,3,8,0.224,1,0,5.405382226852863,2-7 days,Very High,1
CLM103772,29,12.6,Motor,6335.09,51584.57,4,4,6.0,1,19,0.055,0,0,8.14267358474781,2-7 days,Very High,1
CLM103773,27,9.9,Personal,11094.64,18705.43,0,27,6.0,0,19,0.007,0,0,1.6859880086239842,8-30 days,Medium,0
CLM103774,25,4.3,Motor,7050.06,30812.45,1,2,6.0,1,6,0.248,0,0,4.370523087746771,2-7 days,High,1
CLM103775,41,14.5,Motor,9322.43,131198.43,0,16,4.0,4,15,0.144,0,0,14.073415407785308,8-30 days,Very High,1
CLM103776,45,5.0,Motor,6125.81,53853.09,1,18,2.0,2,16,0.05,0,0,8.79117863596814,8-30 days,Very High,1
CLM103777,58,15.0,Personal,7278.07,40560.96,1,12,4.0,0,22,0.105,0,0,5.57303790702755,8-30 days,High,1
CLM103778,53,14.9,Travel,7969.36,89665.47,2,0,3.0,0,7,0.357,0,1,11.251276137607036,0-1 days,Very High,1
CLM103779,54,3.0,Motor,10175.08,13591.61,0,4,5.0,1,17,0.143,0,0,1.3357742641826895,2-7 days,Low,0
CLM103780,38,4.8,Home,10971.53,71814.02,0,22,4.0,2,19,0.272,0,0,6.545488186242028,8-30 days,Very High,1
CLM103781,25,7.4,Personal,18231.14,36558.46,2,8,4.0,2,12,0.099,0,0,2.005275588909964,8-30 days,High,0
CLM103782,72,10.0,Motor,9085.89,83517.58,1,3,3.0,1,13,0.093,0,0,9.192008708007691,2-7 days,Very High,1
CLM103783,26,8.0,Travel,5548.83,18927.25,1,9,1.0,4,3,0.112,0,0,3.4110343982425126,8-30 days,Medium,0
CLM103784,64,14.5,Personal,12183.11,79565.02,0,13,1.0,0,9,0.061,0,0,6.530764312232263,8-30 days,Very High,1
CLM103785,32,10.9,Motor,9894.72,7579.75,1,9,5.0,2,9,0.159,1,0,0.7660398677274345,8-30 days,Low,0
CLM103786,65,3.3,Motor,7802.15,21121.37,1,0,3.0,2,5,0.131,1,0,2.707121754900893,0-1 days,Medium,0
CLM103787,63,1.8,Motor,7098.28,34351.77,0,22,2.0,0,6,0.297,0,0,4.839449838552437,8-30 days,High,1
CLM103788,57,10.4,Motor,6435.69,45824.52,2,18,4.0,0,6,0.357,0,0,7.120374039147317,8-30 days,High,1
CLM103789,35,2.5,Motor,6340.2,5825.47,0,16,5.0,1,3,0.081,0,0,0.9188148638844201,8-30 days,Low,0
CLM103790,59,11.9,Travel,4907.95,11000.41,2,19,1.0,5,18,0.372,0,0,2.241345164478041,8-30 days,Low,0
CLM103791,37,4.8,Home,13125.35,12422.34,1,29,2.0,3,19,0.063,0,0,0.9464387616330231,8-30 days,Low,0
CLM103792,23,5.0,Motor,10336.96,13880.14,0,26,6.0,0,8,0.199,0,0,1.3427680865554283,8-30 days,Low,0
CLM103793,29,0.4,Home,8863.5,15948.11,2,24,3.0,2,22,0.033,0,0,1.7993016302814915,8-30 days,Low,0
CLM103794,19,10.6,Home,6428.42,31682.11,4,14,6.0,1,18,0.134,0,0,4.928444314466074,8-30 days,High,1
CLM103795,24,1.9,Personal,13877.68,84723.53,0,21,4.0,0,15,0.186,0,0,6.105021156273959,8-30 days,Very High,1
CLM103796,33,11.6,Motor,4485.19,21131.11,1,5,6.0,2,2,0.203,0,0,4.711307659207303,2-7 days,Medium,1
CLM103797,20,7.5,Home,8013.43,89260.62,0,6,6.0,3,4,0.139,1,0,11.138878108375563,2-7 days,Very High,1
CLM103798,62,11.8,Personal,13223.98,29839.88,1,0,4.0,1,23,0.14,0,0,2.256497665604455,0-1 days,High,0
CLM103799,20,8.8,Home,3467.32,23845.03,2,4,1.0,0,4,0.17,1,0,6.8770779737664816,2-7 days,Medium,1
CLM103800,44,1.4,Motor,9200.78,61319.76,1,19,6.0,1,5,0.195,0,0,6.664626259947526,8-30 days,Very High,1
CLM103801,67,11.5,Motor,6315.43,24906.09,0,19,1.0,1,8,0.104,0,0,3.943688711615836,8-30 days,Medium,0
CLM103802,60,1.2,Personal,8976.31,15575.1,1,6,5.0,2,8,0.127,0,0,1.7351339247419042,2-7 days,Low,0
CLM103803,57,7.3,Motor,7181.9,75699.54,2,1,6.0,0,21,0.163,0,1,10.540322198861025,0-1 days,Very High,1
CLM103804,55,2.8,Personal,11103.13,27207.19,1,20,6.0,0,11,0.185,0,0,2.4504072275115214,8-30 days,Medium,0
CLM103805,50,11.3,Personal,14801.24,107288.57,1,22,4.0,0,15,0.151,1,0,7.248620385859564,8-30 days,Very High,1
CLM103806,45,13.7,Motor,26339.32,21456.68,0,2,4.0,1,15,0.367,0,0,0.8146254345214683,2-7 days,Medium,0
CLM103807,18,8.4,Home,8077.13,10315.45,0,29,6.0,1,4,0.014,0,0,1.2771182338281049,8-30 days,Low,0
CLM103808,72,8.0,Motor,11847.94,15723.0,0,1,6.0,0,23,0.427,1,0,1.327066139767757,0-1 days,Low,0
CLM103809,25,11.5,Motor,9914.87,16931.5,1,15,4.0,1,0,0.138,0,0,1.707687544062605,8-30 days,Low,0
CLM103810,54,0.3,Travel,10250.26,26061.74,0,27,4.0,0,2,0.186,1,0,2.5425442866815087,8-30 days,Medium,0
CLM103811,49,13.8,Home,16513.47,15432.96,0,16,2.0,2,5,0.351,0,0,0.9345679617911922,8-30 days,Low,0
CLM103812,65,3.1,Motor,6247.49,10940.82,2,20,3.0,1,7,0.211,0,0,1.7512344957735027,8-30 days,Low,0
CLM103813,60,14.8,Travel,7234.33,21977.0,2,11,2.0,1,15,0.175,0,0,3.037876347913352,8-30 days,Medium,0
CLM103814,54,11.1,Motor,7854.63,29988.42,0,27,6.0,3,5,0.203,0,0,3.8179290431248827,8-30 days,High,0
CLM103815,21,11.7,Motor,5456.92,38129.17,1,4,3.0,1,13,0.131,1,0,6.987306026109966,2-7 days,High,1
CLM103816,47,9.9,Motor,8494.36,27649.03,1,3,2.0,2,9,0.245,0,0,3.254986838325665,2-7 days,Medium,0
CLM103817,23,7.2,Motor,11428.98,78010.94,3,23,5.0,1,21,0.301,0,0,6.825713230752001,8-30 days,Very High,1
CLM103818,63,8.7,Personal,12339.79,29319.95,3,15,3.0,1,3,0.127,0,0,2.3760493493001094,8-30 days,High,0
CLM103819,71,0.9,Home,7825.16,5443.83,0,17,4.0,4,11,0.044,0,0,0.6956828997745733,8-30 days,Low,0
CLM103820,36,9.4,Home,14210.52,33787.59,1,30,3.0,1,6,0.215,0,0,2.3776462789539012,8-30 days,High,0
CLM103821,49,9.5,Home,3342.98,28155.88,3,12,4.0,0,6,0.155,0,0,8.422389604484621,8-30 days,Medium,1
CLM103822,26,13.4,Motor,24203.28,48600.48,0,27,5.0,3,15,0.027,1,0,2.008012137197934,8-30 days,Very High,0
CLM103823,29,7.7,Motor,10971.84,12093.51,1,19,6.0,2,0,0.332,0,0,1.1022317131857555,8-30 days,Low,0
CLM103824,28,1.3,Home,7003.22,62071.75,3,20,3.0,1,15,0.361,1,0,8.86331573190618,8-30 days,Very High,1
CLM103825,63,4.7,Personal,10464.74,34205.89,0,8,1.0,3,2,0.214,0,0,3.2686803494401198,8-30 days,High,0
CLM103826,72,9.9,Travel,7935.23,30997.51,1,15,3.0,1,14,0.206,0,0,3.906315254882341,8-30 days,High,0
CLM103827,33,3.7,Motor,3319.84,56602.79,2,2,3.0,1,5,0.178,0,1,17.04985481228011,2-7 days,Very High,1
CLM103828,18,4.4,Motor,8681.32,66811.9,0,28,2.0,0,12,0.199,0,0,7.696053134776738,8-30 days,Very High,1
CLM103829,62,12.3,Motor,12810.23,62099.45,3,16,3.0,3,19,0.236,1,0,4.847645202310965,8-30 days,Very High,1
CLM103830,72,8.8,Motor,13115.21,4821.67,0,29,4.0,1,7,0.105,0,0,0.36763955742988486,8-30 days,Low,0
CLM103831,70,7.7,Motor,9519.38,9634.58,1,19,1.0,1,11,0.308,0,0,1.0121016284674003,8-30 days,Low,0
CLM103832,38,4.9,Home,13079.73,20133.22,2,9,1.0,2,22,0.207,0,0,1.539268776954876,8-30 days,Medium,0
CLM103833,47,11.0,Motor,10339.94,11479.61,0,21,2.0,1,13,0.304,0,0,1.1102201753588512,8-30 days,Low,0
CLM103834,30,4.5,Home,9395.45,16621.9,0,22,5.0,3,15,0.382,1,0,1.7691435748154691,8-30 days,Low,0
CLM103835,51,11.1,Travel,6234.01,26944.73,1,19,1.0,1,13,0.186,0,0,4.322214754227215,8-30 days,Medium,1
CLM103836,21,1.2,Motor,7270.47,19681.92,0,3,6.0,2,15,0.233,0,0,2.7071042174714974,2-7 days,Medium,0
CLM103837,45,13.0,Travel,7573.86,27498.96,2,21,5.0,3,5,0.283,0,0,3.6307721558095873,8-30 days,Medium,0
CLM103838,55,7.6,Motor,9665.2,77632.57,0,0,4.0,1,3,0.191,0,0,8.032174191946364,0-1 days,Very High,1
CLM103839,75,6.7,Home,12200.6,106456.95,3,20,3.0,2,19,0.125,0,0,8.725550382768061,8-30 days,Very High,1
CLM103840,48,9.2,Travel,6446.74,37046.93,0,15,5.0,1,23,0.209,0,1,5.746614567983198,8-30 days,High,1
CLM103841,72,9.4,Home,4543.85,76207.21,0,10,6.0,4,18,0.388,1,0,16.77150654180926,8-30 days,Very High,1
CLM103842,44,2.2,Personal,16247.82,20760.25,1,18,4.0,0,7,0.207,0,0,1.277725257911523,8-30 days,Medium,0
CLM103843,22,11.4,Motor,5496.91,17524.82,2,7,4.0,3,3,0.299,0,0,3.188122054026717,2-7 days,Medium,0
CLM103844,42,4.3,Home,10597.4,26466.81,2,4,4.0,1,2,0.205,0,0,2.497481457716044,2-7 days,Medium,0
CLM103845,20,13.6,Home,9525.75,22151.37,2,22,6.0,3,12,0.096,1,0,2.3254200456656955,8-30 days,Medium,0
CLM103846,50,12.3,Home,7279.89,46476.6,2,23,2.0,2,3,0.319,0,0,6.384244816885969,8-30 days,High,1
CLM103847,21,5.3,Personal,11172.13,28305.07,0,7,6.0,2,10,0.013,0,0,2.533542842770358,2-7 days,Medium,0
CLM103848,42,12.2,Travel,4936.38,86845.64,2,28,2.0,2,15,0.116,0,1,17.59298109140706,8-30 days,Very High,1
CLM103849,37,5.5,Travel,17705.84,30627.35,0,17,5.0,2,14,0.186,1,0,1.729788024742119,8-30 days,High,0
CLM103850,51,1.7,Motor,27820.17,16476.33,0,28,4.0,3,1,0.123,0,0,0.5922440445187791,8-30 days,Low,0
CLM103851,43,14.4,Motor,14790.39,19639.46,2,14,5.0,2,14,0.186,0,0,1.3278527476286968,8-30 days,Medium,0
CLM103852,22,9.9,Home,5903.38,17933.24,2,17,1.0,1,5,0.41,0,0,3.037791909041939,8-30 days,Medium,0
CLM103853,52,7.0,Home,2984.72,48449.76,1,12,5.0,1,14,0.357,0,0,16.23259803264628,8-30 days,Very High,1
CLM103854,45,6.1,Personal,10536.86,25876.61,1,30,3.0,0,12,0.244,0,0,2.4558179571523207,8-30 days,Medium,0
CLM103855,46,5.0,Motor,4749.54,30597.17,1,14,4.0,1,2,0.026,1,0,6.442133343439575,8-30 days,High,1
CLM103856,26,14.7,Motor,7057.88,38322.01,2,25,5.0,1,18,0.323,1,0,5.429677183516864,8-30 days,High,1
CLM103857,69,2.2,Home,16866.61,41954.57,0,20,3.0,1,11,0.08,0,0,2.4874334558041005,8-30 days,High,0
CLM103858,55,4.9,Personal,17649.78,61906.5,1,12,3.0,1,11,0.155,0,0,3.5074941444029335,8-30 days,Very High,0
CLM103859,67,7.4,Personal,18528.6,36023.57,3,2,5.0,0,16,0.172,1,0,1.944214349708019,2-7 days,High,0
CLM103860,23,7.3,Motor,8884.9,13635.5,1,11,5.0,2,23,0.017,0,0,1.5346824387443867,8-30 days,Low,0
CLM103861,36,7.2,Motor,12724.59,19442.67,1,11,5.0,1,7,0.387,0,0,1.5279604293733628,8-30 days,Medium,0
CLM103862,61,2.8,Motor,3469.18,19428.09,1,9,6.0,1,12,0.165,0,0,5.600196588242755,8-30 days,Medium,1
CLM103863,74,2.3,Motor,4329.48,16222.0,3,0,6.0,1,11,0.168,0,0,3.7468702938921075,0-1 days,Low,0
CLM103864,28,4.0,Personal,7466.14,60986.79,1,23,6.0,2,15,0.082,1,0,8.168449828157522,8-30 days,Very High,1
CLM103865,19,13.7,Motor,12411.83,25050.22,2,5,2.0,0,20,0.067,0,0,2.018253553263298,2-7 days,Medium,0
CLM103866,64,1.9,Motor,7015.91,32010.98,0,18,5.0,1,10,0.279,0,0,4.562626943618148,8-30 days,High,1
CLM103867,61,11.4,Motor,12197.88,35977.05,1,23,6.0,2,19,0.283,0,0,2.9494510521500463,8-30 days,High,0
CLM103868,61,11.4,Motor,5057.98,32753.9,0,12,1.0,1,8,0.656,0,0,6.475687922846671,8-30 days,High,1
CLM103869,26,12.2,Personal,8899.37,35328.96,0,26,1.0,3,18,0.13,1,0,3.9698270776470688,8-30 days,High,0
CLM103870,38,13.3,Motor,10886.39,170408.57,1,0,1.0,1,19,0.112,0,0,15.653358918796775,0-1 days,Very High,1
CLM103871,41,4.1,Motor,11951.99,46502.79,0,18,5.0,1,7,0.357,0,0,3.890798938084788,8-30 days,High,0
CLM103872,51,3.5,Personal,6936.96,14037.3,0,24,3.0,1,12,0.315,0,0,2.0235521035150845,8-30 days,Low,0
CLM103873,39,7.1,Motor,8610.34,35498.91,1,5,2.0,2,1,0.134,0,0,4.122823256689051,2-7 days,High,1
CLM103874,20,4.1,Travel,4249.21,30310.97,2,0,1.0,2,18,0.236,0,0,7.133318899277748,0-1 days,High,1
CLM103875,29,11.1,Motor,8107.41,9880.26,1,24,1.0,0,12,0.43,0,0,1.218670327515199,8-30 days,Low,0
CLM103876,45,9.6,Home,13829.75,4683.69,1,22,6.0,1,18,0.011,0,0,0.3386677271823424,8-30 days,Low,0
CLM103877,47,13.1,Motor,7551.64,31139.72,1,16,3.0,2,10,0.061,0,0,4.123570509187409,8-30 days,High,1
CLM103878,43,1.4,Motor,6070.84,22696.05,1,16,3.0,0,23,0.249,1,0,3.7385353591924675,8-30 days,Medium,0
CLM103879,65,13.7,Home,12081.9,11828.62,3,20,2.0,1,1,0.072,0,0,0.9790364098362013,8-30 days,Low,0
CLM103880,38,4.5,Motor,23769.66,18663.17,3,10,3.0,3,7,0.08,1,0,0.7851677306280358,8-30 days,Medium,0
CLM103881,45,7.5,Home,22601.99,23051.0,2,19,4.0,1,6,0.376,0,0,1.0198659498566276,8-30 days,Medium,0
CLM103882,73,6.7,Motor,9561.13,18083.87,1,11,2.0,1,0,0.246,0,0,1.8913946364080396,8-30 days,Medium,0
CLM103883,43,11.5,Home,12022.65,34327.98,0,23,2.0,3,13,0.171,1,0,2.8552756671782014,8-30 days,High,0
CLM103884,50,6.4,Personal,17768.9,31937.66,2,12,5.0,1,7,0.056,0,0,1.79739094710421,8-30 days,High,0
CLM103885,38,14.2,Motor,9474.93,50971.27,2,17,4.0,2,0,0.239,0,0,5.379593305702522,8-30 days,Very High,1
CLM103886,52,13.6,Motor,10461.04,66689.79,2,21,4.0,2,16,0.368,0,0,6.3750630912414055,8-30 days,Very High,1
CLM103887,69,13.1,Personal,7350.22,45392.34,1,30,3.0,1,20,0.027,0,1,6.175643722228722,8-30 days,High,1
CLM103888,51,1.3,Home,24671.65,16788.75,2,23,1.0,1,23,0.015,0,0,0.6804875231287733,8-30 days,Low,0
CLM103889,58,12.8,Motor,11745.91,31768.01,0,0,4.0,1,3,0.289,1,0,2.704601857157087,0-1 days,High,0
CLM103890,68,11.8,Home,7536.78,8401.17,3,2,3.0,1,5,0.091,0,0,1.1146895623860589,2-7 days,Low,0
CLM103891,64,1.7,Motor,6561.15,19608.8,0,16,4.0,0,0,0.051,0,0,2.988622421374302,8-30 days,Medium,0
CLM103892,35,1.8,Motor,3685.19,4166.75,0,6,6.0,1,2,0.071,0,0,1.130674402133947,2-7 days,Low,0
CLM103893,75,1.7,Personal,4173.82,21492.74,1,16,2.0,1,20,0.301,0,0,5.149417080755759,8-30 days,Medium,1
CLM103894,28,0.4,Travel,6130.64,18740.65,1,15,6.0,2,1,0.296,0,0,3.0568831312880875,8-30 days,Medium,0
CLM103895,74,8.3,Home,12907.56,47016.95,1,11,4.0,1,16,0.243,0,0,3.6425900789924666,8-30 days,High,0
CLM103896,40,14.6,Motor,9843.56,13555.73,2,24,1.0,0,8,0.111,0,0,1.3771166122825482,8-30 days,Low,0
CLM103897,65,6.7,Motor,4832.7,31830.51,0,7,3.0,0,7,0.05,0,0,6.586485815382705,2-7 days,High,1
CLM103898,39,8.2,Personal,5602.05,21081.25,0,30,1.0,0,18,0.083,0,0,3.763131353700877,8-30 days,Medium,0
CLM103899,34,14.5,Motor,9648.36,28465.055,2,10,5.0,2,14,0.038,0,1,2.9502480214254025,8-30 days,Medium,0
CLM103900,22,4.0,Motor,18049.72,15730.23,2,2,1.0,1,5,0.117,1,0,0.8714944054533809,2-7 days,Low,0
CLM103901,61,12.9,Motor,5176.78,35072.55,1,27,1.0,2,23,0.186,1,0,6.774974018598435,8-30 days,High,1
CLM103902,28,8.3,Home,10449.85,24814.79,1,28,3.0,2,5,0.298,0,0,2.374655138590506,8-30 days,Medium,0
CLM103903,47,8.6,Motor,6956.12,13655.1,1,11,6.0,0,7,0.186,0,0,1.9630339902129348,8-30 days,Low,0
CLM103904,32,5.3,Motor,7047.53,30910.73,1,3,2.0,2,2,0.153,0,0,4.386037377634434,2-7 days,High,1
CLM103905,44,8.5,Personal,5012.94,35232.44,2,30,6.0,2,11,0.452,0,0,7.02829876280187,8-30 days,High,1
CLM103906,52,1.3,Home,11268.25,88059.15,0,8,4.0,0,19,0.377,0,0,7.814802653473254,8-30 days,Very High,1
CLM103907,50,11.5,Motor,6829.39,18107.65,1,25,4.0,1,7,0.283,0,0,2.651430069156982,8-30 days,Medium,0
CLM103908,37,4.4,Travel,7256.36,20935.52,2,21,3.0,1,10,0.264,0,0,2.8851269782645845,8-30 days,Medium,0
CLM103909,33,13.3,Motor,13236.97,10631.33,2,20,3.0,2,14,0.266,0,0,0.8031543472562075,8-30 days,Low,0
CLM103910,51,5.6,Motor,13551.45,20016.71,0,28,6.0,3,12,0.329,0,0,1.4770899055082665,8-30 days,Medium,0
CLM103911,19,2.3,Home,6120.52,12640.58,2,30,2.0,2,23,0.01,0,0,2.065278767163574,8-30 days,Low,0
CLM103912,52,10.5,Motor,9715.17,64086.74,4,20,2.0,1,21,0.333,0,0,6.596563930430451,8-30 days,Very High,1
CLM103913,57,2.6,Motor,12780.06,41175.83,3,16,5.0,1,12,0.241,1,0,3.2218808049414482,8-30 days,High,0
CLM103914,73,11.4,Travel,7826.48,12486.44,1,15,4.0,1,13,0.117,0,0,1.5954094305485993,8-30 days,Low,0
CLM103915,45,14.5,Personal,11493.12,13455.61,2,11,4.0,1,21,0.281,0,0,1.1707534594609645,8-30 days,Low,0
CLM103916,64,11.7,Home,7364.81,18505.83,2,29,5.0,2,8,0.208,1,0,2.512736920572289,8-30 days,Medium,0
CLM103917,56,0.5,Motor,7273.9,74137.47,1,14,3.0,1,23,0.029,1,0,10.192258623296993,8-30 days,Very High,1
CLM103918,23,9.1,Motor,5587.79,17717.57,1,14,4.0,2,2,0.144,0,0,3.170765186236419,8-30 days,Medium,0
CLM103919,26,10.5,Motor,18365.31,24551.5,0,0,1.0,1,22,0.03,1,0,1.3368410334483871,0-1 days,Medium,0
CLM103920,37,12.4,Motor,6835.33,88423.51,1,2,3.0,0,11,0.066,0,0,12.936245945696841,2-7 days,Very High,1
CLM103921,18,1.0,Motor,5927.05,38234.32,1,1,3.0,1,8,0.243,1,0,6.4508178604870885,0-1 days,High,1
CLM103922,25,7.3,Home,5310.29,9452.49,2,25,2.0,2,11,0.05,0,0,1.7800327289093438,8-30 days,Low,0
CLM103923,72,8.1,Motor,8829.5,7091.36,1,29,6.0,1,10,0.246,0,0,0.8031440058893482,8-30 days,Low,0
CLM103924,40,2.7,Motor,5378.66,30048.39,1,16,5.0,2,18,0.23,0,0,5.586594058743255,8-30 days,High,1
CLM103925,20,5.0,Home,6168.27,157306.77,2,11,3.0,3,8,0.509,0,0,25.502575276374085,8-30 days,Very High,1
CLM103926,21,6.7,Motor,12177.58,77401.9,0,4,6.0,0,4,0.238,0,0,6.356098666565934,2-7 days,Very High,1
CLM103927,75,12.5,Personal,10401.9,37141.86,0,29,3.0,3,9,0.151,0,0,3.570680356473337,8-30 days,High,0
CLM103928,42,14.0,Motor,4639.81,50453.54,2,29,2.0,1,8,0.363,0,0,10.874053032343996,8-30 days,Very High,1
CLM103929,64,9.5,Personal,11778.04,53387.96,1,10,1.0,1,0,0.034,0,0,4.532839080186516,8-30 days,Very High,1
CLM103930,55,6.0,Personal,8626.34,8211.53,1,18,1.0,4,12,0.026,0,0,0.9519135577776903,8-30 days,Low,0
CLM103931,32,4.0,Personal,14179.38,32719.42,1,30,4.0,1,19,0.149,0,0,2.307535308313904,8-30 days,High,0
CLM103932,38,14.7,Motor,16089.41,74978.6,4,14,5.0,1,11,0.268,1,0,4.6601211604403145,8-30 days,Very High,1
CLM103933,52,14.7,Personal,4121.28,134388.02,2,29,5.0,2,10,0.136,0,0,32.60832071589409,8-30 days,Very High,1
CLM103934,74,13.9,Motor,11990.92,40917.94,0,6,2.0,1,8,0.182,0,0,3.4124103905288337,2-7 days,High,0
CLM103935,70,11.8,Motor,17738.4,10105.74,3,7,4.0,1,14,0.034,0,0,0.569709782167501,2-7 days,Low,0
CLM103936,70,5.0,Motor,9340.95,42973.66,1,9,6.0,0,12,0.186,0,0,4.600566323553815,8-30 days,High,1
CLM103937,63,12.3,Motor,11585.61,42446.92,2,5,5.0,0,11,0.212,1,0,3.6637622015586575,2-7 days,High,0
CLM103938,69,6.3,Motor,9405.57,53735.41,0,27,4.0,1,13,0.064,0,0,5.713147634858919,8-30 days,Very High,1
CLM103939,31,5.0,Motor,13207.8,37976.07,0,20,2.0,1,8,0.066,0,0,2.8752759732885114,8-30 days,High,0
CLM103940,53,11.2,Motor,10101.02,112998.52,0,14,4.0,3,21,0.127,0,0,11.186842516894334,8-30 days,Very High,1
CLM103941,29,1.4,Home,3421.22,32292.8,0,9,3.0,2,9,0.218,0,0,9.438972062597554,8-30 days,High,1
CLM103942,34,0.9,Motor,8048.82,29274.68,0,27,3.0,2,5,0.138,0,0,3.6371393570734596,8-30 days,High,0
CLM103943,56,6.8,Home,7818.17,23001.34,1,20,3.0,1,18,0.129,0,0,2.9420363077293024,8-30 days,Medium,0
CLM103944,26,6.8,Personal,11719.68,30122.53,0,16,3.0,1,9,0.017,1,0,2.5702519181411096,8-30 days,High,0
CLM103945,52,13.5,Motor,14434.87,34529.71,1,27,1.0,0,14,0.114,1,0,2.392103981539148,8-30 days,High,0
CLM103946,30,2.1,Home,7672.29,30690.77,1,21,6.0,3,20,0.14,1,0,4.000209846082461,8-30 days,High,1
CLM103947,32,2.0,Personal,4898.22,50359.89,0,5,1.0,2,7,0.247,0,0,10.28126339772407,2-7 days,Very High,1
CLM103948,35,2.4,Motor,9755.81,5918.02,1,18,5.0,1,17,0.052,0,0,0.6066149299750611,8-30 days,Low,0
CLM103949,68,0.6,Motor,5994.78,25282.31,0,30,1.0,4,1,0.037,0,0,4.217387460423902,8-30 days,Medium,1
CLM103950,50,1.3,Personal,6471.05,41281.07,0,19,6.0,2,3,0.186,0,0,6.379346473910725,8-30 days,High,1
CLM103951,23,10.0,Personal,24828.88,34589.11,3,19,4.0,3,8,0.204,0,0,1.3930998901279477,8-30 days,High,0
CLM103952,44,6.6,Home,6265.7,10770.5,1,5,4.0,1,15,0.124,0,0,1.7189619675375458,2-7 days,Low,0
CLM103953,40,11.5,Motor,4203.31,41674.22,0,13,1.0,3,4,0.159,0,0,9.914619668784837,8-30 days,High,1
CLM103954,44,14.9,Personal,11152.62,29057.35,0,23,4.0,3,18,0.104,0,0,2.605428141548802,8-30 days,High,0
CLM103955,51,10.0,Motor,11684.21,49676.37,1,27,6.0,2,14,0.111,0,0,4.251581407728893,8-30 days,Very High,1
CLM103956,73,0.9,Motor,12621.86,43141.57,0,12,5.0,3,23,0.083,0,0,3.4180041610349026,8-30 days,High,0
CLM103957,63,1.7,Motor,12403.76,35718.9,1,12,2.0,0,14,0.26,0,0,2.8796832573348725,8-30 days,High,0
CLM103958,55,13.2,Motor,9075.6,28074.48,1,8,1.0,3,11,0.187,0,0,3.0934020891180745,8-30 days,Medium,0
CLM103959,31,8.0,Travel,9118.6,34701.87,1,8,3.0,2,15,0.415,1,0,3.805613800364091,8-30 days,High,0
CLM103960,53,12.4,Travel,12972.97,34754.3,3,20,4.0,3,10,0.131,0,0,2.678977905599104,8-30 days,High,0
CLM103961,70,12.9,Travel,17530.35,75776.8,2,23,4.0,1,6,0.432,0,0,4.322606222921961,8-30 days,Very High,1
CLM103962,25,13.9,Motor,4819.83,263736.67,0,30,2.0,2,15,0.135,0,0,54.719081378388864,8-30 days,Very High,1
CLM103963,52,14.3,Home,6464.56,12511.23,0,28,5.0,2,9,0.262,0,0,1.935356776021879,8-30 days,Low,0
CLM103964,36,8.4,Travel,11275.54,3835.29,1,7,3.0,1,21,0.082,0,0,0.3401424676778229,2-7 days,Low,0
CLM103965,47,5.2,Motor,9533.05,18847.22,0,9,3.0,2,17,0.257,0,1,1.9770398770592834,8-30 days,Medium,0
CLM103966,31,14.4,Personal,3797.38,13823.21,0,19,2.0,2,15,0.189,0,0,3.640196661909,8-30 days,Low,0
CLM103967,37,8.3,Personal,6567.25,52617.28,0,3,4.0,1,0,0.02,0,0,8.012072024058776,2-7 days,Very High,1
CLM103968,66,1.2,Home,9740.32,85737.8,0,2,6.0,0,4,0.023,0,0,8.802359676068138,2-7 days,Very High,1
CLM103969,42,9.7,Motor,8548.31,51613.34,0,12,6.0,2,22,0.508,0,0,6.037841397890343,8-30 days,Very High,1
CLM103970,57,8.9,Home,7232.19,22124.75,2,20,3.0,0,6,0.349,1,0,3.059204749875211,8-30 days,Medium,0
CLM103971,41,13.5,Personal,24407.65,48494.41,1,7,6.0,2,17,0.221,0,0,1.986852892433315,2-7 days,Very High,0
CLM103972,31,9.9,Motor,8405.32,69642.01,0,23,4.0,0,5,0.113,0,0,8.285468013115503,8-30 days,Very High,1
CLM103973,43,5.4,Personal,9431.34,46122.5,1,8,3.0,0,16,0.087,0,0,4.890344320107217,8-30 days,High,1
CLM103974,55,14.5,Motor,9024.11,42343.47,1,13,6.0,1,11,0.083,0,0,4.692259956937582,8-30 days,High,1
CLM103975,40,12.1,Home,9349.44,25686.0,1,0,2.0,2,11,0.288,0,0,2.7473303213882327,0-1 days,Medium,0
CLM103976,39,9.5,Home,8645.54,11227.97,3,13,5.0,1,0,0.194,0,0,1.2987008330306722,8-30 days,Low,0
CLM103977,65,4.5,Home,3330.1,63728.62,2,11,1.0,3,1,0.324,0,1,19.137149034563528,8-30 days,Very High,1
CLM103978,74,5.7,Personal,5443.78,99788.56,1,3,6.0,2,20,0.27,0,0,18.330748119872588,2-7 days,Very High,1
CLM103979,36,10.1,Motor,7377.1,9963.89,0,21,1.0,1,17,0.246,0,0,1.3506513399574358,8-30 days,Low,0
CLM103980,63,1.3,Motor,12253.24,49734.9,1,20,5.0,0,13,0.055,0,0,4.058918294263395,8-30 days,Very High,1
CLM103981,68,4.0,Travel,7429.02,15343.06,1,3,4.0,3,9,0.054,1,0,2.0652872115029974,2-7 days,Low,0
CLM103982,20,10.8,Motor,5847.11,39731.08,1,12,2.0,1,13,0.201,0,0,6.794994450249782,8-30 days,High,1
CLM103983,59,7.3,Motor,13000.81,9802.55,1,15,3.0,1,2,0.241,1,0,0.7539953279834103,8-30 days,Low,0
CLM103984,36,6.2,Motor,15612.29,50285.81,0,30,2.0,2,20,0.149,1,0,3.220911858542212,8-30 days,Very High,0
CLM103985,26,2.4,Motor,4264.56,38584.41,0,10,5.0,2,12,0.019,0,0,9.04768838989251,8-30 days,High,1
CLM103986,45,6.7,Home,8878.95,52066.82,2,2,4.0,0,18,0.186,0,0,5.864074017761109,2-7 days,Very High,1
CLM103987,37,11.6,Travel,2556.12,45501.83,2,1,4.0,0,4,0.301,1,0,17.801132184717464,0-1 days,High,1
CLM103988,62,4.1,Motor,7388.52,32207.08,0,24,5.0,2,18,0.003,0,0,4.3590705581090665,8-30 days,High,1
CLM103989,24,0.3,Motor,19847.17,50572.54,1,30,2.0,1,4,0.133,0,0,2.5480982931067757,8-30 days,Very High,0
CLM103990,31,10.1,Motor,8859.07,20043.89,0,25,1.0,2,12,0.029,1,0,2.262527556504238,8-30 days,Medium,0
CLM103991,26,14.6,Motor,4565.74,43117.04,1,2,2.0,1,14,0.333,0,0,9.44360388458388,2-7 days,High,1
CLM103992,72,9.2,Motor,4616.62,18498.46,2,19,6.0,1,5,0.499,0,0,4.006927145833965,8-30 days,Medium,1
CLM103993,74,2.0,Motor,5586.65,44744.33,1,30,4.0,0,11,0.39,0,0,8.009152175274986,8-30 days,High,1
CLM103994,36,4.9,Travel,6282.78,24258.0,1,16,4.0,1,15,0.073,0,0,3.861029671578505,8-30 days,Medium,0
CLM103995,64,13.0,Home,3626.67,40403.57,1,0,6.0,2,17,0.235,0,0,11.140680017757337,0-1 days,High,1
CLM103996,69,3.6,Motor,9857.51,22578.38,1,25,6.0,1,14,0.268,1,0,2.2904749779609657,8-30 days,Medium,0
CLM103997,31,9.2,Home,10856.98,22907.65,4,24,5.0,1,15,0.458,0,0,2.109946780780659,8-30 days,Medium,0
CLM103998,73,6.2,Personal,7260.67,23682.6,1,10,2.0,2,13,0.087,0,0,3.2617650988131945,8-30 days,Medium,0
CLM103999,55,3.3,Motor,21341.22,10318.14,2,15,1.0,1,15,0.16,0,0,0.48348407448121516,8-30 days,Low,0
CLM104000,70,12.2,Motor,7006.25,53590.07,0,19,2.0,1,2,0.009,0,0,7.648894915254237,8-30 days,Very High,1
CLM104001,53,11.2,Home,14604.44,28990.06,4,9,6.0,1,21,0.036,0,0,1.9850168852759846,8-30 days,High,0
CLM104002,57,10.0,Motor,4552.15,10647.15,0,19,4.0,2,1,0.191,0,1,2.3389277594103888,8-30 days,Low,0
CLM104003,34,3.7,Home,9728.32,18633.85,1,5,2.0,2,23,0.415,0,1,1.9154232179862503,2-7 days,Medium,0
CLM104004,47,1.6,Personal,10408.15,17869.29,0,1,4.0,0,9,0.185,0,0,1.7168555410903956,0-1 days,Medium,0
CLM104005,26,8.7,Motor,6173.7,37785.85,0,21,4.0,0,13,0.188,0,0,6.120454508641496,8-30 days,High,1
CLM104006,50,8.4,Home,9164.31,23929.06,2,28,3.0,5,22,0.022,1,0,2.611114202815051,8-30 days,Medium,0
CLM104007,73,3.0,Home,6145.51,55283.07,2,6,1.0,1,16,0.203,1,1,8.995684654324865,2-7 days,Very High,1
CLM104008,69,1.0,Motor,7386.87,11426.74,2,16,5.0,2,20,0.091,1,0,1.546898754140793,8-30 days,Low,0
CLM104009,42,1.4,Motor,7483.93,38757.82,0,7,6.0,0,20,0.107,0,0,5.178805787868138,2-7 days,High,1
CLM104010,31,14.9,Personal,4516.0,36521.33,0,12,1.0,1,16,0.453,0,0,8.087096988485385,8-30 days,High,1
CLM104011,28,11.8,Personal,10754.95,20430.97,2,21,2.0,0,21,0.11,0,0,1.8996806121832273,8-30 days,Medium,0
CLM104012,70,13.8,Travel,11094.6,33892.53,1,24,6.0,2,17,0.126,1,0,3.0548672327078035,8-30 days,High,0
CLM104013,52,3.1,Personal,7185.44,27238.21,0,28,6.0,5,2,0.215,0,0,3.79075046204547,8-30 days,Medium,0
CLM104014,58,14.4,Motor,9478.09,69291.01,0,3,3.0,0,20,0.385,0,0,7.310651196601846,2-7 days,Very High,1
CLM104015,31,2.3,Motor,5619.1,29841.51,0,10,3.0,1,14,0.055,1,0,5.310727696606217,8-30 days,High,1
CLM104016,47,7.7,Motor,4838.1,65724.06,0,1,1.0,1,11,0.106,0,1,13.584684070192843,0-1 days,Very High,1
CLM104017,58,12.5,Motor,7100.0,52337.86,0,24,4.0,0,15,0.092,0,0,7.371529577464789,8-30 days,Very High,1
CLM104018,21,5.4,Travel,11600.24,11001.02,1,7,4.0,3,5,0.485,1,0,0.9483441721895409,2-7 days,Low,0
CLM104019,21,6.5,Personal,8216.33,26301.33,1,17,3.0,1,13,0.264,0,0,3.2011043860214965,8-30 days,Medium,0
CLM104020,45,2.1,Personal,6977.88,52260.22,2,7,6.0,2,17,0.086,1,0,7.489412257017891,2-7 days,Very High,1
CLM104021,25,2.0,Home,9885.91,33630.37,1,10,6.0,1,19,0.186,0,0,3.401848691723878,8-30 days,High,0
CLM104022,19,9.4,Motor,5628.97,29775.64,1,23,1.0,3,2,0.155,0,0,5.289713748696475,8-30 days,High,1
CLM104023,58,10.2,Motor,4895.17,31185.88,1,4,3.0,3,16,0.25,0,0,6.370745040519533,2-7 days,High,1
CLM104024,63,11.7,Motor,7252.46,44131.67,1,6,4.0,1,19,0.196,1,0,6.085062172007842,2-7 days,High,1
CLM104025,39,8.4,Home,5798.18,20945.2,2,22,1.0,1,5,0.2,0,0,3.6123749176465716,8-30 days,Medium,0
CLM104026,58,9.8,Motor,4976.71,22588.4,1,3,6.0,3,6,0.125,0,0,4.538821832093894,2-7 days,Medium,1
CLM104027,73,0.4,Personal,12766.72,52521.38,2,21,4.0,1,5,0.339,0,0,4.113929027972729,8-30 days,Very High,1
CLM104028,72,2.6,Personal,22906.46,32732.81,2,9,4.0,2,11,0.177,0,0,1.4289772404815062,8-30 days,High,0
CLM104029,33,14.8,Motor,4222.77,24533.96,0,5,1.0,2,16,0.356,0,0,5.809920976041791,2-7 days,Medium,1
CLM104030,46,1.3,Motor,7049.2,28771.78,1,12,5.0,2,20,0.34,0,0,4.081566702604551,8-30 days,High,1
CLM104031,66,10.2,Home,9194.21,41101.46,0,15,3.0,0,20,0.273,1,1,4.470363413496103,8-30 days,High,1
CLM104032,65,2.8,Motor,3918.83,27628.97,1,21,2.0,2,5,0.163,0,0,7.050310934641207,8-30 days,Medium,1
CLM104033,47,10.8,Travel,7689.26,31562.56,0,24,6.0,0,14,0.204,1,0,4.104759105557622,8-30 days,High,1
CLM104034,29,10.6,Home,7944.8,7740.35,1,30,4.0,0,4,0.317,0,0,0.9742661866881482,8-30 days,Low,0
CLM104035,52,3.7,Motor,10549.18,33621.0,0,1,6.0,1,21,0.064,0,0,3.187072360126569,0-1 days,High,0
CLM104036,28,4.2,Motor,6003.47,25401.97,1,30,3.0,2,14,0.469,0,1,4.231214614214779,8-30 days,Medium,1
CLM104037,63,9.9,Motor,6593.17,55833.9,1,25,3.0,1,10,0.341,0,0,8.468445376048244,8-30 days,Very High,1
CLM104038,67,6.0,Personal,13160.61,26965.65,1,23,1.0,3,8,0.476,0,0,2.0489665752575297,8-30 days,Medium,0
CLM104039,38,3.1,Motor,10265.69,85133.36,0,14,1.0,0,3,0.23,0,0,8.292999301556934,8-30 days,Very High,1
CLM104040,38,11.0,Personal,11794.75,44301.42,0,7,1.0,1,2,0.096,0,0,3.7560287416011358,2-7 days,High,0
CLM104041,22,2.5,Home,3860.25,16023.6,0,16,3.0,4,12,0.254,0,0,4.150922867689917,8-30 days,Low,1
CLM104042,65,12.9,Travel,6292.25,11094.68,1,26,1.0,2,5,0.301,0,0,1.763229369462434,8-30 days,Low,0
CLM104043,37,7.8,Motor,16816.92,26316.15,1,28,2.0,2,0,0.488,0,0,1.5648614609571792,8-30 days,Medium,0
CLM104044,54,1.8,Home,8184.92,28604.0,1,13,3.0,0,9,0.133,0,0,3.494719557430005,8-30 days,High,0
CLM104045,20,10.5,Home,8032.45,7838.64,1,29,1.0,1,4,0.114,0,0,0.97587162073838,8-30 days,Low,0
CLM104046,61,7.9,Home,8191.13,26929.48,1,17,4.0,1,1,0.35,0,0,3.287639190197201,8-30 days,Medium,0
CLM104047,50,4.6,Travel,17228.48,21876.27,2,28,3.0,4,21,0.143,0,0,1.2697736538568696,8-30 days,Medium,0
CLM104048,70,6.5,Home,6075.54,32559.43,0,13,5.0,1,18,0.084,0,0,5.359100590235601,8-30 days,High,1
CLM104049,26,4.6,Personal,11498.59,127130.16,2,3,5.0,2,15,0.094,0,0,11.056152102127305,2-7 days,Very High,1
CLM104050,26,4.1,Motor,9571.96,8003.09,2,20,3.0,0,8,0.143,1,0,0.8360973092240253,8-30 days,Low,0
CLM104051,21,2.6,Travel,4596.39,56871.81,2,20,3.0,2,17,0.066,0,0,12.373147187249122,8-30 days,Very High,1
CLM104052,52,5.6,Motor,7431.22,40304.17,2,30,5.0,2,16,0.248,0,0,5.423627614308283,8-30 days,High,1
CLM104053,34,3.9,Travel,5840.76,19288.46,2,21,4.0,1,6,0.179,1,0,3.3023887302337362,8-30 days,Medium,0
CLM104054,51,10.3,Personal,4792.75,28512.63,2,22,4.0,1,20,0.255,1,0,5.949116895310626,8-30 days,High,1
CLM104055,41,10.3,Motor,14562.53,55555.97,2,0,4.0,1,16,0.392,0,0,3.8149943725437816,0-1 days,Very High,0
CLM104056,49,7.6,Home,4909.08,30436.95,2,22,2.0,2,20,0.562,1,1,6.200133222518272,8-30 days,High,1
CLM104057,18,11.7,Home,11908.51,6554.58,0,5,6.0,1,19,0.136,0,0,0.5504114284658618,2-7 days,Low,0
CLM104058,25,12.7,Motor,5768.08,36805.48,0,4,6.0,2,0,0.002,0,0,6.38088930805398,2-7 days,High,1
CLM104059,62,8.8,Home,15656.75,48116.33,1,14,2.0,2,7,0.11,1,0,3.073200376834273,8-30 days,Very High,0
CLM104060,40,9.4,Motor,7036.78,20535.93,0,29,4.0,2,19,0.304,0,0,2.9183703341585217,8-30 days,Medium,0
CLM104061,64,4.4,Personal,9885.93,53518.96,2,15,5.0,3,9,0.575,0,0,5.413649499844729,8-30 days,Very High,1
CLM104062,57,13.4,Personal,6587.93,56781.74,2,21,2.0,1,22,0.206,0,0,8.619056365201208,8-30 days,Very High,1
CLM104063,29,0.6,Travel,3205.62,74547.98,3,26,1.0,1,5,0.257,0,0,23.255401451201326,8-30 days,Very High,1
CLM104064,71,5.4,Home,4013.54,59414.04,0,7,6.0,0,8,0.143,0,0,14.803400489343572,2-7 days,Very High,1
CLM104065,29,10.9,Travel,3618.06,188881.83,0,28,2.0,0,0,0.205,0,0,52.20527851942754,8-30 days,Very High,1
CLM104066,63,1.4,Motor,9528.5,67133.78,0,27,5.0,3,9,0.379,0,0,7.045576953350475,8-30 days,Very High,1
CLM104067,64,2.9,Motor,8391.07,31807.23,0,5,5.0,1,23,0.309,0,0,3.790604773884618,2-7 days,High,0
CLM104068,32,8.9,Home,11108.07,51065.78,0,4,3.0,1,11,0.171,1,0,4.597178447741147,2-7 days,Very High,1
CLM104069,58,8.5,Personal,6261.57,30906.7,1,5,5.0,1,10,0.22,0,0,4.935934597872419,2-7 days,High,1
CLM104070,36,11.1,Travel,3199.46,23241.65,0,24,4.0,3,4,0.186,1,1,7.264241465747345,8-30 days,Medium,1
CLM104071,43,12.2,Home,15270.61,12826.08,1,27,5.0,2,18,0.37,0,0,0.8399192959547784,8-30 days,Low,0
CLM104072,69,2.1,Travel,13270.57,25603.67,0,0,2.0,1,9,0.477,1,0,1.9293572167585868,0-1 days,Medium,0
CLM104073,46,0.5,Motor,10057.56,54815.92,1,13,2.0,1,17,0.041,1,0,5.450220530625718,8-30 days,Very High,1
CLM104074,39,10.4,Travel,14012.64,15344.01,1,18,2.0,1,8,0.053,0,0,1.095012074812455,8-30 days,Low,0
CLM104075,57,4.7,Motor,8120.16,38344.0,2,30,5.0,1,2,0.123,1,0,4.722074441882919,8-30 days,High,1
CLM104076,38,9.5,Motor,9577.3,21765.14,1,18,4.0,1,3,0.317,0,0,2.2725757781420652,8-30 days,Medium,0
CLM104077,68,2.4,Home,6193.07,29117.04,0,24,6.0,0,21,0.112,0,0,4.701551895909461,8-30 days,High,1
CLM104078,55,7.1,Home,5250.13,27917.71,0,14,3.0,3,20,0.33,0,0,5.317527375512606,8-30 days,Medium,1
CLM104079,37,7.7,Motor,4181.04,33710.36,1,18,3.0,1,5,0.071,0,0,8.062673401833036,8-30 days,High,1
CLM104080,74,8.9,Home,6057.66,159610.02,2,5,1.0,0,1,0.168,0,0,26.348461287031625,2-7 days,Very High,1
CLM104081,46,7.8,Home,28161.43,19785.57,3,24,4.0,2,4,0.201,0,1,0.7025768932898648,8-30 days,Medium,0
CLM104082,68,7.5,Travel,4288.53,28462.47,3,30,6.0,2,19,0.031,0,0,6.636882568152724,8-30 days,Medium,1
CLM104083,21,5.1,Personal,5574.03,24918.37,2,25,6.0,1,12,0.157,0,0,4.47044059683927,8-30 days,Medium,1
CLM104084,72,1.3,Motor,8943.65,9499.22,2,4,2.0,4,0,0.358,0,0,1.0621189335450292,2-7 days,Low,0
CLM104085,24,1.5,Personal,25001.14,55788.14,1,25,3.0,2,13,0.157,0,0,2.2314238470725734,8-30 days,Very High,0
CLM104086,45,6.6,Home,5300.0,15673.22,2,15,6.0,2,19,0.247,0,0,2.957211320754717,8-30 days,Low,0
CLM104087,45,5.5,Travel,6405.66,81953.17,0,26,4.0,0,10,0.407,0,0,12.793868235279424,8-30 days,Very High,1
CLM104088,21,7.8,Home,11498.81,16259.5,0,8,4.0,2,1,0.034,0,0,1.4140158851220257,8-30 days,Low,0
CLM104089,39,4.7,Motor,11209.81,39037.74,1,24,1.0,3,14,0.221,1,0,3.482462236202041,8-30 days,High,0
CLM104090,29,10.4,Motor,6218.52,107352.85,0,14,1.0,0,6,0.275,0,0,17.26340833510224,8-30 days,Very High,1
CLM104091,62,13.0,Travel,5840.26,41152.62,2,21,1.0,0,22,0.043,0,0,7.046367798693894,8-30 days,High,1
CLM104092,20,4.6,Home,10398.08,18824.15,1,7,4.0,3,4,0.3,0,0,1.8103486412876224,2-7 days,Medium,0
CLM104093,39,3.1,Travel,7413.85,14965.21,0,24,6.0,3,11,0.095,0,0,2.018547718122163,8-30 days,Low,0
CLM104094,61,1.9,Motor,9673.96,5635.88,1,24,4.0,1,16,0.226,0,0,0.5825825204983275,8-30 days,Low,0
CLM104095,19,9.3,Motor,7876.33,22083.53,1,7,2.0,2,15,0.062,1,0,2.80378424977115,2-7 days,Medium,0
CLM104096,41,6.8,Motor,9955.9,10072.03,1,28,5.0,3,16,0.253,0,0,1.0116644401811992,8-30 days,Low,0
CLM104097,51,3.0,Travel,10430.49,28538.0,1,3,1.0,3,6,0.068,1,0,2.7360171957405646,2-7 days,High,0
CLM104098,44,9.9,Motor,3538.02,28465.055,2,30,2.0,5,0,0.088,0,0,8.045476000700956,8-30 days,Medium,1
CLM104099,72,2.4,Travel,6901.29,31397.01,6,23,2.0,4,1,0.123,0,0,4.54944075672809,8-30 days,High,1
CLM104100,58,8.4,Motor,9877.21,12285.14,2,1,6.0,2,19,0.415,1,0,1.2437864538670333,0-1 days,Low,0
CLM104101,18,8.0,Travel,12241.44,19620.83,2,15,3.0,1,4,0.148,1,0,1.6028204198198905,8-30 days,Medium,0
CLM104102,25,11.1,Motor,7320.47,43020.71,0,2,2.0,1,0,0.063,0,0,5.876768841344886,2-7 days,High,1
CLM104103,40,1.0,Motor,3706.24,36219.63,0,8,1.0,3,12,0.121,0,0,9.77260781816612,8-30 days,High,1
CLM104104,55,13.3,Home,14912.03,7327.67,4,25,5.0,0,0,0.157,0,0,0.4913931905984631,8-30 days,Low,0
CLM104105,23,10.6,Home,12492.26,51870.57,0,3,2.0,2,18,0.339,0,0,4.152216652551259,2-7 days,Very High,1
CLM104106,39,3.4,Motor,8913.13,12910.39,1,1,4.0,0,0,0.17,0,0,1.4484687197426718,0-1 days,Low,0
CLM104107,42,2.9,Personal,6896.65,8966.12,1,18,4.0,1,2,0.307,0,0,1.3000688740185453,8-30 days,Low,0
CLM104108,35,6.6,Motor,11136.27,23908.02,0,22,2.0,0,4,0.37,0,0,2.1468606633998637,8-30 days,Medium,0
CLM104109,34,12.3,Motor,6926.38,173148.74,1,24,1.0,1,18,0.043,0,0,24.99844651896084,8-30 days,Very High,1
CLM104110,29,12.7,Motor,12607.23,21959.55,3,14,6.0,1,11,0.36,0,0,1.7418219545451301,8-30 days,Medium,0
CLM104111,23,7.9,Motor,19079.34,30363.58,1,6,6.0,1,7,0.149,0,0,1.5914376493107205,2-7 days,High,0
CLM104112,43,12.9,Home,6825.28,47179.47,0,7,3.0,0,4,0.188,0,0,6.91245926907028,2-7 days,Very High,1
CLM104113,44,0.3,Motor,12076.54,14683.98,0,2,5.0,2,14,0.203,0,0,1.2159095237543203,2-7 days,Low,0
CLM104114,25,0.7,Travel,6329.69,35501.97,4,22,1.0,1,10,0.247,0,1,5.608800746956012,8-30 days,High,1
CLM104115,36,13.7,Motor,13495.77,15162.86,2,14,4.0,5,14,0.056,0,0,1.1235268532288265,8-30 days,Low,0
CLM104116,59,11.7,Travel,7607.46,42667.08,0,0,4.0,2,4,0.07,0,1,5.608584205503545,0-1 days,High,1
CLM104117,18,6.9,Motor,16306.92,37945.75,0,15,6.0,1,5,0.098,0,0,2.326972230194298,8-30 days,High,0
CLM104118,74,11.4,Motor,7501.6,35482.3,1,27,6.0,3,3,0.277,0,1,4.729964274288152,8-30 days,High,1
CLM104119,46,14.3,Motor,5675.13,31920.15,0,21,3.0,1,4,0.385,0,0,5.624567190531319,8-30 days,High,1
CLM104120,62,11.6,Travel,7312.68,126903.51,1,2,2.0,1,12,0.071,0,0,17.35389898094816,2-7 days,Very High,1
CLM104121,66,12.7,Home,7688.21,33462.16,0,1,6.0,0,21,0.317,0,0,4.3523993231194265,0-1 days,High,1
CLM104122,52,11.5,Travel,9453.85,41734.02,1,29,3.0,0,11,0.146,0,0,4.414499912733965,8-30 days,High,1
CLM104123,57,2.7,Motor,7330.72,36936.44,2,14,6.0,3,5,0.233,0,0,5.038582840430408,8-30 days,High,1
CLM104124,31,12.5,Travel,9492.81,13216.09,1,3,4.0,0,4,0.084,1,0,1.3922210599390488,2-7 days,Low,0
CLM104125,52,3.1,Home,9568.45,15731.83,0,26,2.0,0,9,0.202,0,0,1.6441356750570886,8-30 days,Low,0
CLM104126,65,13.4,Motor,7012.67,12421.27,0,13,1.0,3,5,0.032,0,0,1.7712611601572583,8-30 days,Low,0
CLM104127,62,7.0,Motor,9853.71,15568.69,0,8,5.0,0,8,0.195,0,0,1.5799825649425447,8-30 days,Low,0
CLM104128,37,10.2,Home,6529.02,19149.22,1,21,6.0,2,23,0.319,1,0,2.9329393997874105,8-30 days,Medium,0
CLM104129,73,7.6,Home,20904.88,24065.76,0,27,3.0,0,19,0.115,0,0,1.1512029727030242,8-30 days,Medium,0
CLM104130,66,1.6,Motor,9724.73,23854.97,1,8,1.0,0,17,0.22,0,0,2.453021317815508,8-30 days,Medium,0
CLM104131,30,4.5,Travel,11196.62,43138.42,0,13,1.0,3,3,0.239,1,0,3.8528073650798182,8-30 days,High,0
CLM104132,55,14.8,Home,7784.71,77100.23,2,14,1.0,1,12,0.358,0,0,9.904059367657883,8-30 days,Very High,1
CLM104133,66,14.4,Home,6145.98,65987.95,0,23,2.0,1,21,0.118,0,0,10.736766146326541,8-30 days,Very High,1
CLM104134,63,4.9,Motor,12382.28,34499.08,1,4,5.0,1,22,0.186,0,0,2.7861653911880526,2-7 days,High,0
CLM104135,66,14.9,Home,9860.28,15017.72,0,23,3.0,1,3,0.006,0,0,1.523052083713647,8-30 days,Low,0
CLM104136,25,12.7,Motor,2622.41,61508.27,0,1,4.0,1,12,0.009,0,0,23.454864037278686,0-1 days,Very High,1
CLM104137,60,9.2,Motor,20218.7,18526.46,0,23,1.0,4,10,0.077,0,0,0.9163032242429038,8-30 days,Medium,0
CLM104138,37,0.8,Travel,11847.15,38785.15,0,16,1.0,2,10,0.03,1,0,3.273795807430479,8-30 days,High,0
CLM104139,50,13.5,Motor,7160.56,34576.52,0,10,1.0,0,18,0.213,0,0,4.82874523780263,8-30 days,High,1
CLM104140,43,8.4,Motor,11162.96,12630.77,1,12,4.0,3,0,0.025,0,0,1.13148931824534,8-30 days,Low,0
CLM104141,56,13.1,Motor,10275.95,18874.24,1,11,6.0,1,13,0.272,0,0,1.8367391822653867,8-30 days,Medium,0
CLM104142,38,12.5,Motor,10622.18,41142.67,0,2,2.0,2,12,0.162,1,0,3.8732793080139856,2-7 days,High,0
CLM104143,70,12.5,Motor,5744.98,24968.32,2,22,2.0,2,6,0.35,0,0,4.346110865486042,8-30 days,Medium,1
CLM104144,66,10.5,Motor,8776.57,248741.79,0,19,5.0,0,0,0.069,0,0,28.341571935277678,8-30 days,Very High,1
CLM104145,59,4.5,Home,9737.64,20051.92,1,12,2.0,1,12,0.245,0,0,2.0592176338414645,8-30 days,Medium,0
CLM104146,60,5.2,Motor,14797.01,13146.05,1,14,2.0,1,23,0.051,0,0,0.8884261077068948,8-30 days,Low,0
CLM104147,71,4.8,Personal,8901.67,29572.45,1,10,3.0,1,4,0.112,1,0,3.3221238262033976,8-30 days,High,0
CLM104148,58,0.5,Motor,10320.2,21988.87,0,15,3.0,0,7,0.04,0,0,2.13066316544253,8-30 days,Medium,0
CLM104149,26,8.8,Motor,5643.15,7735.39,0,6,2.0,1,13,0.16,0,0,1.3707574670175346,2-7 days,Low,0
CLM104150,41,10.5,Home,8761.29,52393.53,3,0,3.0,1,1,0.186,0,0,5.9801159418304835,0-1 days,Very High,1
CLM104151,54,12.8,Motor,12556.62,58889.75,1,22,6.0,1,18,0.016,0,0,4.6899364637936,8-30 days,Very High,1
CLM104152,66,2.3,Personal,6247.52,53119.14,1,29,5.0,1,3,0.048,0,0,8.502436166670934,8-30 days,Very High,1
CLM104153,58,8.3,Home,7137.94,35606.38,3,18,2.0,6,1,0.112,0,0,4.988327164419987,8-30 days,High,1
CLM104154,34,0.3,Motor,5508.56,25303.97,0,17,3.0,0,3,0.135,0,0,4.593572548905703,8-30 days,Medium,1
CLM104155,41,1.6,Travel,4618.77,31869.91,2,8,4.0,0,5,0.193,0,0,6.900085953619686,8-30 days,High,1
CLM104156,38,1.0,Motor,5770.33,25543.39,3,17,3.0,0,22,0.259,0,0,4.426677503712959,8-30 days,Medium,1
CLM104157,68,10.9,Personal,10947.5,17409.74,2,2,3.0,0,21,0.013,0,0,1.5902936743548757,2-7 days,Medium,0
CLM104158,56,1.4,Personal,7608.89,88909.48,1,2,4.0,0,22,0.043,0,0,11.684947475913043,2-7 days,Very High,1
CLM104159,72,10.8,Home,5778.96,72307.85,2,3,5.0,2,17,0.301,0,0,12.512259991417142,2-7 days,Very High,1
CLM104160,58,3.9,Motor,22661.27,45941.3,0,15,4.0,0,0,0.128,0,0,2.027304736230582,8-30 days,High,0
CLM104161,56,13.2,Motor,6198.25,20334.63,1,10,5.0,0,12,0.494,0,0,3.2807050377122575,8-30 days,Medium,0
CLM104162,30,12.2,Motor,11258.51,43414.07,3,22,6.0,2,14,0.148,1,0,3.856111510315308,8-30 days,High,0
CLM104163,28,14.4,Motor,9873.99,23418.37,0,22,4.0,2,8,0.233,0,0,2.3717230825633813,8-30 days,Medium,0
CLM104164,63,13.3,Home,9504.33,22738.39,1,14,5.0,1,22,0.05,0,0,2.3924242950318435,8-30 days,Medium,0
CLM104165,36,14.0,Personal,3729.12,27663.98,1,8,5.0,2,1,0.056,1,0,7.418366799673918,8-30 days,Medium,1
CLM104166,28,12.9,Motor,15053.86,28465.055,2,30,1.0,2,13,0.092,0,0,1.8908808106359432,8-30 days,Medium,0
CLM104167,30,10.5,Home,9814.22,20731.68,2,25,1.0,3,22,0.394,0,0,2.112412397521148,8-30 days,Medium,0
CLM104168,63,2.7,Home,12853.3,25226.74,1,7,3.0,0,3,0.088,1,0,1.962666396956424,2-7 days,Medium,0
CLM104169,62,4.2,Personal,14189.06,75200.62,3,21,4.0,1,18,0.091,0,0,5.299901473388653,8-30 days,Very High,1
CLM104170,18,3.3,Motor,18379.17,7978.96,0,5,5.0,1,19,0.279,0,0,0.4341305945807129,2-7 days,Low,0
CLM104171,57,9.1,Motor,5423.86,60037.04,3,20,1.0,3,4,0.453,0,0,11.069061517074557,8-30 days,Very High,1
CLM104172,61,7.7,Travel,6151.04,25367.87,1,17,3.0,0,8,0.063,0,0,4.124159491728228,8-30 days,Medium,1
CLM104173,36,13.0,Travel,6541.43,19826.12,2,5,3.0,1,19,0.354,1,0,3.0308541098811723,2-7 days,Medium,0
CLM104174,29,14.3,Personal,5755.97,22312.0,0,5,3.0,2,19,0.32,1,0,3.876323191399538,2-7 days,Medium,0
CLM104175,25,6.2,Travel,15406.99,28239.12,2,11,1.0,2,16,0.225,0,0,1.8328771551094665,8-30 days,Medium,0
CLM104176,25,7.7,Motor,5412.04,56173.34,2,4,6.0,2,15,0.209,0,0,10.379328312429324,2-7 days,Very High,1
CLM104177,70,14.6,Home,7166.39,31938.19,2,13,2.0,1,16,0.12,1,0,4.456663675853533,8-30 days,High,1
CLM104178,62,4.3,Motor,4079.17,19363.77,0,5,6.0,1,19,0.325,0,0,4.746987745055979,2-7 days,Medium,1
CLM104179,29,11.9,Home,11816.33,47008.77,0,20,6.0,1,19,0.286,0,0,3.9782885210551835,8-30 days,High,0
CLM104180,65,3.5,Home,8025.54,26054.59,1,26,3.0,0,6,0.088,0,0,3.2464594282752315,8-30 days,Medium,0
CLM104181,50,10.3,Home,12648.72,41575.75,2,29,2.0,4,0,0.074,0,1,3.2869531462472095,8-30 days,High,0
CLM104182,62,4.0,Personal,11652.45,34323.06,2,27,2.0,4,11,0.055,0,0,2.945565953941016,8-30 days,High,0
CLM104183,43,13.3,Home,4060.95,12626.1,0,19,2.0,1,20,0.01,0,0,3.109149336977801,8-30 days,Low,0
CLM104184,56,8.5,Motor,9237.6,42991.85,1,18,3.0,1,23,0.171,0,0,4.654006451892266,8-30 days,High,1
CLM104185,45,3.0,Motor,5203.04,8158.41,1,13,5.0,1,23,0.257,0,0,1.5680083182139672,8-30 days,Low,0
CLM104186,75,3.5,Personal,9057.33,25973.51,2,0,2.0,3,22,0.242,0,0,2.8676784438681153,0-1 days,Medium,0
CLM104187,22,7.5,Motor,6529.5,13129.57,1,26,1.0,3,19,0.254,0,0,2.010807871965694,8-30 days,Low,0
CLM104188,25,14.4,Motor,19398.39,6377.08,3,19,1.0,1,22,0.211,0,0,0.32874274617635796,8-30 days,Low,0
CLM104189,42,11.6,Motor,28179.89,33682.55,0,28,2.0,3,16,0.177,0,0,1.1952690376009276,8-30 days,High,0
CLM104190,44,7.4,Home,7613.44,52304.7,1,30,2.0,0,14,0.17,0,0,6.8700482304976465,8-30 days,Very High,1
CLM104191,63,5.2,Motor,8887.07,27348.85,1,24,2.0,3,5,0.378,0,0,3.0773753329275,8-30 days,Medium,0
CLM104192,40,8.3,Personal,3039.77,73377.62,1,22,1.0,1,12,0.102,0,0,24.139201321152587,8-30 days,Very High,1
CLM104193,47,11.3,Personal,4055.75,28011.22,0,6,4.0,3,22,0.145,0,0,6.906545028663009,2-7 days,Medium,1
CLM104194,62,11.8,Personal,10113.35,31983.08,1,6,5.0,0,11,0.166,0,0,3.162461498909857,2-7 days,High,0
CLM104195,64,5.0,Motor,8377.1,14886.32,2,13,4.0,3,2,0.093,0,0,1.7770254622721466,8-30 days,Low,0
CLM104196,40,10.9,Personal,10274.31,43329.28,0,19,1.0,1,7,0.132,0,0,4.217244759015447,8-30 days,High,1
CLM104197,66,9.9,Personal,5935.52,41898.39,0,15,1.0,1,23,0.371,0,0,7.058924913065746,8-30 days,High,1
CLM104198,64,14.4,Personal,9740.23,20465.67,0,11,3.0,3,23,0.034,0,0,2.1011485355068618,8-30 days,Medium,0
CLM104199,37,14.0,Home,2723.16,10704.07,1,22,4.0,0,15,0.16,0,0,3.9307532425564418,8-30 days,Low,0
CLM104200,35,11.9,Travel,6461.86,9133.7,0,10,2.0,0,14,0.156,0,0,1.4134784721426958,8-30 days,Low,0
CLM104201,35,10.9,Motor,10485.76,59612.02,4,17,6.0,2,20,0.282,0,1,5.68504524230957,8-30 days,Very High,1
CLM104202,19,4.3,Personal,18238.26,11678.49,0,11,2.0,1,6,0.105,0,0,0.6403291761385133,8-30 days,Low,0
CLM104203,21,12.7,Motor,8064.14,87717.88,1,23,1.0,2,15,0.277,0,0,10.877524447740242,8-30 days,Very High,1
CLM104204,47,6.5,Motor,11083.85,15552.28,1,9,3.0,0,20,0.221,0,0,1.4031478231841823,8-30 days,Low,0
CLM104205,50,4.2,Personal,6289.31,22386.68,1,23,4.0,2,23,0.058,0,0,3.5594810877504846,8-30 days,Medium,0
CLM104206,53,5.9,Motor,10377.92,234127.84,0,24,3.0,1,10,0.002,1,1,22.56018932502852,8-30 days,Very High,1
CLM104207,35,12.6,Motor,6806.01,19669.11,2,4,5.0,1,3,0.515,1,0,2.8899619600911546,2-7 days,Medium,0
CLM104208,54,2.4,Personal,20484.77,13586.43,2,25,3.0,2,15,0.093,0,0,0.6632454257480069,8-30 days,Low,0
CLM104209,36,7.0,Personal,7330.73,21711.38,3,23,5.0,1,3,0.091,0,0,2.961694128688412,8-30 days,Medium,0
CLM104210,64,7.5,Motor,7874.54,8974.43,0,1,4.0,1,22,0.107,1,0,1.139676730323295,0-1 days,Low,0
CLM104211,45,0.7,Personal,12042.42,22657.94,0,9,2.0,0,22,0.073,0,0,1.8815105269538845,8-30 days,Medium,0
CLM104212,57,3.1,Motor,10656.46,29558.15,0,25,5.0,3,10,0.007,0,0,2.773730676040637,8-30 days,High,0
CLM104213,37,12.4,Motor,7211.09,58995.25,2,23,2.0,2,23,0.173,0,0,8.181183427193393,8-30 days,Very High,1
CLM104214,66,12.5,Motor,10221.44,41036.11,0,25,3.0,1,15,0.21,0,0,4.014709277753428,8-30 days,High,1
CLM104215,50,4.5,Motor,5287.87,31233.8,2,15,3.0,3,15,0.143,0,0,5.906688326301516,8-30 days,High,1
CLM104216,29,13.1,Motor,9411.3,140423.26,2,24,4.0,0,6,0.2,0,0,14.920708084961698,8-30 days,Very High,1
CLM104217,75,11.6,Motor,10883.41,43915.22,2,5,2.0,3,22,0.298,0,0,4.035060702482035,2-7 days,High,1
CLM104218,68,6.4,Personal,7027.73,82151.18,1,5,4.0,3,5,0.025,0,0,11.68957543901089,2-7 days,Very High,1
CLM104219,32,11.3,Home,7196.55,54628.24,4,19,5.0,2,21,0.034,1,0,7.590892858383531,8-30 days,Very High,1
CLM104220,58,14.4,Personal,6403.12,79796.09,1,28,3.0,2,9,0.015,0,1,12.462063806394383,8-30 days,Very High,1
CLM104221,56,7.0,Travel,4454.53,66211.05,0,23,3.0,3,18,0.097,0,0,14.863756670176205,8-30 days,Very High,1
CLM104222,19,3.7,Motor,10246.24,52350.25,1,22,3.0,4,19,0.17,0,0,5.109215673261606,8-30 days,Very High,1
CLM104223,46,14.1,Personal,6863.57,44234.89,2,11,6.0,3,14,0.006,0,0,6.444880725336815,8-30 days,High,1
CLM104224,58,9.1,Personal,10918.55,85328.78,0,8,3.0,5,3,0.109,1,0,7.815028552326088,8-30 days,Very High,1
CLM104225,27,1.8,Motor,7830.11,18043.32,1,16,3.0,2,5,0.14,0,0,2.3043507690185705,8-30 days,Medium,0
CLM104226,19,8.7,Motor,11209.08,16146.11,0,9,5.0,2,18,0.198,0,0,1.4404491715644818,8-30 days,Low,0
CLM104227,68,7.6,Travel,3931.24,8456.33,2,7,5.0,0,19,0.06,1,0,2.1510592077817687,2-7 days,Low,0
CLM104228,28,12.9,Travel,5075.11,41487.32,0,23,4.0,3,21,0.044,1,0,8.174664194470662,8-30 days,High,1
CLM104229,30,8.1,Personal,5819.47,66929.11,0,30,1.0,2,11,0.054,0,1,11.500894411346737,8-30 days,Very High,1
CLM104230,27,4.0,Motor,14566.74,12840.06,0,8,3.0,2,5,0.421,1,0,0.8814642123083133,8-30 days,Low,0
CLM104231,31,10.2,Motor,10190.62,16262.63,0,6,3.0,2,12,0.334,0,0,1.5958430399720525,2-7 days,Low,0
CLM104232,35,8.2,Home,7549.54,82512.45,1,24,1.0,1,4,0.152,0,0,10.929467225817731,8-30 days,Very High,1
CLM104233,68,3.6,Home,6856.17,47128.17,0,9,4.0,0,13,0.077,0,0,6.873833350106546,8-30 days,High,1
CLM104234,71,8.7,Motor,11115.18,45615.43,0,23,5.0,2,13,0.302,0,0,4.103885856999167,8-30 days,High,1
CLM104235,26,12.4,Motor,6520.51,38221.82,2,24,3.0,3,16,0.35,0,0,5.8617838175234755,8-30 days,High,1
CLM104236,74,0.6,Home,11835.3,23884.01,2,24,4.0,2,21,0.149,0,0,2.0180316510777083,8-30 days,Medium,0
CLM104237,56,9.5,Travel,7718.41,8724.93,1,0,1.0,0,3,0.084,1,0,1.130405096386432,0-1 days,Low,0
CLM104238,45,5.4,Motor,15209.6,43654.02,4,18,5.0,1,7,0.05,0,0,2.8701622659373025,8-30 days,High,0
CLM104239,20,4.5,Home,5556.58,138508.91,3,30,5.0,2,0,0.271,0,0,24.927007259861284,8-30 days,Very High,1
CLM104240,37,6.0,Travel,8024.33,35046.1,2,21,4.0,0,11,0.261,0,0,4.367479901748807,8-30 days,High,1
CLM104241,23,5.3,Personal,5621.19,11876.58,0,27,2.0,1,12,0.009,0,0,2.1128230855032477,8-30 days,Low,0
CLM104242,44,12.5,Motor,17685.71,24094.93,2,10,2.0,1,20,0.026,0,0,1.3623954028421816,8-30 days,Medium,0
CLM104243,70,4.3,Motor,8580.16,57095.2,2,30,6.0,3,19,0.009,1,0,6.65432812441726,8-30 days,Very High,1
CLM104244,19,11.1,Personal,5401.95,62420.33,2,22,6.0,1,4,0.444,0,0,11.55514767815326,8-30 days,Very High,1
CLM104245,46,1.6,Motor,5663.93,90051.0,2,19,2.0,1,6,0.204,0,0,15.899031238027305,8-30 days,Very High,1
CLM104246,55,14.3,Travel,10712.26,62022.27,0,9,1.0,2,2,0.337,0,0,5.789839865723946,8-30 days,Very High,1
CLM104247,20,9.4,Home,3749.93,6259.2,1,1,2.0,2,18,0.179,0,0,1.6691511574882731,0-1 days,Low,0
CLM104248,33,10.7,Motor,7844.93,33257.22,4,13,4.0,1,6,0.224,1,0,4.239326545934763,8-30 days,High,1
CLM104249,47,4.6,Home,5791.97,9494.83,0,11,5.0,0,16,0.111,0,0,1.6393092505658695,8-30 days,Low,0
CLM104250,57,6.3,Home,7910.78,45063.22,0,3,4.0,0,12,0.392,1,0,5.696431957404959,2-7 days,High,1
CLM104251,19,3.5,Home,8896.22,48489.94,0,21,4.0,1,23,0.209,0,0,5.450622848805448,8-30 days,Very High,1
CLM104252,34,14.0,Motor,8131.65,15131.37,1,12,3.0,0,18,0.149,0,0,1.8607994687425062,8-30 days,Low,0
CLM104253,58,7.4,Personal,7540.57,22350.46,2,19,1.0,1,12,0.138,0,0,2.9640279183138674,8-30 days,Medium,0
CLM104254,29,9.5,Motor,9157.55,17287.5,0,27,5.0,1,7,0.243,0,0,1.8877865804718512,8-30 days,Medium,0
CLM104255,52,11.1,Home,18681.3,51820.73,0,9,3.0,1,7,0.242,1,0,2.7739359680536153,8-30 days,Very High,0
CLM104256,60,5.7,Personal,15079.18,26393.95,1,1,1.0,2,12,0.362,0,0,1.7503571149094315,0-1 days,Medium,0
CLM104257,18,10.9,Motor,7301.6,17296.19,1,24,5.0,1,1,0.11,0,0,2.368821902048866,8-30 days,Medium,0
CLM104258,72,10.2,Travel,11779.06,50461.47,2,16,3.0,2,2,0.045,1,0,4.283998043986532,8-30 days,Very High,1
CLM104259,62,10.6,Personal,11522.15,44230.96,0,30,6.0,2,12,0.452,0,0,3.8387766172111975,8-30 days,High,0
CLM104260,32,7.4,Motor,7166.98,51732.44,0,30,2.0,2,16,0.064,0,0,7.218164415137199,8-30 days,Very High,1
CLM104261,43,5.9,Motor,8379.35,8811.64,2,9,4.0,1,5,0.032,0,0,1.051589920459224,8-30 days,Low,0
CLM104262,54,3.5,Personal,10825.98,18115.37,0,22,6.0,2,2,0.408,0,0,1.6733238007090352,8-30 days,Medium,0
CLM104263,38,12.4,Motor,6119.09,46619.56,0,15,2.0,1,0,0.315,0,0,7.61870801050483,8-30 days,High,1
CLM104264,66,9.2,Motor,7627.79,8048.83,2,8,5.0,2,14,0.122,1,0,1.0551981635572034,8-30 days,Low,0
CLM104265,48,6.8,Personal,7776.53,8216.38,2,18,6.0,1,7,0.128,0,0,1.056561216892367,8-30 days,Low,0
CLM104266,42,14.2,Personal,7528.61,16146.44,1,10,6.0,2,22,0.186,0,0,2.1446774371364703,8-30 days,Low,0
CLM104267,40,0.9,Personal,7396.46,50007.86,3,5,3.0,2,11,0.304,1,0,6.761053260613862,2-7 days,Very High,1
CLM104268,41,12.8,Motor,10371.37,28238.64,0,24,3.0,2,6,0.306,0,0,2.722749260705191,8-30 days,Medium,0
CLM104269,74,15.0,Motor,8601.93,40951.41,1,24,3.0,2,15,0.267,0,0,4.760723465547848,8-30 days,High,1
CLM104270,55,13.3,Motor,11333.55,13387.92,2,30,4.0,1,7,0.295,0,0,1.1812644758261974,8-30 days,Low,0
CLM104271,45,12.2,Home,26420.06,13286.77,0,3,3.0,1,8,0.262,0,0,0.5029046111174615,2-7 days,Low,0
CLM104272,38,5.7,Home,6681.24,79524.56,1,15,1.0,0,7,0.213,0,0,11.902664774802282,8-30 days,Very High,1
CLM104273,71,3.6,Motor,9374.81,38500.55,1,11,1.0,2,5,0.232,0,0,4.106808564653577,8-30 days,High,1
CLM104274,60,11.1,Motor,10685.93,12503.71,0,23,1.0,0,0,0.119,1,0,1.1701096675722187,8-30 days,Low,0
CLM104275,35,4.7,Home,13893.73,6352.07,1,23,6.0,0,15,0.522,0,0,0.4571896819644545,8-30 days,Low,0
CLM104276,53,2.8,Home,10335.36,9743.09,1,26,2.0,1,0,0.057,0,0,0.9426947876029476,8-30 days,Low,0
CLM104277,52,11.8,Motor,5198.05,12677.41,0,15,5.0,0,12,0.017,1,0,2.438878040803763,8-30 days,Low,0
CLM104278,62,4.8,Personal,6309.01,10802.88,2,22,2.0,1,10,0.197,0,0,1.7122940049231177,8-30 days,Low,0
CLM104279,72,13.7,Motor,9079.07,27301.39,0,21,6.0,0,22,0.015,0,0,3.00706900596647,8-30 days,Medium,0
CLM104280,26,12.6,Travel,6228.78,46332.24,2,2,2.0,2,10,0.586,0,0,7.4384133008390085,2-7 days,High,1
CLM104281,70,12.7,Personal,4373.98,26169.5,0,11,4.0,1,18,0.269,0,1,5.982994892523514,8-30 days,Medium,1
CLM104282,55,11.6,Home,5913.24,19903.86,1,14,6.0,1,18,0.085,0,0,3.365982101183108,8-30 days,Medium,0
CLM104283,75,13.2,Motor,5927.68,36226.52,1,19,2.0,1,10,0.242,0,0,6.111416270783847,8-30 days,High,1
CLM104284,47,12.1,Motor,5397.03,21723.51,1,29,4.0,2,14,0.215,0,0,4.025086019532965,8-30 days,Medium,1
CLM104285,61,9.1,Personal,26498.94,7742.95,1,11,1.0,3,9,0.076,1,0,0.2921984803920459,8-30 days,Low,0
CLM104286,51,4.6,Motor,9795.75,32598.48,0,8,1.0,3,19,0.026,0,0,3.3278186968838526,8-30 days,High,0
CLM104287,49,13.3,Travel,8953.75,37585.17,2,9,2.0,0,15,0.0,0,0,4.197701521708781,8-30 days,High,1
CLM104288,20,12.6,Personal,12856.43,69050.06,2,22,2.0,0,2,0.108,0,0,5.37085800646058,8-30 days,Very High,1
CLM104289,20,7.2,Personal,19092.51,55882.93,1,26,1.0,3,1,0.337,1,0,2.9269556491000923,8-30 days,Very High,0
CLM104290,45,0.8,Home,10115.49,18401.37,0,7,3.0,1,20,0.278,1,0,1.819127891975574,2-7 days,Medium,0
CLM104291,61,9.7,Personal,13436.36,23794.87,0,12,1.0,0,13,0.53,1,0,1.7709312641221282,8-30 days,Medium,0
CLM104292,32,0.9,Personal,6781.22,28749.62,3,21,3.0,2,14,0.044,1,0,4.239594055346973,8-30 days,High,1
CLM104293,58,13.9,Motor,5653.23,32864.89,2,14,1.0,1,23,0.012,0,0,5.813471236797371,8-30 days,High,1
CLM104294,40,14.4,Motor,12796.84,85879.29,0,27,5.0,3,7,0.154,0,0,6.710976303524932,8-30 days,Very High,1
CLM104295,57,3.0,Motor,12687.02,26642.93,1,16,4.0,0,0,0.249,1,0,2.1000148182946035,8-30 days,Medium,0
CLM104296,28,10.2,Motor,12162.51,18950.66,0,26,4.0,4,23,0.253,0,0,1.5581208155224537,8-30 days,Medium,0
CLM104297,65,1.6,Personal,8994.19,71067.21,1,11,5.0,2,13,0.237,0,0,7.901457496450487,8-30 days,Very High,1
CLM104298,49,11.0,Home,5985.1,69782.79,1,15,3.0,0,13,0.213,0,0,11.659419224407277,8-30 days,Very High,1
CLM104299,75,5.3,Personal,6847.03,54993.04,1,24,2.0,3,18,0.092,0,0,8.031663363531342,8-30 days,Very High,1
CLM104300,74,10.3,Travel,14294.12,8411.65,1,10,2.0,3,7,0.113,0,0,0.5884692446964206,8-30 days,Low,0
CLM104301,71,5.7,Home,6515.46,29748.99,3,18,4.0,4,8,0.432,0,0,4.565907856083838,8-30 days,High,1
CLM104302,53,2.4,Home,9243.12,23490.03,1,28,2.0,0,14,0.011,0,0,2.541352919793316,8-30 days,Medium,0
CLM104303,50,6.2,Motor,6008.43,38844.91,1,12,3.0,1,11,0.219,0,0,6.465068245781344,8-30 days,High,1
CLM104304,41,1.9,Personal,7799.31,14570.68,1,2,2.0,2,17,0.366,0,0,1.868201161384789,2-7 days,Low,0
CLM104305,56,8.7,Motor,5226.92,51789.28,2,24,1.0,1,0,0.018,1,0,9.908183021741293,8-30 days,Very High,1
CLM104306,51,0.8,Home,8219.39,36614.02,3,3,5.0,1,14,0.017,0,0,4.454590912464307,2-7 days,High,1
CLM104307,73,8.0,Motor,6856.34,53983.12,0,30,4.0,1,0,0.226,1,0,7.873460184296579,8-30 days,Very High,1
CLM104308,45,13.3,Personal,3943.7,15978.47,0,23,2.0,3,0,0.249,0,1,4.051644394857621,8-30 days,Low,1
CLM104309,54,12.6,Personal,11412.84,34158.53,2,14,3.0,1,20,0.129,1,0,2.99299122742455,8-30 days,High,0
CLM104310,24,13.3,Home,11181.47,50582.37,2,13,2.0,1,1,0.252,0,0,4.523767447392874,8-30 days,Very High,1
CLM104311,21,13.8,Home,8717.44,4137.82,3,27,5.0,0,3,0.083,0,0,0.4746599919242346,8-30 days,Low,0
CLM104312,54,1.7,Travel,5125.32,46171.26,0,10,1.0,0,16,0.077,0,0,9.008463861768632,8-30 days,High,1
CLM104313,73,2.1,Motor,5157.3,21366.2,0,30,6.0,1,1,0.366,0,0,4.1429042328350105,8-30 days,Medium,1
CLM104314,18,8.4,Motor,24259.9,27507.47,0,27,4.0,0,6,0.116,0,0,1.1338657620188046,8-30 days,Medium,0
CLM104315,18,13.4,Home,2612.03,71637.42,0,12,4.0,2,21,0.508,0,0,27.425956057166264,8-30 days,Very High,1
CLM104316,64,14.6,Motor,5203.25,63489.56,1,19,3.0,2,9,0.159,0,0,12.201904578868975,8-30 days,Very High,1
CLM104317,37,0.9,Motor,22362.41,18135.98,2,17,1.0,1,9,0.437,1,0,0.8110029285752296,8-30 days,Medium,0
CLM104318,36,5.5,Home,25745.13,7896.23,0,12,2.0,1,12,0.366,0,0,0.30670771520672063,8-30 days,Low,0
CLM104319,46,3.4,Motor,18259.36,26435.9,1,20,2.0,1,4,0.216,0,0,1.4477999228888636,8-30 days,Medium,0
CLM104320,27,11.4,Motor,10798.4,62122.42,0,26,6.0,3,6,0.222,0,0,5.752928211586902,8-30 days,Very High,1
CLM104321,35,9.7,Motor,6383.26,75040.73,1,18,6.0,1,13,0.483,0,0,11.755862991637501,8-30 days,Very High,1
CLM104322,45,2.0,Motor,3986.36,5828.8,0,3,6.0,1,17,0.009,0,0,1.4621860544456597,2-7 days,Low,0
CLM104323,52,7.4,Home,10204.55,43830.86,0,11,3.0,1,21,0.162,0,0,4.295227129074775,8-30 days,High,1
CLM104324,60,10.3,Home,6029.68,39593.5,2,2,1.0,1,18,0.085,0,1,6.56643470300248,2-7 days,High,1
CLM104325,64,11.7,Personal,16334.77,49959.42,2,15,3.0,2,19,0.047,0,0,3.0584709793893636,8-30 days,Very High,0
CLM104326,48,0.5,Motor,3691.35,28276.06,1,0,5.0,7,20,0.364,0,0,7.660086418248067,0-1 days,Medium,1
CLM104327,44,13.4,Personal,9302.26,7424.58,0,3,5.0,3,20,0.242,0,0,0.7981479769432375,2-7 days,Low,0
CLM104328,28,8.6,Motor,12909.99,19857.99,0,8,2.0,1,9,0.186,0,0,1.5381878684646542,8-30 days,Medium,0
CLM104329,66,12.2,Home,13406.82,14047.4,0,22,5.0,3,7,0.238,0,0,1.0477801596500886,8-30 days,Low,0
CLM104330,66,12.2,Home,12369.08,12894.09,3,12,3.0,1,20,0.305,0,0,1.0424453556772209,8-30 days,Low,0
CLM104331,55,3.0,Home,9907.32,50403.2,2,21,4.0,1,1,0.15,0,0,5.0874706782459835,8-30 days,Very High,1
CLM104332,22,1.8,Travel,9002.84,24636.72,2,29,5.0,2,13,0.353,0,0,2.7365497998409394,8-30 days,Medium,0
CLM104333,25,10.9,Motor,12789.89,37618.56,0,9,3.0,2,1,0.165,0,0,2.941273146211578,8-30 days,High,0
CLM104334,51,2.5,Motor,9908.0,61828.18,1,8,4.0,3,11,0.181,1,0,6.2402280985062575,8-30 days,Very High,1
CLM104335,65,12.8,Personal,10052.69,7677.51,0,19,4.0,1,16,0.119,0,0,0.7637269228435374,8-30 days,Low,0
CLM104336,69,10.9,Motor,8632.51,93196.34,1,5,6.0,2,17,0.153,0,0,10.795972434436797,2-7 days,Very High,1
CLM104337,73,12.7,Motor,7147.55,106922.93,0,30,6.0,1,16,0.228,0,0,14.95938188610083,8-30 days,Very High,1
CLM104338,29,4.6,Motor,4630.17,7391.39,0,18,5.0,0,14,0.173,0,0,1.596353913571208,8-30 days,Low,0
CLM104339,55,4.9,Motor,5003.95,47072.76,0,2,1.0,1,2,0.048,0,0,9.407120374903826,2-7 days,High,1
CLM104340,18,10.1,Home,7153.66,124494.78,0,9,6.0,3,20,0.143,0,0,17.402948979962705,8-30 days,Very High,1
CLM104341,48,0.7,Home,8051.35,9823.59,1,9,5.0,0,18,0.127,0,0,1.2201171232153614,8-30 days,Low,0
CLM104342,21,11.0,Motor,5499.22,11619.48,0,23,5.0,4,22,0.152,0,0,2.1129323795010926,8-30 days,Low,0
CLM104343,66,12.6,Motor,5317.4,51541.37,1,20,1.0,1,10,0.122,0,0,9.692964606762704,8-30 days,Very High,1
CLM104344,62,6.3,Travel,7213.78,39492.42,0,30,5.0,3,17,0.295,0,0,5.474580594362457,8-30 days,High,1
CLM104345,67,11.5,Travel,12755.88,32979.94,1,23,3.0,3,20,0.15,1,0,2.585469603037972,8-30 days,High,0
CLM104346,22,2.8,Personal,3274.0,23208.08,1,24,1.0,4,2,0.231,0,0,7.088601099572389,8-30 days,Medium,1
CLM104347,47,5.0,Personal,5572.36,31457.88,0,1,3.0,1,17,0.259,0,0,5.645342368404052,0-1 days,High,1
CLM104348,73,14.6,Personal,9141.13,4244.16,1,12,4.0,3,3,0.002,0,0,0.4642927077943318,8-30 days,Low,0
CLM104349,41,14.8,Travel,15166.32,11386.45,2,6,1.0,2,8,0.276,1,0,0.7507721055602151,2-7 days,Low,0
CLM104350,20,7.8,Home,22475.82,25743.5,0,28,4.0,4,5,0.009,0,0,1.1453864642090923,8-30 days,Medium,0
CLM104351,28,14.0,Motor,7286.94,5751.9,2,12,6.0,1,6,0.229,0,0,0.789343675122891,8-30 days,Low,0
CLM104352,62,7.9,Home,7239.26,25201.55,0,29,2.0,2,0,0.113,0,0,3.481232888444399,8-30 days,Medium,0
CLM104353,21,4.5,Motor,7989.3,27641.9,2,13,2.0,2,2,0.18,0,0,3.459865069530497,8-30 days,Medium,0
CLM104354,43,4.2,Personal,9414.64,16106.96,1,27,3.0,0,14,0.322,1,0,1.7108418378185464,8-30 days,Low,0
CLM104355,44,14.0,Home,8329.98,16831.42,1,17,4.0,2,1,0.261,1,0,2.020583482793476,8-30 days,Low,0
CLM104356,63,2.8,Home,8957.72,12780.63,1,13,4.0,2,8,0.144,0,0,1.4267726609003184,8-30 days,Low,0
CLM104357,71,8.8,Motor,4658.56,19473.46,2,22,1.0,1,7,0.166,0,0,4.180145796125841,8-30 days,Medium,1
CLM104358,60,8.4,Home,4023.57,36680.46,2,26,2.0,1,18,0.084,0,0,9.116396632840983,8-30 days,High,1
CLM104359,44,11.1,Motor,11727.73,38636.49,1,12,3.0,0,13,0.166,0,0,3.294455960360615,8-30 days,High,0
CLM104360,59,7.6,Motor,7793.69,60377.98,2,18,3.0,0,23,0.185,0,0,7.747033818383847,8-30 days,Very High,1
CLM104361,68,4.2,Motor,12368.41,24889.27,1,7,1.0,1,9,0.099,0,0,2.012325755695356,2-7 days,Medium,0
CLM104362,67,2.7,Motor,9400.52,39451.29,0,3,1.0,1,23,0.141,1,1,4.196713586056942,2-7 days,High,1
CLM104363,23,9.4,Motor,4460.21,9428.51,1,8,6.0,2,10,0.011,0,0,2.1139161608982535,8-30 days,Low,0
CLM104364,32,10.8,Home,17098.94,32726.11,1,11,3.0,0,7,0.07,0,0,1.9139262433811688,8-30 days,High,0
CLM104365,70,8.6,Personal,8620.79,23692.55,2,19,1.0,2,3,0.195,0,0,2.7483038097436543,8-30 days,Medium,0
CLM104366,47,11.1,Motor,6072.71,40721.28,0,1,6.0,1,22,0.032,0,0,6.70561907286862,0-1 days,High,1
CLM104367,59,2.3,Motor,6683.73,22659.07,0,28,4.0,2,7,0.24,0,0,3.3901833257776723,8-30 days,Medium,0
CLM104368,54,13.3,Personal,4928.13,21116.46,2,3,3.0,0,9,0.222,0,0,4.284882906903835,2-7 days,Medium,1
CLM104369,75,8.8,Home,9872.82,15101.2,1,20,5.0,1,14,0.332,0,0,1.5295731108234527,8-30 days,Low,0
CLM104370,54,2.1,Motor,8085.18,59612.92,2,23,2.0,1,12,0.219,0,0,7.373109813263278,8-30 days,Very High,1
CLM104371,59,7.0,Home,21082.53,17677.58,0,18,2.0,1,4,0.651,0,0,0.8384942414406621,8-30 days,Medium,0
CLM104372,54,12.7,Travel,10740.68,113356.95,1,8,5.0,6,14,0.116,0,0,10.553982615625825,8-30 days,Very High,1
CLM104373,52,13.5,Motor,20515.55,10471.27,2,30,5.0,1,2,0.226,0,0,0.5104064965355548,8-30 days,Low,0
CLM104374,40,4.1,Motor,5515.16,67398.69,1,8,4.0,4,2,0.065,0,0,12.220622792448452,8-30 days,Very High,1
CLM104375,23,10.7,Travel,7324.34,5473.56,0,10,3.0,2,23,0.33,1,0,0.7473110205151591,8-30 days,Low,0
CLM104376,21,1.7,Motor,12687.5,24661.79,3,9,1.0,3,12,0.19,0,0,1.9437864039408868,8-30 days,Medium,0
CLM104377,35,0.7,Personal,11079.27,18015.74,2,2,2.0,2,22,0.117,0,0,1.6260764472749558,2-7 days,Medium,0
CLM104378,26,8.5,Motor,8440.43,38931.64,1,7,5.0,2,8,0.032,0,0,4.612518556519039,2-7 days,High,1
CLM104379,66,10.5,Home,5236.49,51665.13,2,21,3.0,4,1,0.138,1,0,9.866366592889511,8-30 days,Very High,1
CLM104380,46,12.0,Travel,3189.43,119445.71,1,10,1.0,1,14,0.037,0,0,37.450488018235234,8-30 days,Very High,1
CLM104381,30,5.2,Motor,7699.05,18787.01,2,5,2.0,2,17,0.251,0,0,2.4401724888135545,2-7 days,Medium,0
CLM104382,64,0.3,Personal,7848.43,16117.29,0,17,3.0,0,22,0.063,0,0,2.053568675518543,8-30 days,Low,0
CLM104383,69,7.3,Personal,9004.17,54264.02,2,7,2.0,1,7,0.13,1,0,6.026543257179728,2-7 days,Very High,1
CLM104384,34,0.4,Home,4435.05,25286.23,0,22,4.0,4,2,0.115,0,1,5.701453196694513,8-30 days,Medium,1
CLM104385,62,1.6,Personal,5722.4,17388.51,1,1,2.0,2,0,0.323,0,0,3.0386743324479237,0-1 days,Medium,0
CLM104386,49,5.0,Motor,10139.12,20047.6,1,19,4.0,0,6,0.127,0,0,1.9772524637246622,8-30 days,Medium,0
CLM104387,65,6.7,Personal,11059.99,16432.86,1,4,4.0,1,5,0.298,0,0,1.4857933867932973,2-7 days,Low,0
CLM104388,39,4.3,Motor,9304.5,8007.11,3,24,4.0,2,0,0.228,0,0,0.860563168359396,8-30 days,Low,0
CLM104389,21,8.8,Motor,7272.62,90420.22,2,9,1.0,1,8,0.021,1,0,12.432963636213634,8-30 days,Very High,1
CLM104390,22,1.0,Motor,4982.28,40386.25,2,29,6.0,1,10,0.516,0,0,8.10597758455968,8-30 days,High,1
CLM104391,54,2.3,Motor,13056.91,8366.17,0,17,1.0,1,21,0.336,0,0,0.6407465472305469,8-30 days,Low,0
CLM104392,58,10.5,Motor,11789.45,86225.88,1,11,4.0,1,4,0.01,0,1,7.313817014364537,8-30 days,Very High,1
CLM104393,66,2.3,Personal,6564.67,31977.72,2,27,3.0,1,2,0.007,1,0,4.871184690167214,8-30 days,High,1
CLM104394,30,9.7,Personal,12366.79,23889.39,0,22,6.0,2,8,0.357,0,0,1.9317373384685919,8-30 days,Medium,0
CLM104395,51,1.0,Motor,8239.84,28465.055,0,20,6.0,3,6,0.306,0,0,3.454564044932911,8-30 days,Medium,0
CLM104396,62,6.2,Motor,6252.75,20199.65,0,1,4.0,3,19,0.271,0,0,3.2305225700691698,0-1 days,Medium,0
CLM104397,39,2.8,Personal,12898.27,10438.76,0,9,3.0,1,12,0.008,1,0,0.8093147375578275,8-30 days,Low,0
CLM104398,70,1.8,Motor,8891.91,18689.25,2,11,2.0,1,0,0.065,1,0,2.101826266797572,8-30 days,Medium,0
CLM104399,40,8.6,Motor,7010.57,26504.92,0,18,1.0,3,19,0.372,0,0,3.7807082733643624,8-30 days,Medium,0
CLM104400,68,13.9,Home,4773.24,14258.15,2,4,3.0,1,2,0.258,0,0,2.98710100476825,2-7 days,Low,0
CLM104401,20,1.0,Motor,4976.34,41004.5,0,9,6.0,3,5,0.045,0,0,8.239891164992745,8-30 days,High,1
CLM104402,59,6.4,Motor,12443.76,73101.41,1,0,3.0,3,10,0.386,0,0,5.874543546323619,0-1 days,Very High,1
CLM104403,51,10.7,Travel,10421.57,21289.77,2,6,3.0,3,16,0.483,0,0,2.04285630667932,2-7 days,Medium,0
CLM104404,49,7.0,Home,5021.49,5030.96,3,0,5.0,0,14,0.088,0,0,1.001885894425758,0-1 days,Low,0
CLM104405,62,12.1,Motor,4978.8,24719.5,1,21,1.0,2,3,0.057,0,0,4.964951393910179,8-30 days,Medium,1
CLM104406,68,2.9,Personal,21893.87,14799.29,1,27,5.0,0,0,0.404,0,0,0.6759558725798592,8-30 days,Low,0
CLM104407,75,14.4,Home,10476.63,23843.69,0,21,2.0,1,0,0.427,0,0,2.27589310684829,8-30 days,Medium,0
CLM104408,66,5.9,Motor,14648.83,23610.46,1,16,3.0,4,5,0.423,1,0,1.6117642159817542,8-30 days,Medium,0
CLM104409,38,5.3,Motor,16636.2,14676.44,0,11,1.0,1,21,0.23,0,0,0.8821990598814633,8-30 days,Low,0
CLM104410,63,13.1,Motor,5597.89,10042.24,2,30,6.0,2,8,0.086,1,0,1.7939330712107597,8-30 days,Low,0
CLM104411,61,8.5,Motor,18621.33,28261.78,1,6,1.0,1,13,0.313,0,0,1.517710066896403,2-7 days,Medium,0
CLM104412,38,7.8,Motor,5233.33,15741.14,0,7,1.0,1,13,0.115,0,0,3.007863062333161,2-7 days,Low,0
CLM104413,61,11.0,Motor,11801.26,103547.48,1,2,3.0,0,6,0.105,0,0,8.774273255567625,2-7 days,Very High,1
CLM104414,28,8.8,Motor,8067.75,33682.3,1,14,6.0,1,5,0.197,0,0,4.174931052647889,8-30 days,High,1
CLM104415,56,2.6,Home,11770.98,16150.96,1,11,4.0,2,18,0.172,1,0,1.372099859145118,8-30 days,Low,0
CLM104416,21,10.2,Travel,7731.07,19622.24,0,25,4.0,1,2,0.087,1,0,2.5381014529683474,8-30 days,Medium,0
CLM104417,68,2.2,Home,10882.18,24992.9,1,16,4.0,1,4,0.002,0,0,2.2966813634768033,8-30 days,Medium,0
CLM104418,18,12.1,Home,15688.4,30134.66,1,1,5.0,1,21,0.137,0,0,1.920824303306902,0-1 days,High,0
CLM104419,45,14.8,Personal,14068.09,44455.92,1,16,3.0,2,5,0.068,0,0,3.160053710205152,8-30 days,High,0
CLM104420,41,5.8,Home,8266.48,66082.81,1,24,2.0,1,7,0.048,0,0,7.99406881768298,8-30 days,Very High,1
CLM104421,52,6.8,Motor,5534.27,26547.44,2,3,5.0,1,23,0.198,0,0,4.7969181120545255,2-7 days,Medium,1
CLM104422,30,0.9,Motor,7434.77,39394.34,2,6,1.0,0,12,0.202,0,0,5.298662904165158,2-7 days,High,1
CLM104423,64,0.4,Personal,10380.64,38552.97,1,14,4.0,1,12,0.291,1,0,3.713929969635784,8-30 days,High,0
CLM104424,51,13.8,Motor,11398.33,30152.9,0,20,1.0,1,0,0.196,0,1,2.6453787528523915,8-30 days,High,0
CLM104425,28,2.1,Motor,13757.38,23961.88,1,24,5.0,0,18,0.163,0,0,1.7417473385193984,8-30 days,Medium,0
CLM104426,53,6.8,Home,6117.11,31134.91,4,15,6.0,2,20,0.289,1,0,5.089807114797674,8-30 days,High,1
CLM104427,68,12.3,Home,5587.39,17155.32,1,24,4.0,0,8,0.197,0,0,3.0703638013455294,8-30 days,Low,0
CLM104428,34,13.4,Travel,5371.81,11958.52,1,5,3.0,1,3,0.219,0,0,2.22616213157204,2-7 days,Low,0
CLM104429,52,7.9,Motor,7778.7,82701.59,3,4,4.0,3,4,0.262,1,0,10.631800943602402,2-7 days,Very High,1
CLM104430,35,8.6,Motor,9360.18,32914.8,2,25,4.0,1,16,0.082,1,0,3.5164708370992868,8-30 days,High,0
CLM104431,57,10.1,Personal,10039.7,34367.87,1,15,6.0,1,6,0.327,1,1,3.423196908274152,8-30 days,High,0
CLM104432,39,14.4,Motor,4497.84,23803.37,1,0,4.0,2,17,0.179,1,0,5.292178023228927,0-1 days,Medium,1
CLM104433,74,9.1,Motor,5534.78,40684.73,2,14,5.0,2,12,0.156,0,0,7.350740228157218,8-30 days,High,1
CLM104434,41,8.5,Home,6196.08,24466.34,3,19,4.0,2,0,0.325,0,0,3.948680456030264,8-30 days,Medium,0
CLM104435,75,0.4,Travel,18746.14,8974.05,0,4,6.0,3,13,0.097,0,0,0.4787145513689751,2-7 days,Low,0
CLM104436,36,1.4,Travel,7160.45,18751.18,2,12,5.0,2,13,0.11,0,0,2.6187153042057414,8-30 days,Medium,0
CLM104437,54,8.7,Personal,4373.38,43833.92,1,13,1.0,3,12,0.253,0,0,10.022893048397348,8-30 days,High,1
CLM104438,56,14.1,Motor,10091.92,17939.61,1,24,3.0,1,17,0.209,1,0,1.7776211067864194,8-30 days,Medium,0
CLM104439,38,13.0,Motor,8094.52,7082.77,1,1,4.0,0,7,0.706,0,0,0.8750080301240839,0-1 days,Low,0
CLM104440,25,14.7,Motor,5009.6,22469.87,0,1,5.0,1,0,0.34,0,0,4.485362104758862,0-1 days,Medium,1
CLM104441,45,8.0,Personal,6868.35,7646.09,0,30,4.0,2,14,0.203,0,0,1.1132353476453587,8-30 days,Low,0
CLM104442,22,11.9,Home,7289.57,22218.15,2,18,4.0,4,16,0.225,0,0,3.0479369839373245,8-30 days,Medium,0
CLM104443,34,12.6,Motor,8041.83,68118.16,0,18,6.0,1,16,0.115,0,0,8.470479977815994,8-30 days,Very High,1
CLM104444,54,9.8,Travel,12917.11,10787.7,0,11,4.0,0,1,0.114,0,0,0.8351481097552007,8-30 days,Low,0
CLM104445,53,5.2,Motor,10938.65,45521.62,1,22,2.0,1,13,0.208,1,0,4.161539129600088,8-30 days,High,1
CLM104446,71,7.2,Home,8991.96,101324.39,1,29,3.0,1,0,0.106,0,0,11.26833193208155,8-30 days,Very High,1
CLM104447,36,12.9,Personal,13247.58,72745.3,1,16,3.0,0,1,0.171,0,0,5.491214244412942,8-30 days,Very High,1
CLM104448,44,4.6,Motor,7068.53,23605.7,1,1,5.0,1,6,0.189,0,0,3.3395486756086488,0-1 days,Medium,0
CLM104449,70,13.9,Motor,6133.45,14094.64,1,10,1.0,1,0,0.09,1,0,2.297995418565408,8-30 days,Low,0
CLM104450,51,3.6,Motor,9766.9,31924.33,2,16,1.0,0,9,0.283,0,0,3.268624640366954,8-30 days,High,0
CLM104451,28,11.3,Motor,9433.43,32257.43,1,13,1.0,0,17,0.124,0,0,3.41948050709021,8-30 days,High,0
CLM104452,71,9.5,Motor,4375.01,55892.46,1,8,4.0,1,2,0.064,0,0,12.775390227679479,8-30 days,Very High,1
CLM104453,62,11.3,Home,16643.53,29095.4,4,25,6.0,1,17,0.31,0,0,1.7481507829168454,8-30 days,High,0
CLM104454,64,6.7,Motor,5374.31,37872.47,1,24,5.0,1,18,0.177,0,0,7.046945561383693,8-30 days,High,1
CLM104455,29,14.0,Personal,10786.86,14160.97,3,28,4.0,0,12,0.256,1,0,1.3127981636917507,8-30 days,Low,0
CLM104456,71,9.6,Motor,10900.5,48762.23,3,18,6.0,1,22,0.055,0,0,4.4733938810146325,8-30 days,Very High,1
CLM104457,38,4.5,Motor,2119.32,10752.84,1,27,2.0,3,1,0.143,0,0,5.07372175980975,8-30 days,Low,1
CLM104458,71,9.6,Motor,9415.1,17488.89,1,18,5.0,0,2,0.003,0,0,1.8575362980743697,8-30 days,Medium,0
CLM104459,28,4.4,Travel,17759.18,43940.89,1,0,5.0,1,21,0.13,0,0,2.4742634513530466,0-1 days,High,0
CLM104460,56,4.5,Motor,6175.0,73730.39,1,4,6.0,2,3,0.013,0,0,11.940144129554655,2-7 days,Very High,1
CLM104461,45,6.1,Travel,3618.37,46763.0,0,18,5.0,3,16,0.016,0,0,12.923775069990079,8-30 days,High,1
CLM104462,22,12.8,Travel,8063.38,27327.96,2,1,6.0,0,7,0.309,0,0,3.389144502677537,0-1 days,Medium,0
CLM104463,34,7.6,Personal,10483.36,27518.18,3,28,2.0,3,22,0.158,0,0,2.624938950870713,8-30 days,Medium,0
CLM104464,73,10.2,Travel,8172.8,14172.68,0,13,5.0,2,7,0.219,0,0,1.7341278386844166,8-30 days,Low,0
CLM104465,37,6.0,Motor,5542.34,21224.05,0,18,6.0,0,2,0.191,1,0,3.829438468228221,8-30 days,Medium,0
CLM104466,58,4.1,Personal,5346.47,6654.87,0,23,6.0,1,14,0.186,0,0,1.2447222185853468,8-30 days,Low,0
CLM104467,63,14.3,Personal,4096.33,97166.98,3,7,2.0,2,10,0.241,0,0,23.72049615143311,2-7 days,Very High,1
CLM104468,75,9.1,Personal,3655.88,147578.83,1,16,1.0,0,8,0.263,0,0,40.367525739356864,8-30 days,Very High,1
CLM104469,29,14.0,Motor,7284.09,6521.45,2,1,6.0,2,10,0.295,0,0,0.8953005797567026,0-1 days,Low,0
CLM104470,23,3.2,Home,10286.99,28465.055,0,30,6.0,1,5,0.043,0,0,2.7670927064184956,8-30 days,Medium,0
CLM104471,34,2.4,Motor,9131.12,77788.28,4,16,5.0,0,9,0.464,0,0,8.519029429029516,8-30 days,Very High,1
CLM104472,68,12.9,Motor,9515.93,15543.79,0,7,4.0,1,9,0.033,0,0,1.6334493843481406,2-7 days,Low,0
CLM104473,36,10.3,Travel,11295.32,79125.76,0,13,3.0,1,17,0.227,1,0,7.005180906782631,8-30 days,Very High,1
CLM104474,43,3.0,Personal,15314.01,49285.54,2,16,2.0,1,12,0.226,0,0,3.218330143443814,8-30 days,Very High,0
CLM104475,65,4.2,Home,8606.39,22010.94,2,5,1.0,0,16,0.561,1,0,2.557511337506202,2-7 days,Medium,0
CLM104476,61,12.0,Personal,9926.42,56867.87,0,25,1.0,2,3,0.244,0,0,5.728940544526627,8-30 days,Very High,1
CLM104477,61,6.9,Motor,9956.2,27241.34,0,28,3.0,1,17,0.057,0,0,2.736118197705952,8-30 days,Medium,0
CLM104478,69,10.1,Motor,9082.55,26887.81,3,10,5.0,2,0,0.078,0,0,2.9603811704862624,8-30 days,Medium,0
CLM104479,49,4.9,Home,8573.89,41623.7,0,7,4.0,2,17,0.109,0,0,4.854704224103645,2-7 days,High,1
CLM104480,23,5.8,Motor,8892.49,50717.75,0,12,3.0,0,6,0.197,1,0,5.703436270380962,8-30 days,Very High,1
CLM104481,72,14.9,Personal,17162.91,59380.07,0,7,5.0,3,4,0.21,0,0,3.4597903269317385,2-7 days,Very High,0
CLM104482,75,3.9,Motor,16194.5,163776.98,0,6,6.0,2,15,0.244,1,0,10.11312359134274,2-7 days,Very High,1
CLM104483,53,7.7,Motor,3942.69,36806.62,0,23,5.0,1,4,0.184,0,0,9.33540805896482,8-30 days,High,1
CLM104484,55,12.7,Home,9378.73,73836.95,4,23,2.0,2,9,0.265,0,0,7.872809005057188,8-30 days,Very High,1
CLM104485,28,3.7,Motor,8526.8,72312.82,0,29,4.0,1,15,0.003,0,0,8.480651592625605,8-30 days,Very High,1
CLM104486,50,6.3,Personal,14986.41,46804.45,1,25,4.0,3,3,0.077,0,0,3.1231262190210995,8-30 days,High,0
CLM104487,41,9.3,Motor,8364.21,18850.99,1,29,2.0,1,0,0.356,0,0,2.2537681382939936,8-30 days,Medium,0
CLM104488,40,7.3,Motor,9518.5,63745.19,0,2,5.0,1,7,0.075,0,0,6.696978515522404,2-7 days,Very High,1
CLM104489,32,7.0,Personal,6344.58,39118.1,0,1,5.0,0,0,0.166,0,0,6.165593309565014,0-1 days,High,1
CLM104490,44,5.6,Motor,12257.19,10651.22,2,11,4.0,2,2,0.05,0,0,0.8689773104602277,8-30 days,Low,0
CLM104491,28,8.9,Travel,4856.43,59887.35,1,3,4.0,2,17,0.462,0,0,12.33155836694856,2-7 days,Very High,1
CLM104492,74,9.4,Motor,7408.73,8269.35,0,4,3.0,0,1,0.482,0,0,1.1161629591036522,2-7 days,Low,0
CLM104493,68,9.9,Motor,5289.19,45508.17,0,15,4.0,1,4,0.182,0,0,8.603996075013377,8-30 days,High,1
CLM104494,67,1.2,Personal,7423.54,28465.055,1,1,5.0,1,10,0.13,0,0,3.8344314168173135,0-1 days,Medium,0
CLM104495,34,9.5,Personal,6639.5,31647.28,2,30,4.0,2,13,0.14,0,0,4.766515550869794,8-30 days,High,1
CLM104496,68,14.3,Motor,12387.33,9841.54,4,26,6.0,0,17,0.211,0,0,0.7944843642657458,8-30 days,Low,0
CLM104497,70,8.2,Home,7702.57,16269.02,1,23,5.0,0,9,0.317,1,0,2.1121547743155857,8-30 days,Low,0
CLM104498,31,10.8,Personal,16632.93,18908.24,0,23,2.0,2,6,0.719,0,0,1.1367955014540434,8-30 days,Medium,0
CLM104499,44,8.4,Motor,7626.68,24977.84,0,12,6.0,3,7,0.011,0,0,3.2750607079358254,8-30 days,Medium,0
CLM104500,35,12.9,Motor,5221.7,17924.21,1,27,1.0,3,19,0.219,0,0,3.432638795794473,8-30 days,Medium,0
CLM104501,45,14.0,Home,7620.55,36346.07,1,3,2.0,1,16,0.155,1,0,4.769481205424805,2-7 days,High,1
CLM104502,68,2.9,Motor,10534.29,40042.16,2,27,2.0,4,6,0.097,1,0,3.801125657258344,8-30 days,High,0
CLM104503,64,6.7,Motor,18156.23,20031.53,0,4,3.0,0,22,0.11,0,0,1.1032868607634954,2-7 days,Medium,0
CLM104504,64,6.0,Personal,6359.12,28832.16,0,26,2.0,3,15,0.162,0,0,4.533985834517984,8-30 days,High,1
CLM104505,21,6.2,Motor,17930.1,41715.4,2,11,3.0,0,16,0.211,1,0,2.3265570186446256,8-30 days,High,0
CLM104506,24,2.1,Travel,7803.74,5200.74,2,14,3.0,1,3,0.24,0,0,0.6664419880723857,8-30 days,Low,0
CLM104507,62,12.2,Home,6956.83,39010.34,2,4,3.0,1,3,0.26,0,0,5.607487893192732,2-7 days,High,1
CLM104508,52,0.7,Home,12050.59,17303.62,1,4,6.0,2,0,0.045,0,0,1.4359147560409904,2-7 days,Medium,0
CLM104509,65,8.0,Home,16128.33,3797.61,0,15,2.0,2,22,0.072,0,0,0.2354620720186157,8-30 days,Low,0
CLM104510,26,10.0,Motor,10921.92,20870.53,0,24,1.0,1,2,0.267,0,0,1.910884716240368,8-30 days,Medium,0
CLM104511,25,3.3,Motor,4496.76,13149.2,2,8,6.0,3,11,0.41,0,0,2.9241498323237174,8-30 days,Low,0
CLM104512,69,13.6,Motor,9874.27,19692.89,2,14,3.0,3,16,0.256,0,0,1.99436414033645,8-30 days,Medium,0
CLM104513,62,12.6,Travel,22616.17,39745.48,0,29,4.0,1,15,0.132,0,0,1.7573921667550256,8-30 days,High,0
CLM104514,34,7.2,Motor,3049.83,52988.36,0,26,4.0,1,13,0.256,0,0,17.37420118498408,8-30 days,Very High,1
CLM104515,34,6.3,Motor,10055.35,73656.62,0,3,5.0,0,22,0.221,0,0,7.325117474777108,2-7 days,Very High,1
CLM104516,66,3.7,Personal,7478.35,77110.23,1,16,4.0,2,2,0.012,0,0,10.311128791778934,8-30 days,Very High,1
CLM104517,50,11.0,Personal,5578.6,12868.77,0,23,4.0,1,18,0.152,0,0,2.306809952317786,8-30 days,Low,0
CLM104518,49,2.1,Motor,13532.44,69386.71,1,26,3.0,2,18,0.208,1,0,5.127435259273272,8-30 days,Very High,1
CLM104519,25,10.3,Motor,3888.64,11186.54,0,0,6.0,2,15,0.295,0,1,2.8767229674127717,0-1 days,Low,0
CLM104520,36,12.7,Travel,7260.67,61912.75,3,15,2.0,1,3,0.407,1,1,8.527140057322534,8-30 days,Very High,1
CLM104521,55,3.6,Personal,13337.42,42969.72,0,22,6.0,3,20,0.466,0,0,3.221741536219149,8-30 days,High,0
CLM104522,20,13.0,Motor,12668.62,31823.64,4,27,6.0,3,16,0.087,0,0,2.512005253926631,8-30 days,High,0
CLM104523,22,0.7,Motor,11116.97,14403.93,4,28,4.0,1,18,0.15,1,0,1.295670492949068,8-30 days,Low,0
CLM104524,30,13.7,Personal,9187.25,68742.35,0,19,2.0,2,11,0.419,0,0,7.482364145963156,8-30 days,Very High,1
CLM104525,64,2.0,Personal,8038.71,13150.82,2,16,1.0,1,0,0.304,0,0,1.6359366117200396,8-30 days,Low,0
CLM104526,63,9.8,Travel,6879.02,27529.82,1,3,6.0,0,18,0.312,0,0,4.001997377533427,2-7 days,Medium,1
CLM104527,48,3.9,Motor,5490.24,29463.82,0,22,3.0,3,18,0.063,1,0,5.366581424491462,8-30 days,High,1
CLM104528,72,12.6,Motor,12256.21,7836.82,1,12,4.0,2,19,0.07,0,0,0.6394162632657241,8-30 days,Low,0
CLM104529,33,7.8,Home,9346.47,31310.44,0,7,1.0,1,11,0.285,0,0,3.3499749103137337,2-7 days,High,0
CLM104530,67,2.2,Motor,12420.93,12313.21,2,17,1.0,2,11,0.103,1,0,0.99132754149649,8-30 days,Low,0
CLM104531,49,8.7,Motor,5980.41,82502.41,1,12,5.0,2,16,0.002,0,0,13.795443790643118,8-30 days,Very High,1
CLM104532,39,6.2,Motor,5922.05,212745.08,1,8,2.0,2,4,0.196,1,0,35.92422894099171,8-30 days,Very High,1
CLM104533,46,10.0,Home,10628.56,16148.91,1,4,2.0,1,3,0.149,0,0,1.5193883272992768,2-7 days,Low,0
CLM104534,39,13.3,Home,3050.19,20852.22,0,29,5.0,1,4,0.319,0,0,6.836367570544786,8-30 days,Medium,1
CLM104535,60,6.3,Travel,2723.98,31720.97,0,10,3.0,1,5,0.246,0,0,11.645081828794632,8-30 days,High,1
CLM104536,20,4.5,Travel,13409.75,5970.15,1,27,5.0,1,2,0.49,0,0,0.44520964223792386,8-30 days,Low,0
CLM104537,71,0.4,Personal,6183.17,96042.19,1,13,6.0,3,14,0.022,0,0,15.532839951028356,8-30 days,Very High,1
CLM104538,27,8.7,Personal,9271.39,28465.055,1,23,5.0,0,2,0.187,0,0,3.07020360485321,8-30 days,Medium,0
CLM104539,59,6.2,Motor,10083.58,20746.34,1,17,5.0,1,12,0.271,1,0,2.05743793374972,8-30 days,Medium,0
CLM104540,38,5.7,Motor,13543.07,46967.87,2,17,1.0,3,4,0.265,0,0,3.4680371584876992,8-30 days,High,0
CLM104541,33,2.9,Home,6973.25,29842.49,2,19,2.0,0,20,0.221,0,0,4.279566916430646,8-30 days,High,1
CLM104542,29,6.6,Motor,7146.9,31676.58,1,15,3.0,1,8,0.099,0,0,4.4322125676866895,8-30 days,High,1
CLM104543,19,14.8,Personal,6443.9,52713.97,2,3,4.0,0,22,0.134,0,0,8.180445072083677,2-7 days,Very High,1
CLM104544,58,4.6,Motor,11240.93,25493.47,1,18,4.0,2,14,0.008,0,0,2.2679146654235907,8-30 days,Medium,0
CLM104545,41,9.1,Motor,11467.75,12056.57,0,4,4.0,1,21,0.259,0,0,1.051345730417911,2-7 days,Low,0
CLM104546,52,11.7,Home,15108.73,70120.05,1,1,3.0,2,1,0.124,0,0,4.641028729747636,0-1 days,Very High,1
CLM104547,73,11.3,Home,4850.78,18048.88,0,16,4.0,4,8,0.286,1,0,3.720820156758295,8-30 days,Medium,0
CLM104548,47,5.1,Home,23225.7,18805.4,2,27,3.0,3,14,0.132,0,0,0.809680655480782,8-30 days,Medium,0
CLM104549,74,9.2,Home,7385.11,33290.25,3,3,4.0,1,2,0.126,0,0,4.507752761976463,2-7 days,High,1
CLM104550,47,13.1,Motor,8317.03,10512.9,3,5,4.0,1,6,0.491,0,0,1.264020930548525,2-7 days,Low,0
CLM104551,64,0.4,Motor,9148.67,33503.64,0,29,3.0,3,7,0.466,0,0,3.6621323099423195,8-30 days,High,0
CLM104552,52,6.6,Personal,5641.85,56989.8,0,21,2.0,2,12,0.072,0,1,10.101261111160346,8-30 days,Very High,1
CLM104553,36,3.5,Motor,7062.77,91572.61,1,17,6.0,0,20,0.304,0,0,12.965537600686416,8-30 days,Very High,1
CLM104554,67,6.0,Motor,16400.91,48779.77,1,5,6.0,2,21,0.186,0,0,2.9742111870621812,2-7 days,Very High,0
CLM104555,25,6.4,Motor,16516.37,62612.92,1,19,3.0,3,14,0.317,0,0,3.790961331091517,8-30 days,Very High,0
CLM104556,43,11.3,Motor,9321.89,17332.04,1,25,3.0,1,5,0.117,0,0,1.859283900582393,8-30 days,Medium,0
CLM104557,66,1.6,Home,13595.93,51999.36,1,14,5.0,4,20,0.034,0,0,3.8246269287941317,8-30 days,Very High,0
CLM104558,57,7.8,Home,10226.14,24260.93,1,0,1.0,2,12,0.173,0,0,2.3724425834185725,0-1 days,Medium,0
CLM104559,24,8.6,Travel,8284.19,66805.54,0,16,1.0,0,6,0.31,1,0,8.064221124817271,8-30 days,Very High,1
CLM104560,47,7.5,Travel,6054.94,30238.65,1,30,2.0,1,16,0.158,0,0,4.994046183777214,8-30 days,High,1
CLM104561,24,11.0,Motor,5768.5,62826.65,0,1,2.0,1,14,0.312,0,0,10.891332235416487,0-1 days,Very High,1
CLM104562,20,5.9,Motor,6044.24,31600.68,0,3,2.0,7,4,0.384,0,0,5.228230513679139,2-7 days,High,1
CLM104563,18,14.2,Motor,17579.82,15747.02,2,23,1.0,2,9,0.369,0,0,0.8957440974936035,8-30 days,Low,0
CLM104564,53,7.3,Motor,12591.51,28843.6,0,2,2.0,3,21,0.255,0,0,2.2907181108540593,2-7 days,High,0
CLM104565,42,8.7,Motor,16256.73,21848.7,1,30,6.0,1,11,0.031,1,0,1.3439787706383757,8-30 days,Medium,0
CLM104566,54,12.4,Motor,10174.88,74078.26,2,26,2.0,3,18,0.136,0,0,7.28050453666284,8-30 days,Very High,1
CLM104567,18,4.3,Home,5719.28,10126.32,2,20,3.0,0,17,0.274,0,0,1.7705585318431691,8-30 days,Low,0
CLM104568,32,1.3,Travel,11151.35,7958.52,0,2,6.0,2,3,0.305,0,0,0.7136821999130151,2-7 days,Low,0
CLM104569,54,10.7,Personal,15051.08,34860.31,1,23,6.0,1,12,0.182,0,0,2.316133460190232,8-30 days,High,0
CLM104570,30,7.3,Travel,11335.67,21970.71,1,13,3.0,3,2,0.222,1,0,1.9381924491450437,8-30 days,Medium,0
CLM104571,57,13.5,Motor,4699.76,28465.055,2,19,1.0,1,5,0.165,0,0,6.056703959351116,8-30 days,Medium,1
CLM104572,25,14.7,Motor,4378.28,27271.13,0,26,3.0,5,5,0.191,0,0,6.228731373964206,8-30 days,Medium,1
CLM104573,22,6.1,Motor,11318.56,34188.85,3,7,2.0,0,3,0.241,0,0,3.0206006771179372,2-7 days,High,0
CLM104574,26,6.3,Motor,7384.86,70358.9,2,28,3.0,1,3,0.325,0,0,9.52745211148214,8-30 days,Very High,1
CLM104575,18,6.2,Motor,9782.95,6977.18,0,7,6.0,1,12,0.198,0,0,0.7131979617600008,2-7 days,Low,0
CLM104576,53,5.0,Motor,6137.97,32178.34,1,8,5.0,2,9,0.183,0,0,5.242505258253136,8-30 days,High,1
CLM104577,52,11.8,Home,8998.87,95884.77,1,17,3.0,2,9,0.157,0,0,10.655201153033659,8-30 days,Very High,1
CLM104578,19,11.4,Travel,5180.69,92545.2,1,26,1.0,1,10,0.217,0,0,17.863489226338576,8-30 days,Very High,1
CLM104579,57,7.3,Travel,9499.8,30008.87,1,25,2.0,2,12,0.14,0,0,3.1588949241036657,8-30 days,High,0
CLM104580,40,0.9,Motor,11796.71,17975.53,1,6,6.0,2,9,0.326,0,0,1.52377484908928,2-7 days,Medium,0
CLM104581,26,4.8,Home,12094.51,22875.7,1,9,6.0,2,10,0.149,0,0,1.89141188853455,8-30 days,Medium,0
CLM104582,51,4.5,Home,4721.17,13377.87,1,29,2.0,3,17,0.055,1,0,2.833592096874292,8-30 days,Low,0
CLM104583,63,12.2,Home,10497.05,20108.4,0,29,1.0,1,6,0.4,0,0,1.9156239133851893,8-30 days,Medium,0
CLM104584,31,1.5,Motor,6525.07,29693.16,3,0,3.0,1,8,0.136,0,0,4.550627043081531,0-1 days,High,1
CLM104585,21,12.1,Travel,16898.29,39850.68,1,28,2.0,1,12,0.013,0,0,2.3582670199174,8-30 days,High,0
CLM104586,47,10.1,Home,13069.83,53104.16,0,3,2.0,2,9,0.299,0,0,4.063110231732165,2-7 days,Very High,1
CLM104587,48,11.0,Motor,8599.48,25771.2,5,19,5.0,4,17,0.104,0,0,2.996832366608214,8-30 days,Medium,0
CLM104588,55,6.6,Motor,22691.23,24380.75,2,3,1.0,3,14,0.12,1,0,1.074456959803413,2-7 days,Medium,0
CLM104589,28,10.3,Motor,6126.38,54029.5,1,22,6.0,1,4,0.317,0,0,8.81915584733562,8-30 days,Very High,1
CLM104590,52,9.2,Home,8284.8,21647.04,0,28,6.0,0,14,0.338,0,0,2.6128621089223643,8-30 days,Medium,0
CLM104591,25,11.6,Travel,10844.56,47286.81,0,13,3.0,2,10,0.035,0,0,4.3604175734193,8-30 days,Very High,1
CLM104592,20,6.8,Motor,21233.61,8111.6,2,4,3.0,0,5,0.167,0,0,0.3820170004064311,2-7 days,Low,0
CLM104593,31,7.2,Motor,16423.13,39746.25,0,4,2.0,2,0,0.052,0,0,2.4201385484983677,2-7 days,High,0
CLM104594,30,9.7,Personal,12192.84,136607.17,0,18,4.0,2,13,0.111,0,1,11.203884410850959,8-30 days,Very High,1
CLM104595,62,1.8,Motor,5727.18,13975.93,0,25,5.0,1,14,0.054,1,0,2.4402812553473088,8-30 days,Low,0
CLM104596,49,6.7,Motor,5723.42,82025.62,0,20,5.0,1,6,0.348,0,0,14.331574478196602,8-30 days,Very High,1
CLM104597,51,14.6,Motor,11623.05,47118.24,0,4,5.0,1,14,0.005,0,0,4.053861938131558,2-7 days,High,1
CLM104598,62,0.8,Travel,4837.77,53956.07,0,23,6.0,2,15,0.267,1,0,11.153087062840935,8-30 days,Very High,1
CLM104599,36,4.9,Home,9818.13,46264.68,2,30,2.0,1,23,0.132,0,0,4.712168203109961,8-30 days,High,1
CLM104600,55,4.8,Motor,12206.5,17387.89,1,10,1.0,1,4,0.075,0,0,1.4244779420800393,8-30 days,Medium,0
CLM104601,33,9.6,Personal,4371.46,10533.9,2,1,1.0,4,21,0.048,0,0,2.409698361645766,0-1 days,Low,0
CLM104602,19,1.8,Travel,11377.1,39967.68,1,14,5.0,1,19,0.028,0,0,3.5129936451292507,8-30 days,High,0
CLM104603,57,9.5,Motor,12720.48,25536.52,0,13,6.0,0,18,0.049,0,0,2.007512295133517,8-30 days,Medium,0
CLM104604,34,1.6,Travel,7218.08,9856.45,0,13,3.0,0,18,0.019,0,0,1.3655224103916832,8-30 days,Low,0
CLM104605,72,1.6,Motor,7921.4,19920.89,1,7,6.0,3,17,0.127,1,0,2.5148193501148786,2-7 days,Medium,0
CLM104606,51,11.0,Home,3802.39,12701.42,4,19,4.0,2,5,0.333,0,0,3.3403780253998145,8-30 days,Low,0
CLM104607,59,5.0,Motor,8090.74,117986.99,0,24,3.0,2,8,0.044,0,0,14.582966453006772,8-30 days,Very High,1
CLM104608,33,14.7,Home,4278.2,52644.24,2,7,4.0,0,2,0.001,0,0,12.30523117198822,2-7 days,Very High,1
CLM104609,55,0.8,Motor,6231.31,13447.2,3,4,5.0,2,16,0.083,0,0,2.158005299046268,2-7 days,Low,0
CLM104610,19,6.8,Personal,7092.62,40784.67,0,4,3.0,4,9,0.132,0,0,5.750296787364895,2-7 days,High,1
CLM104611,19,1.9,Motor,5052.76,11743.89,1,24,5.0,0,15,0.055,0,0,2.3242524877492694,8-30 days,Low,0
CLM104612,43,5.4,Home,4849.73,7161.48,0,28,6.0,3,0,0.027,0,0,1.4766760211393213,8-30 days,Low,0
CLM104613,30,15.0,Motor,4958.09,16583.42,2,13,6.0,2,3,0.3,0,0,3.344719438332099,8-30 days,Low,0
CLM104614,73,13.4,Personal,14722.64,25008.66,0,4,1.0,1,0,0.272,0,0,1.6986532306705864,2-7 days,Medium,0
CLM104615,64,0.9,Travel,8236.25,37306.41,0,28,5.0,0,17,0.164,1,0,4.529538321444833,8-30 days,High,1
CLM104616,48,8.5,Motor,15028.05,53764.03,0,8,3.0,1,19,0.421,1,0,3.5775785946945877,8-30 days,Very High,0
CLM104617,51,9.8,Personal,7084.3,21408.46,2,21,5.0,2,3,0.576,0,0,3.021958415086882,8-30 days,Medium,0
CLM104618,56,3.3,Motor,7153.07,46408.98,0,26,2.0,0,10,0.392,0,0,6.487980685216279,8-30 days,High,1
CLM104619,20,2.3,Home,7024.95,28465.055,0,10,6.0,1,23,0.157,0,0,4.051993964369854,8-30 days,Medium,1
CLM104620,25,13.6,Travel,2221.53,84084.91,1,16,3.0,1,3,0.23,0,0,37.84999977492989,8-30 days,Very High,1
CLM104621,40,14.5,Motor,10676.16,8672.89,1,26,4.0,0,18,0.055,0,0,0.8123604367113268,8-30 days,Low,0
CLM104622,31,14.9,Personal,8100.69,19332.88,0,11,1.0,1,3,0.123,0,0,2.386572008063511,8-30 days,Medium,0
CLM104623,73,11.9,Motor,8698.91,16508.85,0,11,4.0,2,4,0.076,0,0,1.897806736706093,8-30 days,Low,0
CLM104624,72,10.0,Motor,3317.06,9528.29,1,23,5.0,0,20,0.222,0,0,2.8725105967332523,8-30 days,Low,0
CLM104625,44,5.3,Personal,8391.19,35892.81,3,15,4.0,1,12,0.457,0,0,4.277439791018914,8-30 days,High,1
CLM104626,71,2.7,Travel,6977.69,100737.52,2,29,3.0,1,3,0.17,0,0,14.437087345525526,8-30 days,Very High,1
CLM104627,46,1.4,Motor,8994.35,7183.22,1,0,2.0,2,9,0.343,0,0,0.7986369220677425,0-1 days,Low,0
CLM104628,56,10.5,Motor,8214.48,5018.14,0,17,4.0,0,17,0.235,0,0,0.6108895511340949,8-30 days,Low,0
CLM104629,70,11.8,Travel,6832.15,14528.73,3,5,5.0,2,2,0.302,0,0,2.126523861449178,2-7 days,Low,0
CLM104630,56,12.4,Motor,10951.4,23471.8,2,4,4.0,1,18,0.183,1,0,2.143269353689939,2-7 days,Medium,0
CLM104631,18,13.7,Personal,13479.63,49761.32,1,17,4.0,0,4,0.249,0,0,3.691593908734884,8-30 days,Very High,0
CLM104632,34,13.2,Travel,7074.93,19535.64,0,12,3.0,3,10,0.316,0,0,2.761248521186782,8-30 days,Medium,0
CLM104633,58,15.0,Motor,4429.59,7026.69,3,5,5.0,3,1,0.453,0,1,1.5863070848543543,2-7 days,Low,0
CLM104634,47,3.8,Motor,4562.74,73298.25,2,6,5.0,4,17,0.05,1,0,16.06452482499551,2-7 days,Very High,1
CLM104635,70,11.5,Home,10281.41,14100.08,1,2,2.0,1,10,0.443,0,0,1.3714150101980176,2-7 days,Low,0
CLM104636,30,8.9,Motor,15228.7,44931.23,2,10,3.0,0,11,0.127,0,0,2.950431093921346,8-30 days,High,0
CLM104637,38,4.1,Travel,3758.23,11924.03,2,7,6.0,0,15,0.21,1,0,3.172778142902377,2-7 days,Low,0
CLM104638,36,14.7,Personal,5376.45,24402.18,2,3,3.0,2,1,0.331,0,0,4.538716067293475,2-7 days,Medium,1
CLM104639,70,13.5,Home,7318.76,36562.73,3,9,1.0,2,21,0.328,0,0,4.995754745339375,8-30 days,High,1
CLM104640,36,2.1,Motor,3393.84,14733.41,0,8,2.0,0,23,0.096,0,0,4.3412211536194985,8-30 days,Low,1
CLM104641,74,0.6,Motor,8138.19,38507.55,0,22,2.0,0,15,0.199,0,0,4.731709385010673,8-30 days,High,1
CLM104642,42,10.4,Home,10008.86,21397.73,0,12,5.0,3,15,0.011,0,0,2.1378788393483372,8-30 days,Medium,0
CLM104643,39,9.1,Home,10548.41,19880.27,1,18,5.0,3,21,0.189,0,0,1.8846698222765328,8-30 days,Medium,0
CLM104644,48,14.1,Home,7100.48,86802.78,4,30,2.0,2,3,0.083,0,0,12.224917188697102,8-30 days,Very High,1
CLM104645,34,3.7,Motor,7240.26,36542.21,1,29,3.0,2,7,0.086,0,0,5.0470853256651,8-30 days,High,1
CLM104646,72,1.4,Personal,5368.22,40394.84,0,14,1.0,2,3,0.018,0,0,7.5248108311507345,8-30 days,High,1
CLM104647,40,4.0,Motor,3830.49,48646.74,2,4,5.0,1,10,0.27,0,0,12.699873906471495,2-7 days,Very High,1
CLM104648,49,0.5,Travel,7812.21,43125.11,0,24,1.0,0,7,0.186,1,1,5.520218990528928,8-30 days,High,1
CLM104649,27,0.7,Travel,10214.63,36589.0,1,30,2.0,2,11,0.004,0,0,3.5820191235512207,8-30 days,High,0
CLM104650,27,13.7,Home,8561.49,70991.33,0,12,3.0,4,3,0.088,0,0,8.29193633351204,8-30 days,Very High,1
CLM104651,53,5.4,Motor,14001.01,13862.95,3,11,1.0,0,6,0.22,1,0,0.9901392828088831,8-30 days,Low,0
CLM104652,25,6.3,Home,9929.3,31290.8,0,8,6.0,2,12,0.227,0,0,3.1513601160202636,8-30 days,High,0
CLM104653,71,0.5,Motor,11436.88,22195.89,4,23,4.0,2,10,0.288,0,0,1.9407294646791784,8-30 days,Medium,0
CLM104654,69,4.2,Travel,9166.29,31124.35,0,7,2.0,1,9,0.217,0,0,3.3955231614971813,2-7 days,High,0
CLM104655,37,12.1,Motor,19622.72,16583.69,3,8,3.0,2,8,0.275,0,0,0.8451269752613296,8-30 days,Low,0
CLM104656,49,9.3,Motor,6818.54,8291.22,0,20,2.0,2,5,0.17,0,0,1.2159817204269534,8-30 days,Low,0
CLM104657,67,11.4,Motor,11536.47,28465.055,0,12,2.0,0,16,0.26,1,0,2.4673973061083676,8-30 days,Medium,0
CLM104658,31,6.8,Personal,9502.72,171014.04,0,26,1.0,2,12,0.437,0,0,17.99632526266164,8-30 days,Very High,1
CLM104659,67,4.8,Home,11848.18,62763.87,0,28,1.0,3,5,0.431,0,0,5.297342714239655,8-30 days,Very High,1
CLM104660,45,7.3,Home,9876.37,53657.92,0,8,4.0,3,23,0.186,0,0,5.432959680530397,8-30 days,Very High,1
CLM104661,63,5.0,Home,8339.39,33903.46,3,30,5.0,1,16,0.007,0,0,4.065460423364299,8-30 days,High,1
CLM104662,69,12.6,Personal,10077.12,24929.13,2,5,4.0,3,12,0.395,0,0,2.47383478612937,2-7 days,Medium,0
CLM104663,70,4.6,Motor,10660.82,26063.91,0,28,6.0,0,20,0.196,0,0,2.444831635840395,8-30 days,Medium,0
CLM104664,41,10.0,Home,11304.46,25819.44,2,29,3.0,3,14,0.263,0,0,2.2840047202608527,8-30 days,Medium,0
CLM104665,32,2.2,Home,16420.74,17224.02,0,5,3.0,2,15,0.258,0,0,1.048918623643027,2-7 days,Low,0
CLM104666,39,10.4,Motor,9274.09,8093.72,0,10,2.0,2,20,0.188,1,0,0.8727239006738128,8-30 days,Low,0
CLM104667,47,13.7,Motor,5187.48,32503.01,0,9,1.0,0,23,0.243,0,0,6.265664638707041,8-30 days,High,1
CLM104668,21,9.2,Motor,9153.46,22719.4,4,13,2.0,2,6,0.031,0,0,2.482055965722252,8-30 days,Medium,0
CLM104669,30,8.5,Motor,6957.73,65802.67,0,27,5.0,1,20,0.012,0,0,9.457491164503365,8-30 days,Very High,1
CLM104670,40,14.4,Motor,6872.47,48754.33,0,5,2.0,0,12,0.025,0,0,7.094149556127564,2-7 days,Very High,1
CLM104671,25,9.5,Motor,7355.34,6101.56,1,6,6.0,2,5,0.005,0,0,0.8295415303711318,2-7 days,Low,0
CLM104672,35,4.0,Home,5662.34,101243.63,1,8,3.0,1,7,0.067,0,0,17.880174980661707,8-30 days,Very High,1
CLM104673,29,4.5,Motor,2887.33,19014.25,1,30,6.0,0,21,0.152,1,0,6.585409357434031,8-30 days,Medium,1
CLM104674,72,10.6,Motor,16509.03,21358.06,2,2,3.0,2,9,0.34,1,0,1.293719861191118,2-7 days,Medium,0
CLM104675,48,11.1,Personal,6822.52,7958.82,0,11,6.0,0,20,0.493,0,0,1.1665513622532435,8-30 days,Low,0
CLM104676,31,4.7,Home,3929.68,34195.02,1,15,4.0,0,9,0.047,0,0,8.701731438692208,8-30 days,High,1
CLM104677,51,5.3,Motor,9212.21,38113.93,0,30,6.0,1,0,0.168,0,0,4.137327525099841,8-30 days,High,1
CLM104678,35,14.9,Home,11213.34,101257.17,0,12,2.0,2,11,0.196,0,0,9.030063299605647,8-30 days,Very High,1
CLM104679,73,1.7,Motor,7845.48,53007.77,1,5,1.0,2,7,0.038,0,0,6.756472516659274,2-7 days,Very High,1
CLM104680,51,6.2,Motor,4759.73,19190.82,0,12,5.0,1,7,0.106,0,0,4.03191357492967,8-30 days,Medium,1
CLM104681,28,1.1,Motor,4495.33,7408.14,1,25,5.0,1,21,0.451,0,0,1.647963553287523,8-30 days,Low,0
CLM104682,58,12.4,Personal,23731.21,18176.09,2,4,6.0,2,6,0.372,1,0,0.7659150123402895,2-7 days,Medium,0
CLM104683,29,1.6,Travel,4505.95,61261.97,2,3,1.0,5,6,0.391,0,0,13.595794449561136,2-7 days,Very High,1
CLM104684,66,10.2,Travel,4083.75,20782.42,0,7,5.0,1,14,0.269,0,0,5.089052953780226,2-7 days,Medium,1
CLM104685,32,1.0,Personal,7397.36,12326.6,6,2,6.0,2,11,0.316,1,0,1.666351238820336,2-7 days,Low,0
CLM104686,74,10.2,Personal,12303.67,31788.32,0,30,6.0,0,15,0.238,0,0,2.5836453676016995,8-30 days,High,0
CLM104687,48,12.7,Travel,17928.47,21786.45,0,1,1.0,2,15,0.436,0,0,1.2151873528527533,0-1 days,Medium,0
CLM104688,66,6.1,Home,7722.07,19882.73,1,19,1.0,0,1,0.287,0,0,2.5747927692963155,8-30 days,Medium,0
CLM104689,75,7.9,Motor,7674.24,15974.09,0,18,4.0,0,13,0.005,0,0,2.0815207759986656,8-30 days,Low,0
CLM104690,46,6.1,Motor,4769.69,30385.18,1,6,6.0,2,15,0.057,0,0,6.370472714159621,2-7 days,High,1
CLM104691,43,4.6,Home,13870.71,60429.24,2,11,2.0,1,13,0.071,1,0,4.35660755649855,8-30 days,Very High,1
CLM104692,35,12.1,Home,8237.46,41176.15,1,28,3.0,1,5,0.188,0,0,4.998646427418161,8-30 days,High,1
CLM104693,49,4.2,Personal,8359.46,6597.7,0,3,3.0,2,22,0.157,1,0,0.7892495448270582,2-7 days,Low,0
CLM104694,39,10.9,Motor,10330.63,89615.41,1,9,6.0,1,23,0.043,1,1,8.67472845315339,8-30 days,Very High,1
CLM104695,55,3.3,Home,9736.6,49194.0,1,27,2.0,3,17,0.207,0,0,5.052482386048518,8-30 days,Very High,1
CLM104696,34,3.9,Home,7980.01,35167.06,0,8,5.0,2,9,0.235,1,0,4.40689422694959,8-30 days,High,1
CLM104697,40,5.2,Motor,15402.15,38496.05,0,28,1.0,2,23,0.265,0,0,2.499394565044491,8-30 days,High,0
CLM104698,41,8.9,Home,4130.54,43408.55,0,11,3.0,0,14,0.302,0,0,10.509170713756555,8-30 days,High,1
CLM104699,67,6.9,Home,9347.87,37490.69,0,10,4.0,1,17,0.08,0,1,4.010613112933749,8-30 days,High,1
CLM104700,25,11.2,Home,10209.23,13615.74,0,20,5.0,1,8,0.34,0,0,1.333669630324716,8-30 days,Low,0
CLM104701,58,3.4,Home,7060.31,40970.48,2,29,3.0,3,15,0.168,0,0,5.802929333131265,8-30 days,High,1
CLM104702,23,0.4,Motor,11217.43,31640.71,1,18,3.0,2,15,0.186,0,0,2.8206737193813556,8-30 days,High,0
CLM104703,22,11.7,Motor,11455.34,38307.9,0,1,2.0,1,1,0.079,0,0,3.3441085118381473,0-1 days,High,0
CLM104704,61,12.4,Home,14005.96,17380.62,5,5,2.0,0,14,0.455,0,0,1.2409445693119214,2-7 days,Medium,0
CLM104705,74,1.1,Home,8083.82,63495.75,2,29,4.0,3,18,0.261,0,0,7.854671430091219,8-30 days,Very High,1
CLM104706,46,9.2,Home,7708.7,18385.66,1,5,6.0,2,23,0.198,0,0,2.3850532515210086,2-7 days,Medium,0
CLM104707,45,5.8,Motor,10834.16,27005.23,0,0,5.0,2,10,0.014,0,0,2.492600256965007,0-1 days,Medium,0
CLM104708,28,11.9,Motor,7777.22,19131.41,1,6,3.0,1,21,0.354,0,0,2.459929126345918,2-7 days,Medium,0
CLM104709,74,13.1,Motor,4286.46,13250.42,0,11,1.0,3,7,0.006,1,0,3.091226793204649,8-30 days,Low,0
CLM104710,18,12.8,Motor,12530.39,47892.18,1,20,2.0,2,9,0.535,0,0,3.8220821538675174,8-30 days,Very High,0
CLM104711,60,11.7,Home,3723.4,19229.71,1,22,4.0,1,5,0.297,0,0,5.164556588064672,8-30 days,Medium,1
CLM104712,36,4.2,Personal,10184.03,31247.31,2,11,3.0,4,18,0.029,0,0,3.0682657062086425,8-30 days,High,0
CLM104713,26,12.2,Motor,26639.32,9873.39,1,19,3.0,2,2,0.214,1,0,0.37063220832964205,8-30 days,Low,0
CLM104714,44,8.1,Motor,10805.04,7162.13,2,20,6.0,0,17,0.495,1,0,0.6628508547862849,8-30 days,Low,0
CLM104715,51,1.0,Motor,6219.68,102516.13,0,22,1.0,0,7,0.178,0,0,16.48254090242585,8-30 days,Very High,1
CLM104716,61,7.0,Motor,6937.57,92022.88,1,5,1.0,0,20,0.123,1,0,13.264425440031598,2-7 days,Very High,1
CLM104717,21,14.1,Home,10042.71,17794.71,2,13,6.0,0,8,0.23,0,0,1.7719032014267067,8-30 days,Medium,0
CLM104718,53,13.3,Personal,8418.64,39404.38,1,16,2.0,1,4,0.059,0,0,4.680611120085905,8-30 days,High,1
CLM104719,35,1.7,Travel,11945.8,20041.2,2,16,1.0,1,4,0.393,0,0,1.6776775100872274,8-30 days,Medium,0
CLM104720,32,11.2,Motor,16323.47,46192.91,0,17,3.0,3,23,0.043,0,0,2.829846227548432,8-30 days,High,0
CLM104721,68,12.1,Personal,15356.7,12439.52,0,12,2.0,0,14,0.249,0,0,0.8100386150670391,8-30 days,Low,0
CLM104722,30,4.2,Motor,5052.84,11578.07,3,12,2.0,0,23,0.38,0,1,2.291398500645182,8-30 days,Low,0
CLM104723,36,7.2,Home,8561.42,28458.16,1,26,2.0,1,1,0.189,0,0,3.323999990655756,8-30 days,Medium,0
CLM104724,66,10.7,Home,10610.32,37297.83,0,10,6.0,2,23,0.387,0,0,3.5152408221429705,8-30 days,High,0
CLM104725,23,6.7,Home,16822.05,16585.67,1,2,3.0,0,12,0.15,1,0,0.9859482048858491,2-7 days,Low,0
CLM104726,65,1.9,Motor,9991.1,10525.65,2,16,4.0,1,22,0.0,0,0,1.053502617329423,8-30 days,Low,0
CLM104727,73,10.6,Motor,6248.87,71952.74,1,25,1.0,1,11,0.299,0,0,11.514520225256728,8-30 days,Very High,1
CLM104728,29,13.7,Home,10338.09,19765.72,2,1,1.0,3,21,0.234,0,0,1.9119315076576042,0-1 days,Medium,0
CLM104729,68,9.9,Motor,19273.76,19917.26,1,29,4.0,3,2,0.027,0,0,1.0333873618847593,8-30 days,Medium,0
CLM104730,54,11.7,Motor,7587.37,70575.05,1,27,2.0,1,4,0.166,0,0,9.301648660866677,8-30 days,Very High,1
CLM104731,34,5.5,Home,6199.48,150413.2,1,1,5.0,0,17,0.024,0,1,24.262228444966354,0-1 days,Very High,1
CLM104732,75,2.9,Motor,8376.7,35797.79,3,6,3.0,2,10,0.179,1,0,4.273495529265701,2-7 days,High,1
CLM104733,40,9.7,Home,6341.86,54158.07,0,26,2.0,2,15,0.545,0,0,8.539776973947706,8-30 days,Very High,1
CLM104734,43,5.1,Motor,12332.17,11924.24,1,28,2.0,1,8,0.333,0,0,0.9669214744850257,8-30 days,Low,0
CLM104735,46,12.9,Personal,6362.68,48440.92,1,27,3.0,2,20,0.28,1,0,7.613288739964919,8-30 days,Very High,1
CLM104736,50,2.0,Motor,15206.24,53144.8,3,21,1.0,1,23,0.207,1,0,3.4949336588137503,8-30 days,Very High,0
CLM104737,44,6.6,Personal,10622.19,13655.68,0,24,6.0,2,20,0.348,0,0,1.2855804688110455,8-30 days,Low,0
CLM104738,42,6.1,Motor,11631.48,18749.94,2,9,6.0,0,8,0.192,0,0,1.6119995047921674,8-30 days,Medium,0
CLM104739,73,14.1,Home,11591.45,70078.18,3,13,6.0,0,11,0.107,1,0,6.045678495787842,8-30 days,Very High,1
CLM104740,72,2.5,Personal,12471.02,22761.85,2,20,1.0,4,10,0.034,1,0,1.8251794961438597,8-30 days,Medium,0
CLM104741,27,0.3,Motor,7395.33,81466.89,1,18,6.0,0,0,0.092,0,0,11.015991172807704,8-30 days,Very High,1
CLM104742,64,3.7,Motor,5473.6,28409.65,0,16,5.0,2,5,0.113,0,0,5.190304370067231,8-30 days,Medium,1
CLM104743,40,12.3,Motor,6860.6,27393.72,1,15,3.0,1,12,0.184,0,0,3.992904410692942,8-30 days,Medium,0
CLM104744,38,3.3,Motor,12896.11,58231.49,1,16,2.0,1,23,0.37,0,0,4.515430622102324,8-30 days,Very High,1
CLM104745,38,3.8,Home,3838.76,130542.03,1,17,6.0,2,22,0.242,1,0,34.00630151403057,8-30 days,Very High,1
CLM104746,60,2.1,Motor,3456.46,45925.47,0,30,1.0,3,1,0.208,0,0,13.286851287155066,8-30 days,High,1
CLM104747,30,10.8,Personal,9403.87,31922.33,1,28,4.0,0,17,0.004,0,0,3.3945949912110653,8-30 days,High,0
CLM104748,54,1.2,Home,12428.29,72391.04,2,26,1.0,1,15,0.155,1,0,5.8246983293759635,8-30 days,Very High,1
CLM104749,50,5.1,Motor,13211.16,76248.83,1,10,2.0,4,9,0.081,0,0,5.771546934561386,8-30 days,Very High,1
CLM104750,41,4.4,Travel,5541.18,41811.82,3,18,2.0,1,16,0.016,0,0,7.5456527310067525,8-30 days,High,1
CLM104751,61,8.4,Motor,4999.13,37188.11,4,10,1.0,1,15,0.311,0,0,7.438916371448632,8-30 days,High,1
CLM104752,28,11.0,Motor,6242.07,47377.62,0,9,4.0,2,16,0.009,0,0,7.590049454748185,8-30 days,Very High,1
CLM104753,34,8.1,Motor,7122.84,9579.61,0,29,4.0,2,14,0.459,0,0,1.3449143880811587,8-30 days,Low,0
CLM104754,21,14.0,Home,7309.54,12768.44,1,13,2.0,4,2,0.366,0,0,1.7468185412488337,8-30 days,Low,0
CLM104755,64,14.3,Motor,8976.38,33541.59,0,13,1.0,1,2,0.043,0,0,3.736649963571061,8-30 days,High,0
CLM104756,42,5.5,Home,16000.14,15713.03,0,9,3.0,0,23,0.103,0,0,0.9820557820119075,8-30 days,Low,0
CLM104757,47,11.7,Motor,8270.87,28774.0,1,20,3.0,3,8,0.582,0,0,3.478956869108086,8-30 days,High,0
CLM104758,26,11.1,Personal,12961.83,32617.42,1,22,2.0,1,4,0.561,1,0,2.5164209066158096,8-30 days,High,0
CLM104759,38,13.4,Travel,11411.98,13406.43,1,3,4.0,2,16,0.214,0,0,1.1747680945813084,2-7 days,Low,0
CLM104760,37,6.8,Motor,6174.67,43792.5,2,9,3.0,2,17,0.3,1,0,7.092281854738796,8-30 days,High,1
CLM104761,36,8.1,Travel,11352.74,6718.64,2,26,1.0,0,15,0.228,0,0,0.5918077926562222,8-30 days,Low,0
CLM104762,36,6.4,Home,11007.11,21997.81,2,5,5.0,2,19,0.13,1,0,1.9985091454523485,2-7 days,Medium,0
CLM104763,29,12.8,Motor,8497.9,8869.48,1,21,5.0,0,8,0.224,1,0,1.0437260970357383,8-30 days,Low,0
CLM104764,54,3.6,Motor,9191.61,21988.72,1,28,4.0,1,14,0.281,0,0,2.3922598978851366,8-30 days,Medium,0
CLM104765,59,3.7,Motor,8281.73,57362.38,1,10,6.0,1,20,0.348,1,0,6.926376493800208,8-30 days,Very High,1
CLM104766,34,5.7,Travel,5199.97,16051.25,0,17,5.0,2,8,0.233,0,0,3.086796654596084,8-30 days,Low,0
CLM104767,54,3.6,Home,24646.14,6138.08,1,5,1.0,1,12,0.23,0,0,0.24904832967758847,2-7 days,Low,0
CLM104768,71,8.5,Motor,13667.79,23490.04,2,20,6.0,4,0,0.022,0,0,1.7186421506329845,8-30 days,Medium,0
CLM104769,65,2.2,Motor,10775.88,15019.74,0,14,2.0,1,15,0.186,0,0,1.3938295526676245,8-30 days,Low,0
CLM104770,56,4.9,Home,7083.05,28034.1,3,26,2.0,1,8,0.11,0,1,3.9579136106620734,8-30 days,Medium,0
CLM104771,45,13.7,Home,8156.04,23465.56,1,5,1.0,1,23,0.186,0,0,2.877077601384986,2-7 days,Medium,0
CLM104772,58,6.3,Travel,5017.22,31939.18,1,19,2.0,1,12,0.089,0,0,6.365911799761621,8-30 days,High,1
CLM104773,52,11.3,Personal,10501.72,67472.49,0,0,1.0,1,13,0.148,0,0,6.424898968930805,0-1 days,Very High,1
CLM104774,64,1.9,Motor,9888.27,21102.93,0,8,1.0,1,10,0.194,0,0,2.134137720753984,8-30 days,Medium,0
CLM104775,65,3.9,Motor,7745.53,29877.3,0,13,5.0,5,0,0.228,0,0,3.857360309752851,8-30 days,High,0
CLM104776,35,12.1,Motor,8615.2,21974.75,2,2,6.0,1,22,0.125,0,0,2.5506952827560587,2-7 days,Medium,0
CLM104777,31,11.5,Personal,7431.52,59724.56,1,29,5.0,1,13,0.242,1,0,8.036654681680194,8-30 days,Very High,1
CLM104778,52,5.9,Motor,6805.33,31496.51,3,30,4.0,1,20,0.117,0,0,4.628212004414187,8-30 days,High,1
CLM104779,61,14.3,Motor,5993.6,41340.72,0,0,5.0,0,23,0.321,0,0,6.897477309129738,0-1 days,High,1
CLM104780,58,13.7,Travel,5369.3,49512.33,1,13,2.0,3,19,0.129,0,0,9.22137522582087,8-30 days,Very High,1
CLM104781,24,14.4,Motor,6197.89,6513.85,1,13,6.0,3,17,0.082,0,0,1.0509786395047347,8-30 days,Low,0
CLM104782,58,6.5,Motor,6415.76,50521.11,1,3,5.0,1,0,0.362,1,0,7.874532401461401,2-7 days,Very High,1
CLM104783,30,3.1,Home,13876.63,37247.0,1,13,1.0,3,22,0.026,0,0,2.6841531409283093,8-30 days,High,0
CLM104784,35,9.5,Motor,6434.52,16883.78,1,22,5.0,0,0,0.098,0,0,2.623937760703207,8-30 days,Low,0
CLM104785,54,10.3,Motor,3403.2,73589.51,0,3,2.0,2,16,0.032,0,0,21.62362188528444,2-7 days,Very High,1
CLM104786,30,2.1,Home,9692.26,58703.9,3,10,4.0,2,21,0.105,0,0,6.056781390511604,8-30 days,Very High,1
CLM104787,53,11.8,Motor,11253.62,24282.88,1,19,6.0,0,1,0.449,0,0,2.157783895315463,8-30 days,Medium,0
CLM104788,48,0.5,Motor,13144.6,5928.78,1,8,3.0,3,21,0.014,0,0,0.4510430138612053,8-30 days,Low,0
CLM104789,19,7.3,Personal,9159.94,26820.58,2,10,6.0,1,21,0.139,1,0,2.928030096267006,8-30 days,Medium,0
CLM104790,33,5.1,Motor,5088.67,13239.86,1,14,1.0,2,15,0.306,0,0,2.6018311267973755,8-30 days,Low,0
CLM104791,26,11.2,Travel,5933.11,5396.53,1,5,2.0,1,4,0.144,0,0,0.9095617644034916,2-7 days,Low,0
CLM104792,26,4.8,Motor,11135.52,43310.85,3,24,2.0,1,4,0.243,0,0,3.8894321953532476,8-30 days,High,0
CLM104793,55,12.4,Motor,16389.39,88007.99,0,11,3.0,3,23,0.095,1,0,5.369814861932019,8-30 days,Very High,1
CLM104794,28,9.0,Motor,5082.3,26094.02,1,27,4.0,0,6,0.163,0,0,5.134293528520551,8-30 days,Medium,1
CLM104795,71,11.9,Motor,9350.49,34008.98,0,12,1.0,0,20,0.139,0,0,3.6371334550381857,8-30 days,High,0
CLM104796,73,14.8,Motor,6621.64,76651.81,0,17,4.0,3,3,0.15,1,0,11.57595550347044,8-30 days,Very High,1
CLM104797,39,10.3,Motor,5866.36,31995.74,0,22,3.0,0,0,0.368,0,0,5.4541044190946355,8-30 days,High,1
CLM104798,50,14.8,Home,8634.92,17731.91,1,22,1.0,1,17,0.083,1,0,2.0535117870229254,8-30 days,Medium,0
CLM104799,53,0.6,Motor,8003.87,5262.54,2,13,5.0,0,9,0.23,0,0,0.6574994346484888,8-30 days,Low,0
CLM104800,62,5.2,Personal,3417.74,51597.24,0,23,4.0,1,6,0.334,0,0,15.096888587195048,8-30 days,Very High,1
CLM104801,40,1.8,Motor,9307.15,38307.09,0,25,5.0,1,10,0.268,0,1,4.115877577991114,8-30 days,High,1
CLM104802,62,4.1,Motor,9852.34,56139.38,0,10,3.0,3,0,0.137,0,0,5.698075787071903,8-30 days,Very High,1
CLM104803,62,12.6,Motor,11897.89,4465.59,2,24,3.0,2,5,0.396,0,0,0.37532621330336724,8-30 days,Low,0
CLM104804,51,0.7,Home,6568.92,132913.91,1,23,5.0,3,4,0.206,0,0,20.23375379818905,8-30 days,Very High,1
CLM104805,26,7.9,Travel,4160.11,15475.08,0,1,5.0,1,21,0.319,1,0,3.7198727918252166,0-1 days,Low,0
CLM104806,41,8.6,Home,7032.04,63537.7,1,18,2.0,3,12,0.095,0,0,9.035457705018743,8-30 days,Very High,1
CLM104807,25,8.5,Motor,11678.31,6735.41,4,27,1.0,1,16,0.274,0,1,0.5767452653680198,8-30 days,Low,0
CLM104808,24,7.2,Motor,8214.71,15660.19,0,1,6.0,0,17,0.288,1,0,1.9063594454338622,0-1 days,Low,0
CLM104809,53,11.9,Travel,12456.65,18617.72,0,16,3.0,1,6,0.057,0,0,1.4946008758374043,8-30 days,Medium,0
CLM104810,35,2.2,Motor,4733.48,13011.37,0,28,2.0,2,5,0.397,0,0,2.7487958119607567,8-30 days,Low,0
CLM104811,20,4.8,Motor,12249.8,15107.4,0,22,4.0,0,6,0.361,1,0,1.2332772779963754,8-30 days,Low,0
CLM104812,45,9.3,Motor,9508.03,94379.22,1,7,3.0,1,11,0.094,0,0,9.92626443122287,2-7 days,Very High,1
CLM104813,23,10.4,Motor,7245.35,21705.57,1,4,2.0,1,5,0.046,1,1,2.995793163891323,2-7 days,Medium,0
CLM104814,61,6.2,Motor,13759.44,138237.68,0,25,4.0,1,22,0.152,0,0,10.046751902693714,8-30 days,Very High,1
CLM104815,61,13.2,Personal,9469.51,61797.66,4,28,3.0,4,15,0.164,0,0,6.5259617445886855,8-30 days,Very High,1
CLM104816,38,6.3,Travel,5458.5,6225.89,1,10,2.0,0,22,0.084,0,0,1.1405862416414767,8-30 days,Low,0
CLM104817,45,6.2,Home,13222.36,21661.35,1,29,3.0,1,21,0.105,0,0,1.6382362906470553,8-30 days,Medium,0
CLM104818,57,0.7,Motor,7623.95,20958.77,2,24,5.0,3,7,0.313,0,0,2.7490697079597846,8-30 days,Medium,0
CLM104819,71,8.4,Home,8642.5,13766.2,1,19,2.0,3,14,0.436,0,0,1.5928492912930288,8-30 days,Low,0
CLM104820,71,10.7,Home,5763.73,69898.96,1,0,5.0,0,22,0.305,0,0,12.12738278857615,0-1 days,Very High,1
CLM104821,18,1.9,Home,8304.61,53446.43,1,19,2.0,2,8,0.38,0,0,6.435754358121573,8-30 days,Very High,1
CLM104822,53,4.7,Motor,5553.0,141177.2,3,15,5.0,2,12,0.186,0,0,25.423590851791825,8-30 days,Very High,1
CLM104823,38,11.8,Personal,7866.23,19852.83,1,4,1.0,2,20,0.066,0,0,2.5238049230698825,2-7 days,Medium,0
CLM104824,60,5.6,Motor,8618.16,38897.61,1,26,5.0,4,11,0.092,0,0,4.513447185942243,8-30 days,High,1
CLM104825,52,3.8,Personal,11163.67,21497.54,1,27,1.0,1,13,0.064,1,0,1.925669605067151,8-30 days,Medium,0
CLM104826,30,10.1,Motor,4513.59,20769.64,4,30,6.0,0,7,0.338,0,0,4.601578787616952,8-30 days,Medium,1
CLM104827,74,3.1,Motor,13348.65,51448.87,1,15,3.0,3,14,0.156,0,0,3.8542376944485026,8-30 days,Very High,0
CLM104828,66,13.5,Motor,13538.02,145930.04,1,23,4.0,1,23,0.204,0,0,10.779274960444733,8-30 days,Very High,1
CLM104829,71,1.8,Travel,7807.0,58597.86,0,4,4.0,1,23,0.155,0,0,7.505810170359934,2-7 days,Very High,1
CLM104830,71,10.7,Motor,9008.25,54078.1,2,27,4.0,1,3,0.238,1,0,6.003174867482585,8-30 days,Very High,1
CLM104831,27,7.6,Personal,9757.17,26791.0,1,9,1.0,2,8,0.027,0,0,2.745775670609408,8-30 days,Medium,0
CLM104832,70,13.1,Personal,8824.94,52876.06,1,8,4.0,1,19,0.366,1,0,5.991662266259033,8-30 days,Very High,1
CLM104833,61,2.1,Home,11151.89,67736.41,1,21,4.0,1,5,0.208,0,0,6.073984768501124,8-30 days,Very High,1
CLM104834,64,10.2,Home,7140.68,14704.4,0,29,5.0,4,5,0.0,0,0,2.0592436574667956,8-30 days,Low,0
CLM104835,70,8.7,Travel,6037.61,28886.57,4,23,6.0,0,1,0.023,0,0,4.784437881877101,8-30 days,High,1
CLM104836,27,7.3,Home,10306.16,21957.06,2,18,4.0,3,22,0.111,0,0,2.1304792473627425,8-30 days,Medium,0
CLM104837,63,7.5,Motor,4277.79,17423.7,1,28,1.0,3,6,0.266,0,0,4.073061089955328,8-30 days,Medium,1
CLM104838,30,10.9,Home,11230.53,58533.65,1,2,5.0,2,0,0.058,0,0,5.212011365447579,2-7 days,Very High,1
CLM104839,54,14.1,Personal,11766.17,23467.5,1,8,1.0,1,20,0.277,1,0,1.9944892858083811,8-30 days,Medium,0
CLM104840,55,1.6,Motor,5977.69,39956.57,0,21,2.0,1,8,0.173,1,0,6.6842827245976295,8-30 days,High,1
CLM104841,41,0.5,Personal,16119.1,40207.79,2,19,4.0,1,4,0.418,0,0,2.4944190432468316,8-30 days,High,0
CLM104842,19,12.1,Motor,7257.57,22872.74,2,7,1.0,1,22,0.086,0,0,3.151570015859303,2-7 days,Medium,0
CLM104843,39,1.8,Motor,6981.81,9399.52,4,3,1.0,2,8,0.171,0,0,1.3462869943467382,2-7 days,Low,0
CLM104844,34,14.8,Motor,6334.31,21524.89,1,10,5.0,2,12,0.32,1,0,3.398142812713618,8-30 days,Medium,0
CLM104845,53,9.4,Motor,10399.04,41612.9,3,3,2.0,2,0,0.045,1,0,4.001609763978213,2-7 days,High,1
CLM104846,31,9.8,Travel,7127.45,35129.45,0,11,2.0,3,19,0.033,0,0,4.928754323074872,8-30 days,High,1
CLM104847,27,3.1,Personal,4452.01,6481.8,1,22,4.0,1,14,0.186,1,0,1.4559266488619746,8-30 days,Low,0
CLM104848,52,3.8,Travel,9912.48,51455.73,2,6,6.0,2,16,0.274,0,0,5.191004672897197,2-7 days,Very High,1
CLM104849,42,10.0,Personal,7455.74,18487.12,1,27,3.0,1,7,0.051,0,0,2.4795821742710986,8-30 days,Medium,0
CLM104850,20,13.7,Motor,13856.2,43022.13,2,7,3.0,0,14,0.226,0,0,3.104901055123338,2-7 days,High,0
CLM104851,64,14.7,Motor,9767.02,51593.07,1,9,5.0,3,18,0.068,0,0,5.2823757911829805,8-30 days,Very High,1
CLM104852,55,3.1,Home,9581.52,39841.89,2,22,4.0,4,10,0.069,1,0,4.158201412719484,8-30 days,High,1
CLM104853,34,2.2,Personal,13417.96,114874.29,2,28,5.0,1,7,0.122,0,0,8.561233600338651,8-30 days,Very High,1
CLM104854,29,1.0,Motor,9134.63,59248.24,1,23,6.0,1,5,0.164,0,0,6.486112738009093,8-30 days,Very High,1
CLM104855,71,13.1,Personal,12086.09,19927.49,2,12,4.0,1,5,0.06,0,0,1.6487954334280153,8-30 days,Medium,0
CLM104856,69,4.6,Home,6344.8,21511.54,2,23,2.0,2,7,0.145,0,0,3.390420501828269,8-30 days,Medium,0
CLM104857,41,0.2,Personal,17828.24,26462.98,2,13,3.0,1,23,0.147,0,0,1.4843293561226456,8-30 days,Medium,0
CLM104858,46,3.5,Motor,9621.6,28465.055,1,15,1.0,2,22,0.457,0,0,2.958453375737923,8-30 days,Medium,0
CLM104859,60,5.2,Motor,4949.5,36941.98,0,6,3.0,0,18,0.033,1,0,7.463780179816144,2-7 days,High,1
CLM104860,42,14.9,Travel,9044.0,11963.0,0,15,4.0,0,19,0.261,0,0,1.3227554179566563,8-30 days,Low,0
CLM104861,53,7.9,Travel,9244.84,78954.53,0,16,6.0,0,8,0.125,0,0,8.540389017008406,8-30 days,Very High,1
CLM104862,75,3.2,Motor,8991.0,28884.6,0,19,3.0,2,19,0.273,0,0,3.2126126126126127,8-30 days,High,0
CLM104863,43,5.2,Personal,3019.59,77252.03,0,18,1.0,2,23,0.15,0,0,25.583615656430176,8-30 days,Very High,1
CLM104864,55,5.1,Personal,6642.1,11524.99,0,11,2.0,0,5,0.464,0,0,1.735142500112916,8-30 days,Low,0
CLM104865,18,0.5,Motor,4562.1,11555.89,3,8,2.0,3,4,0.17,0,0,2.5330198811950635,8-30 days,Low,0
CLM104866,37,2.2,Motor,4591.95,62910.89,0,27,4.0,1,15,0.196,1,0,13.70025588257712,8-30 days,Very High,1
CLM104867,72,10.5,Home,9160.99,17230.92,0,25,3.0,1,6,0.37,0,0,1.8809015182856874,8-30 days,Low,0
CLM104868,45,2.0,Motor,6604.08,13257.69,2,7,4.0,3,0,0.122,0,0,2.007499909147073,2-7 days,Low,0
CLM104869,33,3.6,Travel,7216.6,28465.055,0,8,3.0,1,9,0.345,0,0,3.944385860377463,8-30 days,Medium,0
CLM104870,64,5.4,Motor,5682.23,15227.76,2,4,5.0,0,18,0.371,0,0,2.6798915214625247,2-7 days,Low,0
CLM104871,34,11.4,Home,15811.8,27608.76,0,20,4.0,1,4,0.091,0,0,1.7460858346298334,8-30 days,Medium,0
CLM104872,57,8.8,Home,8653.92,18654.58,0,9,3.0,1,19,0.309,1,0,2.1556219609148224,8-30 days,Medium,0
CLM104873,45,10.4,Motor,4282.9,49426.16,1,4,5.0,0,18,0.026,0,0,11.54034882906442,2-7 days,Very High,1
CLM104874,75,8.6,Home,11357.61,33187.51,1,13,4.0,4,18,0.214,0,0,2.9220505018221266,8-30 days,High,0
CLM104875,29,10.3,Motor,7285.83,55459.92,0,17,2.0,3,8,0.075,0,1,7.612024985485524,8-30 days,Very High,1
CLM104876,44,0.2,Motor,14544.5,11393.3,0,28,6.0,2,20,0.169,1,0,0.7833407817388015,8-30 days,Low,0
CLM104877,71,14.0,Home,8469.02,28465.055,0,6,5.0,0,2,0.29,0,0,3.3610801485886204,2-7 days,Medium,0
CLM104878,70,1.8,Personal,6214.65,29990.0,1,7,4.0,1,20,0.36,0,0,4.825694125976524,2-7 days,High,1
CLM104879,59,6.2,Motor,6660.17,15966.45,0,4,1.0,2,8,0.193,0,1,2.397303672428782,2-7 days,Low,0
CLM104880,64,11.6,Motor,7092.19,12876.74,1,23,6.0,0,18,0.04,0,0,1.8156225369032697,8-30 days,Low,0
CLM104881,47,6.6,Motor,10595.79,26227.9,0,5,2.0,1,15,0.397,0,0,2.475313308398902,2-7 days,Medium,0
CLM104882,58,14.2,Motor,5970.14,22510.29,0,19,6.0,1,20,0.18,1,0,3.7704794192430997,8-30 days,Medium,0
CLM104883,51,7.1,Motor,14875.6,67838.22,0,22,6.0,6,1,0.175,1,0,4.560368657398693,8-30 days,Very High,1
CLM104884,54,13.1,Travel,10033.43,52015.46,1,23,5.0,5,7,0.339,1,0,5.184215168691066,8-30 days,Very High,1
CLM104885,23,12.2,Motor,9403.17,16735.99,1,8,3.0,1,13,0.212,0,0,1.7798242507579891,8-30 days,Low,0
CLM104886,24,14.7,Personal,8784.04,23092.11,2,20,1.0,0,5,0.021,0,0,2.628871225540867,8-30 days,Medium,0
CLM104887,49,13.9,Motor,8423.46,42201.29,3,8,3.0,4,11,0.338,0,0,5.0099709620512245,8-30 days,High,1
CLM104888,49,13.5,Personal,4800.79,45829.27,0,7,6.0,0,23,0.089,0,0,9.546193438996498,2-7 days,High,1
CLM104889,70,11.0,Personal,9695.93,68283.45,0,16,1.0,0,0,0.186,1,0,7.042485867781636,8-30 days,Very High,1
CLM104890,42,5.6,Home,20219.49,26691.02,0,23,4.0,2,17,0.15,0,0,1.3200639580919202,8-30 days,Medium,0
CLM104891,50,1.8,Motor,11604.42,31550.91,2,7,4.0,2,22,0.094,0,0,2.718870051239097,2-7 days,High,0
CLM104892,72,10.4,Home,10353.98,7367.8,1,28,3.0,2,6,0.36,0,0,0.7115910983022954,8-30 days,Low,0
CLM104893,75,14.7,Home,4260.26,12177.09,0,22,6.0,1,11,0.118,0,0,2.858297380911024,8-30 days,Low,0
CLM104894,24,11.0,Personal,13857.5,55453.81,3,0,3.0,2,11,0.129,0,0,4.001718203139094,0-1 days,Very High,1
CLM104895,69,13.9,Home,12197.03,12345.77,1,21,3.0,1,5,0.322,0,0,1.0121947720059719,8-30 days,Low,0
CLM104896,74,12.1,Motor,14373.82,7968.53,0,17,5.0,1,22,0.042,0,0,0.554378028944289,8-30 days,Low,0
CLM104897,29,2.6,Personal,5659.47,49837.1,0,14,6.0,2,19,0.233,0,0,8.805965929671858,8-30 days,Very High,1
CLM104898,33,3.9,Personal,7100.22,20825.52,1,21,2.0,2,1,0.47,0,0,2.9330809467875643,8-30 days,Medium,0
CLM104899,33,5.3,Home,4355.63,15425.76,0,26,3.0,2,10,0.296,0,0,3.541568039525855,8-30 days,Low,0
CLM104900,60,2.7,Personal,4193.52,9234.64,2,15,4.0,3,15,0.214,0,0,2.202121368206184,8-30 days,Low,0
CLM104901,70,8.8,Home,6556.47,9284.37,0,1,6.0,0,0,0.437,1,0,1.416062301817899,0-1 days,Low,0
CLM104902,53,14.6,Home,10491.45,20030.63,2,30,6.0,1,5,0.203,0,0,1.9092337093538072,8-30 days,Medium,0
CLM104903,30,11.5,Home,7047.53,25185.32,1,12,6.0,2,9,0.159,0,0,3.5736378560999387,8-30 days,Medium,0
CLM104904,24,6.5,Travel,6289.93,28465.055,4,1,4.0,6,8,0.011,0,0,4.525496309179911,0-1 days,Medium,1
CLM104905,53,0.3,Motor,9902.75,25340.65,0,13,3.0,0,9,0.316,0,0,2.558950796495923,8-30 days,Medium,0
CLM104906,64,4.8,Home,1976.04,22012.4,1,6,6.0,2,17,0.507,0,1,11.13965304346066,2-7 days,Medium,1
CLM104907,68,8.0,Home,6659.07,22537.33,3,10,6.0,0,17,0.162,1,0,3.384456087711948,8-30 days,Medium,0
CLM104908,26,5.0,Motor,9897.68,5169.32,1,14,3.0,2,8,0.045,0,0,0.5222759272880109,8-30 days,Low,0
CLM104909,49,1.8,Motor,7088.85,19388.49,0,25,4.0,1,12,0.166,0,0,2.7350684525698807,8-30 days,Medium,0
CLM104910,28,6.8,Travel,15251.96,45067.76,1,30,5.0,2,9,0.04,0,0,2.954883175670537,8-30 days,High,0
CLM104911,25,3.9,Home,6312.2,29887.64,1,16,6.0,0,8,0.308,1,0,4.734900668546624,8-30 days,High,1
CLM104912,50,13.7,Motor,6511.68,50100.63,2,30,1.0,1,3,0.279,0,0,7.693963769718413,8-30 days,Very High,1
CLM104913,40,1.7,Personal,5453.98,63033.73,1,20,4.0,0,14,0.245,0,0,11.557381948595339,8-30 days,Very High,1
CLM104914,42,0.9,Personal,6044.22,8152.49,1,16,1.0,7,23,0.474,0,0,1.3488076211653446,8-30 days,Low,0
CLM104915,73,0.3,Motor,9628.44,17191.49,3,14,3.0,2,7,0.232,0,0,1.785490692157816,8-30 days,Low,0
CLM104916,25,5.1,Motor,12227.82,59456.99,5,15,2.0,1,1,0.094,0,0,4.862435822575079,8-30 days,Very High,1
CLM104917,62,10.0,Personal,22416.09,30291.56,2,8,3.0,1,3,0.004,0,0,1.3513311197447906,8-30 days,High,0
CLM104918,39,11.0,Personal,11022.11,25030.33,1,20,3.0,4,5,0.256,0,0,2.2709199962620588,8-30 days,Medium,0
CLM104919,21,6.9,Motor,5003.0,60791.15,0,20,3.0,0,19,0.0,1,0,12.150939436338197,8-30 days,Very High,1
CLM104920,57,10.3,Motor,14862.02,15462.64,2,19,6.0,1,6,0.299,0,0,1.0404130797832327,8-30 days,Low,0
CLM104921,20,5.5,Motor,10583.32,16176.48,1,18,4.0,2,12,0.103,0,0,1.528488224867055,8-30 days,Low,0
CLM104922,46,10.1,Home,8610.46,15399.43,3,23,4.0,0,4,0.147,0,0,1.7884561335863591,8-30 days,Low,0
CLM104923,58,0.8,Motor,13740.6,10330.15,1,22,2.0,0,3,0.342,0,0,0.7517975925359882,8-30 days,Low,0
CLM104924,46,6.0,Home,24671.42,23711.4,0,8,1.0,1,21,0.271,1,0,0.9610877687623981,8-30 days,Medium,0
CLM104925,51,11.9,Motor,7806.99,32056.31,1,5,1.0,0,5,0.308,1,0,4.106103632770121,2-7 days,High,1
CLM104926,51,12.1,Personal,5842.92,12796.53,0,0,1.0,2,4,0.069,0,0,2.1900915980365983,0-1 days,Low,0
CLM104927,45,10.8,Motor,15446.92,25837.53,0,30,3.0,4,21,0.393,1,0,1.672665489301427,8-30 days,Medium,0
CLM104928,30,3.2,Home,28089.8,17881.63,0,4,2.0,1,4,0.477,0,0,0.6365880141546042,2-7 days,Medium,0
CLM104929,32,3.9,Personal,9072.65,26433.23,1,4,3.0,1,6,0.024,1,0,2.9135070789681077,2-7 days,Medium,0
CLM104930,40,14.9,Motor,8619.06,82726.3,1,22,2.0,1,4,0.243,1,0,9.598065218248859,8-30 days,Very High,1
CLM104931,61,1.7,Motor,9184.52,29867.35,1,30,5.0,4,3,0.117,0,0,3.2519228005382965,8-30 days,High,0
CLM104932,43,2.9,Travel,10404.77,28465.055,2,25,4.0,4,8,0.114,0,0,2.735769747913697,8-30 days,Medium,0
CLM104933,21,2.1,Motor,4509.8,129107.51,0,0,6.0,1,4,0.224,0,0,28.628211894097298,0-1 days,Very High,1
CLM104934,43,5.0,Personal,9754.42,19137.98,2,0,6.0,2,21,0.086,0,0,1.9619803125147368,0-1 days,Medium,0
CLM104935,57,3.3,Motor,9613.05,44335.31,0,28,6.0,0,1,0.152,0,0,4.611992031665288,8-30 days,High,1
CLM104936,26,7.6,Motor,9367.39,18798.85,0,21,3.0,0,16,0.497,0,0,2.0068396853339086,8-30 days,Medium,0
CLM104937,72,7.2,Personal,9163.41,50477.05,3,5,5.0,1,18,0.026,0,0,5.5085443082869805,2-7 days,Very High,1
CLM104938,22,13.5,Home,8876.35,14205.31,2,8,1.0,2,6,0.234,0,0,1.6003548755963881,8-30 days,Low,0
CLM104939,73,0.7,Travel,3301.82,21781.63,2,18,6.0,2,16,0.548,0,0,6.5968556735376245,8-30 days,Medium,1
CLM104940,49,4.9,Motor,6144.74,18381.54,0,27,5.0,0,16,0.188,1,0,2.9914268138277618,8-30 days,Medium,0
CLM104941,37,9.0,Motor,12493.42,12801.08,0,4,6.0,3,15,0.295,0,0,1.024625763001644,2-7 days,Low,0
CLM104942,67,9.2,Personal,13884.43,5682.87,2,20,4.0,1,7,0.059,1,0,0.40929804104309647,8-30 days,Low,0
CLM104943,28,7.3,Motor,7027.12,38007.75,0,16,6.0,2,18,0.04,1,0,5.408723630733501,8-30 days,High,1
CLM104944,32,12.3,Motor,5526.92,17367.0,1,30,4.0,2,17,0.034,0,0,3.142256446628502,8-30 days,Medium,0
CLM104945,49,1.1,Motor,11736.46,22839.31,0,21,6.0,0,23,0.195,0,0,1.9460135338935252,8-30 days,Medium,0
CLM104946,45,12.3,Motor,9610.36,25408.25,0,19,6.0,3,12,0.473,0,0,2.6438395648029833,8-30 days,Medium,0
CLM104947,39,7.5,Travel,8045.68,9325.97,0,11,4.0,3,13,0.282,0,0,1.159127631225701,8-30 days,Low,0
CLM104948,58,2.2,Personal,12527.18,20851.87,1,5,6.0,3,17,0.207,0,0,1.6645302454343274,2-7 days,Medium,0
CLM104949,34,13.3,Home,5001.01,28465.055,0,28,5.0,3,12,0.114,0,0,5.691861244028706,8-30 days,Medium,1
CLM104950,43,9.8,Home,14332.05,19836.16,2,12,1.0,1,9,0.101,0,0,1.3840420595797531,8-30 days,Medium,0
CLM104951,61,2.6,Home,4323.88,86129.6,0,23,3.0,2,13,0.046,0,0,19.919516730344043,8-30 days,Very High,1
CLM104952,24,0.7,Home,5863.3,18704.61,0,7,6.0,1,22,0.066,0,0,3.1901164873023724,2-7 days,Medium,0
CLM104953,59,2.3,Travel,5321.01,11840.72,3,28,1.0,1,22,0.261,0,0,2.2252767801601574,8-30 days,Low,0
CLM104954,74,9.2,Motor,6540.15,19386.61,2,2,2.0,2,9,0.569,1,0,2.9642454683761077,2-7 days,Medium,0
CLM104955,43,2.9,Motor,9755.21,90785.38,1,24,2.0,3,5,0.186,0,0,9.306348095017945,8-30 days,Very High,1
CLM104956,42,3.5,Personal,11534.67,19991.7,1,10,3.0,2,16,0.098,0,1,1.7331835241060214,8-30 days,Medium,0
CLM104957,27,0.6,Motor,8193.75,8756.48,3,28,6.0,0,16,0.057,0,0,1.0686779557589625,8-30 days,Low,0
CLM104958,62,10.9,Motor,4783.35,7120.42,0,19,6.0,1,10,0.046,0,0,1.4885843603332392,8-30 days,Low,0
CLM104959,36,12.2,Home,3455.08,20662.23,1,0,4.0,0,18,0.546,0,0,5.980246477650301,0-1 days,Medium,1
CLM104960,28,12.0,Travel,12440.21,51526.93,0,24,3.0,0,12,0.326,0,0,4.14196625298126,8-30 days,Very High,1
CLM104961,30,2.1,Home,11766.18,38977.0,2,13,5.0,0,11,0.246,0,0,3.312629927470088,8-30 days,High,0
CLM104962,70,13.6,Motor,13762.66,63788.07,4,28,6.0,1,11,0.363,0,0,4.6348649171017815,8-30 days,Very High,1
CLM104963,25,10.1,Personal,8008.18,44840.26,1,20,4.0,1,3,0.293,0,0,5.599307208379432,8-30 days,High,1
CLM104964,57,13.5,Travel,11481.49,28236.67,1,28,3.0,5,15,0.167,0,0,2.4593210463101913,8-30 days,Medium,0
CLM104965,21,6.8,Personal,6374.28,3864.13,1,23,3.0,1,22,0.014,0,0,0.6062065048915329,8-30 days,Low,0
CLM104966,64,6.7,Motor,10552.18,79110.14,0,12,5.0,0,0,0.365,1,0,7.497042317322108,8-30 days,Very High,1
CLM104967,48,11.8,Motor,6849.74,9389.74,2,14,5.0,1,19,0.528,0,0,1.3708169945136603,8-30 days,Low,0
CLM104968,45,1.6,Motor,5892.34,158405.65,2,22,1.0,2,21,0.395,0,0,26.883318002695024,8-30 days,Very High,1
CLM104969,28,7.9,Motor,9435.37,15753.81,1,20,2.0,2,13,0.173,0,0,1.6696547141235583,8-30 days,Low,0
CLM104970,60,12.6,Motor,9216.2,16250.82,1,7,3.0,0,12,0.264,0,0,1.7632885571059653,2-7 days,Low,0
CLM104971,18,12.5,Motor,12810.84,18776.19,2,14,3.0,0,21,0.029,1,0,1.4656486225727585,8-30 days,Medium,0
CLM104972,66,14.4,Home,4768.4,28289.34,1,12,3.0,1,6,0.25,0,0,5.932669239157789,8-30 days,Medium,1
CLM104973,64,10.5,Home,12900.52,10015.32,2,0,4.0,3,5,0.222,0,0,0.7763501006160991,0-1 days,Low,0
CLM104974,69,3.3,Travel,9011.65,14419.59,1,10,2.0,2,0,0.182,0,0,1.600105419096392,8-30 days,Low,0
CLM104975,55,0.5,Motor,13744.62,56434.21,1,19,4.0,4,18,0.289,0,0,4.10591271348353,8-30 days,Very High,1
CLM104976,41,7.3,Motor,13680.92,76552.89,0,14,2.0,3,0,0.207,0,0,5.5955951792715695,8-30 days,Very High,1
CLM104977,71,7.8,Motor,2843.32,12222.6,2,20,4.0,1,21,0.274,1,0,4.298707145168324,8-30 days,Low,1
CLM104978,74,3.8,Motor,13625.61,35958.29,1,3,4.0,0,22,0.084,0,0,2.6390223997310946,2-7 days,High,0
CLM104979,64,2.0,Motor,13900.81,18909.02,0,5,3.0,2,14,0.072,0,0,1.3602818828543086,2-7 days,Medium,0
CLM104980,48,8.9,Home,4825.07,40804.32,0,24,5.0,0,11,0.157,0,0,8.456731197682107,8-30 days,High,1
CLM104981,58,11.5,Personal,4208.98,14283.73,1,11,3.0,0,14,0.23,0,0,3.3936321864204633,8-30 days,Low,0
CLM104982,63,14.9,Travel,12045.51,48450.74,1,0,1.0,1,2,0.248,0,0,4.022307067114634,0-1 days,Very High,1
CLM104983,67,11.4,Home,8945.86,25336.63,1,9,5.0,3,9,0.146,1,0,2.8322184787152938,8-30 days,Medium,0
CLM104984,43,11.9,Personal,6366.04,19355.62,1,26,3.0,1,0,0.162,0,0,3.040449007546292,8-30 days,Medium,0
CLM104985,66,9.3,Home,16240.67,27227.62,0,17,5.0,2,0,0.196,0,0,1.6765084199112474,8-30 days,Medium,0
CLM104986,67,14.8,Travel,9739.69,82723.86,1,0,5.0,0,22,0.351,1,0,8.49347977194346,0-1 days,Very High,1
CLM104987,22,9.7,Home,3324.77,26084.39,2,6,5.0,2,20,0.208,0,0,7.845472017613249,2-7 days,Medium,1
CLM104988,37,12.9,Home,5377.12,34672.3,2,29,4.0,0,15,0.153,0,0,6.448117207724582,8-30 days,High,1
CLM104989,69,14.2,Travel,13587.06,29952.74,0,1,5.0,1,4,0.132,0,0,2.204504874490876,0-1 days,High,0
CLM104990,58,14.0,Motor,8638.04,30050.0,1,24,4.0,0,4,0.057,0,0,3.478798431125579,8-30 days,High,0
CLM104991,28,5.8,Home,6148.36,69805.02,0,7,6.0,0,10,0.496,0,0,11.353437339388066,2-7 days,Very High,1
CLM104992,73,1.4,Personal,10419.56,52271.71,2,25,5.0,2,10,0.076,1,0,5.016690723984507,8-30 days,Very High,1
CLM104993,71,2.7,Travel,6466.28,10095.88,1,0,4.0,0,11,0.074,0,0,1.5613119134958584,0-1 days,Low,0
CLM104994,50,1.1,Motor,4849.48,42253.8,0,18,5.0,2,20,0.152,0,0,8.71305789486708,8-30 days,High,1
CLM104995,67,1.8,Motor,13431.28,93817.47,1,5,1.0,4,17,0.185,0,0,6.984998451376191,2-7 days,Very High,1
CLM104996,55,2.9,Travel,14374.49,23514.75,2,10,3.0,3,13,0.36,0,1,1.6358667333588879,8-30 days,Medium,0
CLM104997,44,5.2,Personal,10554.76,53155.94,1,18,6.0,2,0,0.157,0,1,5.03620546559088,8-30 days,Very High,1
CLM104998,51,8.2,Motor,4260.96,28465.055,2,24,5.0,1,20,0.139,0,0,6.680432343884946,8-30 days,Medium,1
CLM104999,32,10.7,Personal,19543.55,13566.49,0,27,1.0,2,7,0.057,1,0,0.6941671293086465,8-30 days,Low,0
CLM105000,49,3.3,Personal,19245.61,168746.31,1,9,3.0,1,2,0.06,0,0,8.768041646900254,8-30 days,Very High,1
CLM105001,75,10.2,Motor,15073.48,49632.69,2,30,2.0,0,17,0.032,1,0,3.292716081488814,8-30 days,Very High,0
CLM105002,38,10.6,Personal,9745.0,32979.51,1,15,6.0,4,20,0.268,0,0,3.3842493586454596,8-30 days,High,0
CLM105003,63,8.5,Motor,8855.6,111349.75,0,15,3.0,4,22,0.253,0,0,12.573936266317357,8-30 days,Very High,1
CLM105004,22,13.6,Home,10348.53,12172.17,1,9,5.0,3,19,0.334,0,0,1.1762221300996372,8-30 days,Low,0
CLM105005,23,1.8,Home,5085.27,72538.06,1,17,2.0,1,1,0.153,0,0,14.264347812407205,8-30 days,Very High,1
CLM105006,55,2.8,Home,6651.37,14718.13,1,21,3.0,2,8,0.422,0,0,2.2127967621708007,8-30 days,Low,0
CLM105007,39,6.5,Travel,6528.98,30059.8,3,17,3.0,3,21,0.032,0,0,4.6040576016468115,8-30 days,High,1
CLM105008,35,2.1,Motor,11170.68,8277.71,3,2,5.0,0,18,0.11,1,0,0.7410211374777542,2-7 days,Low,0
CLM105009,31,8.6,Personal,9499.56,20999.39,0,11,1.0,0,11,0.163,1,0,2.2105644893026626,8-30 days,Medium,0
CLM105010,27,6.1,Travel,5522.53,75561.36,0,9,5.0,1,10,0.162,1,0,13.682381082583527,8-30 days,Very High,1
CLM105011,63,4.4,Travel,4151.2,19091.83,0,27,1.0,1,0,0.048,1,0,4.599111100404703,8-30 days,Medium,1
CLM105012,30,2.7,Motor,9975.14,40528.75,0,15,5.0,2,15,0.021,0,0,4.062975557235287,8-30 days,High,1
CLM105013,48,5.2,Motor,5267.84,19436.31,2,24,1.0,0,0,0.196,1,0,3.689616617057466,8-30 days,Medium,0
CLM105014,47,9.2,Home,4831.76,38675.26,1,8,4.0,2,23,0.431,0,0,8.004383495869,8-30 days,High,1
CLM105015,20,8.7,Personal,21834.26,48950.05,1,29,1.0,0,19,0.183,0,0,2.2418918708488405,8-30 days,Very High,0
CLM105016,47,2.6,Motor,24032.9,16838.04,0,17,1.0,0,8,0.122,0,0,0.7006245604983169,8-30 days,Low,0
CLM105017,23,2.0,Personal,6944.83,14631.26,0,12,3.0,1,4,0.053,0,0,2.106784471326152,8-30 days,Low,0
CLM105018,46,0.6,Travel,3741.65,20708.27,1,23,2.0,2,4,0.195,0,0,5.534528884315743,8-30 days,Medium,1
CLM105019,25,0.4,Travel,14657.5,20372.33,2,13,5.0,2,7,0.155,1,0,1.3898911819887432,8-30 days,Medium,0
CLM105020,61,13.2,Home,9887.9,6136.11,2,18,3.0,2,22,0.457,0,0,0.620567562374215,8-30 days,Low,0
CLM105021,62,0.9,Home,12020.02,35995.87,0,13,2.0,2,23,0.102,0,0,2.994659742662658,8-30 days,High,0
CLM105022,60,11.0,Travel,6388.04,37279.02,2,1,3.0,2,13,0.13,0,0,5.835752437367329,0-1 days,High,1
CLM105023,61,13.1,Motor,5327.23,7276.84,1,10,6.0,2,3,0.302,0,0,1.3659706827000149,8-30 days,Low,0
CLM105024,50,1.7,Personal,7631.79,52532.12,1,25,3.0,2,11,0.286,1,0,6.883328812768696,8-30 days,Very High,1
CLM105025,34,6.7,Home,9193.49,20746.45,0,7,5.0,0,1,0.013,0,0,2.2566457351887044,2-7 days,Medium,0
CLM105026,65,14.4,Travel,6116.04,28465.055,2,2,6.0,2,5,0.265,0,0,4.654164295851564,2-7 days,Medium,1
CLM105027,28,12.5,Travel,15234.44,23244.18,2,14,4.0,3,13,0.374,1,0,1.5257653054526454,8-30 days,Medium,0
CLM105028,30,7.4,Motor,3889.31,35756.92,0,12,3.0,2,12,0.411,0,0,9.193641031442596,8-30 days,High,1
CLM105029,67,11.5,Motor,10218.83,30571.9,0,7,5.0,3,22,0.017,0,0,2.9917221443159345,2-7 days,High,0
CLM105030,28,12.5,Travel,8996.94,54087.57,2,12,1.0,0,21,0.175,0,0,6.011774003161074,8-30 days,Very High,1
CLM105031,48,5.4,Motor,14710.12,28040.02,0,15,2.0,1,2,0.006,1,0,1.9061720774541608,8-30 days,Medium,0
CLM105032,45,13.4,Home,5520.08,49288.87,2,21,5.0,2,18,0.317,0,0,8.929013709946233,8-30 days,Very High,1
CLM105033,61,7.2,Motor,11677.8,81515.53,1,0,4.0,2,4,0.205,0,0,6.980384147699053,0-1 days,Very High,1
CLM105034,23,8.0,Motor,10535.64,26329.61,1,29,5.0,0,22,0.372,0,0,2.4990992478862224,8-30 days,Medium,0
CLM105035,58,15.0,Motor,9487.06,22980.49,1,1,5.0,2,17,0.266,0,0,2.422298372730857,0-1 days,Medium,0
CLM105036,33,12.7,Personal,5703.68,42698.67,1,12,1.0,0,11,0.035,0,0,7.486161565866247,8-30 days,High,1
CLM105037,21,5.6,Home,6002.43,5969.61,2,28,2.0,1,10,0.193,0,0,0.9945322144531463,8-30 days,Low,0
CLM105038,52,0.4,Home,7438.92,14535.98,1,13,6.0,0,3,0.06,1,0,1.9540444042952472,8-30 days,Low,0
CLM105039,65,9.5,Personal,6779.27,14159.19,0,1,2.0,0,11,0.008,1,0,2.0886009850618135,0-1 days,Low,0
CLM105040,73,10.6,Motor,14986.01,42365.1,3,15,4.0,2,23,0.098,0,0,2.826976626867325,8-30 days,High,0
CLM105041,43,9.8,Motor,9034.65,31336.64,0,13,6.0,3,18,0.211,0,0,3.4684951824365085,8-30 days,High,0
CLM105042,74,14.5,Travel,12154.61,72478.57,0,6,6.0,3,6,0.025,0,1,5.963051879081271,2-7 days,Very High,1
CLM105043,29,13.0,Travel,4423.99,69290.87,0,21,2.0,2,9,0.2,0,0,15.66252862235222,8-30 days,Very High,1
CLM105044,28,6.8,Motor,3710.55,6432.58,2,13,1.0,2,18,0.036,0,0,1.7335920550861732,8-30 days,Low,0
CLM105045,54,1.1,Personal,7846.37,7903.28,3,17,4.0,0,23,0.124,0,0,1.007253035480101,8-30 days,Low,0
CLM105046,42,7.2,Personal,4781.99,28823.5,2,16,1.0,2,22,0.466,0,0,6.027511558995314,8-30 days,High,1
CLM105047,35,10.4,Motor,8653.92,8775.82,2,4,1.0,1,0,0.115,0,0,1.0140861020208183,2-7 days,Low,0
CLM105048,36,9.2,Motor,5816.33,6379.08,0,10,6.0,2,15,0.148,0,0,1.096753451059345,8-30 days,Low,0
CLM105049,40,8.2,Personal,9755.68,16098.76,2,17,5.0,2,3,0.122,1,0,1.6501935282830105,8-30 days,Low,0
CLM105050,72,7.1,Motor,5976.23,5861.64,0,15,5.0,3,22,0.262,1,0,0.9808257044993249,8-30 days,Low,0
CLM105051,55,4.5,Motor,10941.25,12954.72,0,25,5.0,0,11,0.206,0,0,1.1840255912258653,8-30 days,Low,0
CLM105052,71,4.3,Travel,5717.98,47739.27,3,9,6.0,2,12,0.323,0,0,8.3489746378966,8-30 days,Very High,1
CLM105053,35,7.6,Motor,3673.44,19446.99,1,5,3.0,0,20,0.225,0,0,5.293945184894813,2-7 days,Medium,1
CLM105054,43,2.6,Home,12475.7,28465.055,0,13,1.0,1,2,0.176,0,0,2.2816399079811154,8-30 days,Medium,0
CLM105055,23,5.2,Motor,6014.29,18285.09,1,1,2.0,1,15,0.342,0,0,3.0402740805647883,0-1 days,Medium,0
CLM105056,21,5.0,Home,15763.43,42395.32,2,28,4.0,1,1,0.12,0,0,2.6894730398143043,8-30 days,High,0
CLM105057,61,8.9,Home,6368.66,18823.8,0,26,3.0,2,8,0.171,1,0,2.9556924062518646,8-30 days,Medium,0
CLM105058,68,1.2,Motor,5870.09,23811.01,0,8,5.0,2,5,0.14,0,0,4.05632792682906,8-30 days,Medium,1
CLM105059,46,12.5,Motor,7480.16,20863.54,0,27,6.0,3,9,0.399,1,0,2.789183653825587,8-30 days,Medium,0
CLM105060,51,8.5,Home,6605.43,42492.51,1,12,3.0,1,16,0.234,0,0,6.432966513913553,8-30 days,High,1
CLM105061,34,10.1,Personal,8996.56,48209.42,3,20,6.0,1,4,0.191,0,0,5.358650417492909,8-30 days,Very High,1
CLM105062,60,10.6,Personal,10188.22,131409.83,2,22,3.0,2,11,0.168,0,0,12.898212837963843,8-30 days,Very High,1
CLM105063,60,4.5,Motor,10907.95,28314.11,0,19,1.0,1,22,0.237,0,0,2.5957315535916465,8-30 days,Medium,0
CLM105064,70,7.2,Travel,8178.34,42228.21,1,11,1.0,2,7,0.292,1,0,5.163420694175102,8-30 days,High,1
CLM105065,33,14.4,Travel,4326.35,12963.24,0,1,6.0,3,20,0.327,0,0,2.9963456493348892,0-1 days,Low,0
CLM105066,19,11.5,Travel,18460.14,46897.45,0,2,2.0,2,11,0.148,0,0,2.540470982343579,2-7 days,High,0
CLM105067,51,14.5,Home,7198.49,28534.95,0,12,4.0,1,11,0.284,0,0,3.9640188428406513,8-30 days,High,0
CLM105068,72,11.2,Motor,7031.49,3801.89,0,20,4.0,0,9,0.253,1,0,0.5406947887289891,8-30 days,Low,0
CLM105069,25,2.8,Travel,8166.75,14594.09,1,0,5.0,1,12,0.145,1,0,1.787013193742921,0-1 days,Low,0
CLM105070,30,1.2,Motor,7557.01,5911.76,1,27,2.0,1,0,0.36,0,0,0.7822882330445506,8-30 days,Low,0
CLM105071,59,8.7,Motor,3868.99,16093.48,0,19,4.0,1,1,0.154,1,0,4.159607546155457,8-30 days,Low,1
CLM105072,25,5.5,Home,11009.96,35238.57,0,28,3.0,3,19,0.218,0,0,3.2006083582501663,8-30 days,High,0
CLM105073,47,4.3,Personal,5876.0,22379.41,1,3,3.0,1,14,0.08,0,0,3.8086130020422058,2-7 days,Medium,0
CLM105074,49,12.1,Motor,7347.41,44445.24,1,17,4.0,3,9,0.292,0,0,6.049103017253699,8-30 days,High,1
CLM105075,53,5.6,Home,18760.79,4814.34,2,24,3.0,2,0,0.238,0,0,0.2566171253982375,8-30 days,Low,0
CLM105076,64,4.9,Motor,13001.77,57451.28,1,12,6.0,1,19,0.087,0,0,4.418727604010838,8-30 days,Very High,1
CLM105077,47,12.8,Personal,17558.8,33662.73,2,5,3.0,0,21,0.07,0,0,1.9171429710458576,2-7 days,High,0
CLM105078,18,12.7,Home,6267.71,10842.35,1,24,6.0,0,21,0.407,0,0,1.7298742283864441,8-30 days,Low,0
CLM105079,60,5.5,Motor,11805.7,27481.21,1,5,5.0,0,17,0.308,0,0,2.3277916599608663,2-7 days,Medium,0
CLM105080,56,12.5,Motor,10191.3,144817.45,0,14,3.0,2,0,0.127,0,0,14.209909432555222,8-30 days,Very High,1
CLM105081,34,12.8,Motor,8293.61,84026.04,0,17,6.0,2,11,0.129,0,0,10.131419249277455,8-30 days,Very High,1
CLM105082,37,6.5,Motor,6063.56,98531.75,1,16,4.0,0,7,0.038,0,0,16.249818588420002,8-30 days,Very High,1
CLM105083,41,1.2,Motor,13847.96,23867.8,3,13,1.0,2,8,0.047,0,0,1.7235607266341035,8-30 days,Medium,0
CLM105084,67,0.2,Home,6744.42,65664.23,0,3,3.0,1,22,0.212,0,0,9.736082568997778,2-7 days,Very High,1
CLM105085,39,7.9,Motor,9037.6,74804.2,2,28,4.0,2,19,0.443,0,0,8.276998318137558,8-30 days,Very High,1
CLM105086,46,5.3,Travel,12819.5,12797.99,0,0,3.0,1,1,0.13,0,0,0.9983220874449081,0-1 days,Low,0
CLM105087,39,15.0,Motor,5476.9,73714.53,0,7,2.0,0,15,0.185,0,0,13.459170333582867,2-7 days,Very High,1
CLM105088,61,11.6,Home,5207.92,62198.13,2,10,6.0,2,22,0.063,0,0,11.942988755587642,8-30 days,Very High,1
CLM105089,26,11.5,Motor,26372.28,16904.36,3,12,5.0,0,21,0.165,0,0,0.6409897058578174,8-30 days,Low,0
CLM105090,54,14.3,Motor,5772.12,30033.27,1,16,1.0,1,13,0.235,0,0,5.203161056942683,8-30 days,High,1
CLM105091,27,13.3,Home,17594.69,77544.4,1,20,6.0,3,22,0.484,0,0,4.407261509012094,8-30 days,Very High,1
CLM105092,53,4.9,Motor,8299.66,26808.79,1,13,3.0,4,0,0.368,0,0,3.2301070164319987,8-30 days,Medium,0
CLM105093,54,2.7,Personal,7017.61,54312.76,0,24,4.0,1,13,0.368,0,0,7.7394953552562775,8-30 days,Very High,1
CLM105094,45,11.2,Home,7338.06,19660.78,2,16,1.0,2,19,0.107,0,0,2.6792885313011885,8-30 days,Medium,0
CLM105095,45,5.8,Home,8265.32,12317.1,2,19,3.0,2,16,0.034,0,0,1.4902145349484353,8-30 days,Low,0
CLM105096,59,7.2,Motor,15519.96,11391.82,1,23,2.0,0,22,0.18,1,0,0.7340109123992588,8-30 days,Low,0
CLM105097,60,9.5,Motor,11944.98,22674.89,2,23,4.0,0,5,0.083,1,0,1.8982777702432319,8-30 days,Medium,0
CLM105098,38,13.6,Home,7727.92,38897.76,0,0,5.0,1,7,0.109,0,0,5.033406142920734,0-1 days,High,1
CLM105099,41,6.4,Home,3670.92,7495.34,0,7,3.0,1,17,0.224,0,0,2.0418151308118944,2-7 days,Low,0
CLM105100,59,11.8,Motor,8579.23,118734.29,0,26,4.0,2,7,0.283,0,1,13.839737365707645,8-30 days,Very High,1
CLM105101,57,4.2,Motor,9023.59,62367.04,2,27,3.0,3,7,0.373,0,0,6.911555157093796,8-30 days,Very High,1
CLM105102,19,10.5,Motor,14975.25,41163.67,0,18,5.0,1,1,0.262,0,0,2.748780153920636,8-30 days,High,0
CLM105103,72,0.2,Home,4386.4,51626.9,1,29,2.0,3,15,0.204,0,0,11.769765639248588,8-30 days,Very High,1
CLM105104,25,13.1,Motor,6807.23,17226.37,1,10,6.0,1,12,0.05,0,0,2.530599083621385,8-30 days,Low,0
CLM105105,65,0.6,Home,6711.25,9256.37,0,22,5.0,4,13,0.374,0,0,1.3792318867573106,8-30 days,Low,0
CLM105106,44,10.7,Motor,8288.93,38076.12,0,9,3.0,5,6,0.186,0,0,4.5936109968355385,8-30 days,High,1
CLM105107,39,0.9,Motor,8855.48,61271.7,0,26,5.0,1,2,0.112,0,0,6.919071580535443,8-30 days,Very High,1
CLM105108,54,4.1,Motor,10353.77,19333.82,1,0,6.0,3,20,0.316,0,0,1.8673217581615198,0-1 days,Medium,0
CLM105109,44,7.6,Home,3623.28,13791.77,0,4,1.0,3,7,0.198,1,0,3.806432293391623,2-7 days,Low,0
CLM105110,74,6.4,Motor,9188.07,18647.38,2,15,4.0,1,0,0.361,0,0,2.0295208895883468,8-30 days,Medium,0
CLM105111,46,3.0,Motor,9493.51,40167.75,0,19,3.0,2,16,0.142,0,0,4.231074702612627,8-30 days,High,1
CLM105112,20,5.1,Motor,8792.37,43976.83,0,19,6.0,2,7,0.148,1,0,5.001703749955928,8-30 days,High,1
CLM105113,61,11.0,Motor,7847.06,108821.98,2,27,2.0,3,5,0.074,0,0,13.867866436601732,8-30 days,Very High,1
CLM105114,30,10.1,Motor,1824.21,39132.84,0,4,3.0,1,18,0.106,0,0,21.451938099231995,2-7 days,High,1
CLM105115,62,1.3,Travel,10976.22,14990.41,0,15,1.0,1,10,0.186,0,0,1.3657169772471762,8-30 days,Low,0
CLM105116,27,11.3,Personal,5485.59,22402.37,2,2,2.0,1,7,0.607,0,0,4.083857889488642,2-7 days,Medium,1
CLM105117,53,1.0,Motor,11203.61,12766.13,1,29,1.0,0,7,0.251,0,0,1.1394657614822363,8-30 days,Low,0
CLM105118,26,8.2,Personal,14918.94,64222.12,2,22,3.0,1,9,0.101,0,0,4.304737467943433,8-30 days,Very High,1
CLM105119,71,4.0,Motor,3998.1,12131.59,1,1,2.0,3,9,0.136,0,0,3.0343388109351945,0-1 days,Low,0
CLM105120,73,8.9,Motor,11051.13,18321.29,0,16,6.0,2,21,0.172,0,0,1.657865756714472,8-30 days,Medium,0
CLM105121,72,4.1,Personal,4874.71,40176.24,1,21,3.0,4,22,0.127,0,0,8.241770279667918,8-30 days,High,1
CLM105122,44,14.8,Personal,8339.37,92635.84,1,27,4.0,2,12,0.307,1,0,11.108253980816295,8-30 days,Very High,1
CLM105123,51,4.8,Personal,8031.66,238494.72,0,0,1.0,2,21,0.04,1,0,29.694324709960334,0-1 days,Very High,1
CLM105124,68,3.8,Motor,11946.69,10246.39,1,15,4.0,1,2,0.185,0,0,0.8576760592264467,8-30 days,Low,0
CLM105125,18,4.3,Motor,11174.46,45168.69,0,26,4.0,2,16,0.473,0,0,4.042136264302705,8-30 days,High,1
CLM105126,49,13.5,Home,9564.12,27520.97,2,22,3.0,1,20,0.347,1,0,2.877522448484544,8-30 days,Medium,0
CLM105127,42,9.6,Home,4057.45,23225.06,0,23,3.0,1,21,0.507,0,0,5.724053284698518,8-30 days,Medium,1
CLM105128,46,11.0,Motor,2741.21,22647.42,1,29,5.0,1,14,0.159,0,0,8.261833278004968,8-30 days,Medium,1
CLM105129,24,13.8,Personal,12814.7,11091.76,2,30,5.0,1,5,0.078,0,0,0.8655497202431582,8-30 days,Low,0
CLM105130,66,13.7,Home,11893.32,97739.3,1,1,2.0,1,16,0.231,0,0,8.217999683856148,0-1 days,Very High,1
CLM105131,20,11.1,Motor,5425.99,5879.67,1,30,3.0,2,23,0.058,0,0,1.0836123914714182,8-30 days,Low,0
CLM105132,37,3.1,Home,9938.06,25065.61,0,19,1.0,1,0,0.098,0,0,2.5221834040044033,8-30 days,Medium,0
CLM105133,37,12.7,Home,7736.07,86076.39,2,6,3.0,5,2,0.147,0,0,11.126630188196332,2-7 days,Very High,1
CLM105134,70,3.2,Motor,13859.73,33198.95,0,10,3.0,3,7,0.376,1,0,2.3953533005332712,8-30 days,High,0
CLM105135,47,11.2,Personal,8825.8,16936.73,2,5,6.0,1,7,0.331,0,0,1.9190022434226928,2-7 days,Low,0
CLM105136,52,10.3,Motor,12746.31,17459.73,0,1,4.0,2,10,0.262,0,0,1.3697870207142302,0-1 days,Medium,0
CLM105137,52,11.4,Motor,6449.24,54146.15,1,13,4.0,0,15,0.197,0,0,8.39574120361469,8-30 days,Very High,1
CLM105138,66,8.1,Personal,9663.22,22261.96,0,3,5.0,2,0,0.463,0,0,2.3037827970386684,2-7 days,Medium,0
CLM105139,56,9.7,Personal,7059.41,27335.14,2,18,6.0,1,10,0.251,0,0,3.872156455001197,8-30 days,Medium,0
CLM105140,44,14.3,Travel,6435.05,44650.1,1,24,2.0,0,16,0.033,0,0,6.938578565823109,8-30 days,High,1
CLM105141,43,1.7,Personal,2979.11,56252.42,2,21,2.0,2,12,0.208,0,0,18.882290348459772,8-30 days,Very High,1
CLM105142,31,4.8,Home,12879.44,18423.58,1,28,3.0,0,23,0.03,0,0,1.4304643680160007,8-30 days,Medium,0
CLM105143,34,9.2,Personal,18679.53,10054.0,2,27,6.0,0,1,0.097,0,0,0.5382362404193254,8-30 days,Low,0
CLM105144,35,14.5,Motor,4551.55,13197.89,0,1,1.0,1,4,0.401,0,0,2.8996473728729772,0-1 days,Low,0
CLM105145,62,1.6,Travel,11613.68,28465.055,2,1,4.0,2,23,0.23,0,0,2.450993569652341,0-1 days,Medium,0
CLM105146,69,0.5,Home,11397.91,29475.59,1,12,1.0,3,20,0.199,1,0,2.5860521797417246,8-30 days,High,0
CLM105147,46,1.0,Motor,6742.95,10971.64,1,12,6.0,0,11,0.223,0,0,1.6271275925225606,8-30 days,Low,0
CLM105148,37,1.0,Home,6099.45,13904.1,1,2,4.0,2,14,0.168,0,0,2.279566190394216,2-7 days,Low,0
CLM105149,70,13.6,Home,14458.66,67059.99,1,20,6.0,0,6,0.186,0,1,4.638050137426291,8-30 days,Very High,1
CLM105150,44,10.9,Home,13788.93,29883.89,0,27,6.0,2,5,0.299,1,0,2.167237776970367,8-30 days,High,0
CLM105151,35,10.2,Motor,10414.89,7973.69,5,5,3.0,1,4,0.288,0,0,0.765604821558365,2-7 days,Low,0
CLM105152,21,7.9,Travel,6726.67,12250.85,1,20,2.0,0,14,0.209,0,0,1.8212354701509068,8-30 days,Low,0
CLM105153,18,11.8,Motor,13878.23,66476.92,1,27,6.0,3,2,0.07,0,0,4.790014288565617,8-30 days,Very High,1
CLM105154,67,2.5,Motor,5833.42,18289.58,3,16,3.0,1,21,0.465,1,0,3.1353099896801537,8-30 days,Medium,0
CLM105155,18,6.0,Personal,16108.59,134734.05,0,28,4.0,1,8,0.104,0,0,8.36411194275849,8-30 days,Very High,1
CLM105156,75,7.5,Home,17717.62,117777.29,1,0,6.0,1,22,0.053,0,0,6.6474667590793795,0-1 days,Very High,1
CLM105157,43,1.8,Motor,14465.0,85573.17,0,6,2.0,1,16,0.197,0,0,5.915877635672312,2-7 days,Very High,1
CLM105158,62,6.4,Motor,9917.79,40684.79,1,29,1.0,0,20,0.294,0,0,4.102203212610874,8-30 days,High,1
CLM105159,37,4.9,Home,2701.32,60763.36,3,25,1.0,4,22,0.26,0,0,22.493951105385513,8-30 days,Very High,1
CLM105160,69,0.7,Personal,7821.8,26852.22,5,29,5.0,1,13,0.272,0,0,3.4329975197524867,8-30 days,Medium,0
CLM105161,40,2.2,Personal,18807.62,27379.75,0,6,1.0,2,6,0.37,0,0,1.4557796254922208,2-7 days,Medium,0
CLM105162,27,11.5,Travel,12958.37,11383.15,3,12,5.0,0,14,0.227,0,0,0.8784399581120156,8-30 days,Low,0
CLM105163,28,0.5,Motor,10339.35,27079.01,0,25,2.0,2,6,0.396,0,0,2.6190244067567106,8-30 days,Medium,0
CLM105164,58,14.0,Motor,6256.91,10813.41,0,21,3.0,2,12,0.261,0,0,1.7282348635348759,8-30 days,Low,0
CLM105165,58,1.5,Motor,13477.87,28131.53,1,8,6.0,2,13,0.168,1,0,2.0872385621763674,8-30 days,Medium,0
CLM105166,22,12.0,Motor,4188.03,11289.92,3,17,6.0,1,21,0.11,0,0,2.6957591039223696,8-30 days,Low,0
CLM105167,75,13.5,Motor,7871.04,14596.85,1,0,3.0,0,10,0.403,0,0,1.8545008029434484,0-1 days,Low,0
CLM105168,18,14.1,Motor,18597.22,4120.75,1,10,6.0,0,17,0.286,0,0,0.22157881661882797,8-30 days,Low,0
CLM105169,34,13.0,Home,5918.6,15567.82,3,21,2.0,1,12,0.128,0,0,2.630321359781029,8-30 days,Low,0
CLM105170,39,4.5,Motor,11180.84,16320.41,2,21,6.0,2,11,0.111,0,0,1.4596765538188543,8-30 days,Low,0
CLM105171,51,5.1,Home,3854.96,22208.3,2,24,6.0,1,1,0.186,1,0,5.760967688380683,8-30 days,Medium,1
CLM105172,73,6.5,Personal,6338.07,68387.06,2,10,2.0,0,9,0.452,0,0,10.789887142300417,8-30 days,Very High,1
CLM105173,62,2.3,Home,9214.92,26914.06,3,9,4.0,2,21,0.257,0,0,2.920704683274516,8-30 days,Medium,0
CLM105174,58,0.5,Travel,9966.16,56164.06,0,16,1.0,3,10,0.416,1,0,5.635476452314633,8-30 days,Very High,1
CLM105175,46,13.1,Travel,21550.87,57900.44,2,26,1.0,1,15,0.518,0,0,2.686686894775014,8-30 days,Very High,0
CLM105176,21,8.4,Motor,6775.03,80621.05,2,16,1.0,1,16,0.48,0,1,11.899733285313866,8-30 days,Very High,1
CLM105177,22,9.2,Motor,11106.86,14192.74,1,11,5.0,3,13,0.116,0,0,1.2778354998622472,8-30 days,Low,0
CLM105178,28,13.9,Motor,10967.52,11539.3,0,29,1.0,1,21,0.645,0,0,1.052133937298496,8-30 days,Low,0
CLM105179,73,10.0,Motor,6521.37,25657.53,1,27,6.0,1,20,0.304,0,0,3.9343772857543735,8-30 days,Medium,0
CLM105180,68,10.4,Home,13068.99,12812.86,1,9,6.0,1,12,0.005,0,0,0.9804016989836246,8-30 days,Low,0
CLM105181,38,11.8,Personal,11481.58,23568.08,2,11,4.0,1,16,0.222,0,0,2.0526861285641873,8-30 days,Medium,0
CLM105182,52,1.9,Personal,7515.76,13736.5,2,5,3.0,1,4,0.199,1,0,1.8276927416522082,2-7 days,Low,0
CLM105183,29,5.5,Motor,9278.34,11221.75,0,20,3.0,3,3,0.25,0,0,1.2094566484953126,8-30 days,Low,0
CLM105184,43,14.5,Personal,5519.34,36552.82,3,26,6.0,0,10,0.229,0,0,6.622679523276333,8-30 days,High,1
CLM105185,68,13.9,Motor,5706.19,113413.61,1,5,5.0,0,16,0.281,0,0,19.87554042189272,2-7 days,Very High,1
CLM105186,36,13.3,Personal,8417.94,23208.54,2,5,4.0,1,2,0.069,1,0,2.757033193394108,2-7 days,Medium,0
CLM105187,62,6.9,Motor,11898.7,34471.97,0,28,2.0,4,1,0.233,0,0,2.897120693857312,8-30 days,High,0
CLM105188,24,12.9,Motor,7315.44,29398.46,1,19,6.0,2,0,0.114,0,0,4.018686504161062,8-30 days,High,1
CLM105189,64,0.9,Motor,6440.85,27285.17,1,25,3.0,2,17,0.213,0,0,4.236268504933355,8-30 days,Medium,1
CLM105190,72,2.4,Personal,7661.76,81771.12,1,7,4.0,1,15,0.155,0,0,10.672628743265253,2-7 days,Very High,1
CLM105191,24,6.3,Motor,12341.21,22753.98,2,4,2.0,3,10,0.116,0,0,1.8437397953685255,2-7 days,Medium,0
CLM105192,43,7.4,Motor,4626.22,2467.27,0,5,5.0,2,6,0.302,0,0,0.5333231017980121,2-7 days,Low,0
CLM105193,57,4.1,Personal,12524.33,14500.88,2,30,6.0,1,4,0.263,1,0,1.1578168253311754,8-30 days,Low,0
CLM105194,22,5.5,Personal,10702.26,30333.28,0,1,1.0,3,17,0.25,1,0,2.834287337440877,0-1 days,High,0
CLM105195,38,2.6,Motor,4616.36,25842.17,0,16,6.0,4,3,0.111,0,0,5.597953799097124,8-30 days,Medium,1
CLM105196,31,7.4,Travel,7646.09,23571.14,1,7,4.0,0,21,0.274,0,0,3.082770409451105,2-7 days,Medium,0
CLM105197,21,11.9,Motor,11316.91,19097.86,2,21,6.0,0,7,0.176,0,0,1.6875507536951342,8-30 days,Medium,0
CLM105198,40,10.0,Motor,3597.95,29865.13,0,28,3.0,0,21,0.115,0,0,8.300596172820635,8-30 days,High,1
CLM105199,59,1.8,Motor,5334.37,130784.83,4,8,5.0,1,5,0.342,0,0,24.517390057307612,8-30 days,Very High,1
CLM105200,37,7.4,Motor,4283.44,21921.83,1,20,6.0,4,21,0.312,0,0,5.117809517583999,8-30 days,Medium,1
CLM105201,32,10.5,Home,6553.34,141846.95,2,7,4.0,1,20,0.3,0,0,21.64498561039104,2-7 days,Very High,1
CLM105202,67,8.0,Home,13558.93,39883.81,1,22,5.0,0,20,0.162,0,0,2.941516034082335,8-30 days,High,0
CLM105203,69,6.0,Motor,12173.79,16936.37,0,10,2.0,3,21,0.432,0,0,1.3912158826462422,8-30 days,Low,0
CLM105204,62,9.4,Travel,6770.89,53645.43,0,9,4.0,2,21,0.02,0,0,7.922951044840486,8-30 days,Very High,1
CLM105205,46,14.5,Travel,13505.4,4509.73,1,16,6.0,2,0,0.03,0,0,0.33392050587172534,8-30 days,Low,0
CLM105206,25,1.6,Motor,11456.95,27680.94,1,22,6.0,1,6,0.157,0,0,2.4160828143615882,8-30 days,Medium,0
CLM105207,58,6.0,Motor,15087.62,41309.72,1,19,1.0,2,5,0.222,0,0,2.7379878337338823,8-30 days,High,0
CLM105208,65,6.2,Home,8167.97,41700.54,0,12,2.0,4,21,0.103,0,0,5.105373795447338,8-30 days,High,1
CLM105209,36,8.7,Travel,10833.58,45150.37,1,21,1.0,1,0,0.308,0,0,4.167631567773534,8-30 days,High,1
CLM105210,65,2.5,Home,38759.87,48219.23,0,8,5.0,3,6,0.205,0,0,1.2440503541420547,8-30 days,Very High,0
CLM105211,56,2.8,Home,7394.66,34992.92,0,14,1.0,1,13,0.468,0,1,4.732187822022919,8-30 days,High,1
CLM105212,63,4.4,Motor,8255.04,48152.44,1,30,2.0,2,5,0.04,0,0,5.833095902624335,8-30 days,Very High,1
CLM105213,45,14.3,Home,7913.42,18400.2,2,12,2.0,0,9,0.444,1,0,2.3251893618688255,8-30 days,Medium,0
CLM105214,63,11.1,Motor,8160.78,67658.55,4,12,2.0,0,17,0.135,1,0,8.290696477542589,8-30 days,Very High,1
CLM105215,74,10.0,Personal,10926.73,19829.22,0,12,6.0,0,15,0.465,1,1,1.8147442098413709,8-30 days,Medium,0
CLM105216,44,12.3,Home,8725.2,66681.02,1,24,5.0,1,11,0.28,1,0,7.642348599459038,8-30 days,Very High,1
CLM105217,21,2.1,Motor,4599.21,27581.28,0,24,3.0,2,10,0.093,0,0,5.9969603475379465,8-30 days,Medium,1
CLM105218,75,12.9,Motor,8569.32,32977.23,0,20,5.0,2,23,0.281,1,0,3.848290179384129,8-30 days,High,0
CLM105219,32,9.0,Personal,6707.5,54261.1,1,3,2.0,0,7,0.39,0,0,8.089616101379054,2-7 days,Very High,1
CLM105220,52,5.2,Motor,3904.9,86668.64,1,21,5.0,2,14,0.054,0,0,22.19484237752567,8-30 days,Very High,1
CLM105221,54,12.3,Home,14229.69,28864.87,1,9,4.0,1,22,0.198,0,0,2.028496052970936,8-30 days,High,0
CLM105222,18,12.1,Home,6690.76,32927.36,2,14,4.0,4,11,0.346,0,0,4.921318355463355,8-30 days,High,1
CLM105223,20,12.7,Travel,10100.46,4035.06,1,20,3.0,1,22,0.125,0,0,0.39949269637224444,8-30 days,Low,0
CLM105224,64,1.9,Motor,2056.02,14588.19,2,27,5.0,1,6,0.031,0,0,7.095354130796394,8-30 days,Low,1
CLM105225,41,14.5,Home,10639.58,9015.36,1,9,6.0,0,15,0.508,1,0,0.8473417183761014,8-30 days,Low,0
CLM105226,44,14.4,Personal,7381.89,20659.7,3,20,5.0,1,3,0.109,0,0,2.798700603774914,8-30 days,Medium,0
CLM105227,57,5.5,Personal,4222.32,16967.43,1,7,3.0,1,0,0.13,0,0,4.018508781901893,2-7 days,Low,1
CLM105228,53,1.2,Home,6630.65,15466.67,5,30,2.0,0,0,0.168,0,0,2.3326023843816217,8-30 days,Low,0
CLM105229,51,2.7,Personal,6241.49,12898.23,0,9,1.0,4,20,0.515,0,1,2.0665305880486873,8-30 days,Low,0
CLM105230,46,14.9,Home,11915.86,41522.11,2,20,2.0,1,14,0.176,0,0,3.484608748340447,8-30 days,High,0
CLM105231,41,8.5,Motor,8853.02,7311.89,4,16,3.0,2,13,0.178,0,0,0.8259204203763235,8-30 days,Low,0
CLM105232,41,5.5,Home,4284.25,12353.55,0,4,1.0,1,14,0.078,0,0,2.883480189064597,2-7 days,Low,0
CLM105233,59,4.5,Motor,10354.21,28704.95,4,12,2.0,2,1,0.077,0,0,2.772297451954326,8-30 days,High,0
CLM105234,21,4.0,Motor,3347.56,57943.85,1,20,5.0,1,15,0.43,0,0,17.30927899723978,8-30 days,Very High,1
CLM105235,20,10.0,Motor,5123.22,13937.38,1,20,6.0,1,4,0.024,0,0,2.7204336335351593,8-30 days,Low,0
CLM105236,51,6.4,Personal,8556.23,61558.16,0,27,5.0,1,10,0.021,1,0,7.194542456198583,8-30 days,Very High,1
CLM105237,74,14.5,Travel,6418.16,3608.61,4,18,4.0,1,10,0.008,1,0,0.5622499283283683,8-30 days,Low,0
CLM105238,66,10.3,Home,14531.76,28044.82,3,11,5.0,3,0,0.206,0,0,1.9298983743194218,8-30 days,Medium,0
CLM105239,40,11.9,Motor,9172.97,35225.58,0,11,5.0,4,1,0.176,1,0,3.840149918728613,8-30 days,High,0
CLM105240,70,4.5,Motor,11265.53,13342.77,2,24,3.0,0,0,0.137,0,0,1.1843890167617501,8-30 days,Low,0
CLM105241,73,1.4,Motor,11474.18,10483.39,1,20,6.0,1,2,0.095,0,0,0.9136504743694102,8-30 days,Low,0
CLM105242,69,7.4,Home,6963.32,30791.12,1,27,1.0,2,19,0.407,0,0,4.421902196078882,8-30 days,High,1
CLM105243,40,4.9,Motor,5262.61,27260.28,2,1,2.0,1,0,0.135,0,0,5.1799924372127135,0-1 days,Medium,1
CLM105244,62,3.2,Motor,8311.09,15234.39,1,20,2.0,1,16,0.374,0,0,1.8330194956377561,8-30 days,Low,0
CLM105245,22,14.3,Motor,12557.48,22547.45,1,8,3.0,3,1,0.044,0,0,1.7955393916613844,8-30 days,Medium,0
CLM105246,48,6.8,Travel,7654.71,17828.4,1,29,1.0,0,13,0.352,0,0,2.3290758239044984,8-30 days,Medium,0
CLM105247,70,2.8,Personal,11089.46,71540.74,0,23,5.0,0,19,0.31,0,0,6.451237481356172,8-30 days,Very High,1
CLM105248,58,3.1,Home,8396.43,46627.52,2,21,6.0,1,1,0.281,0,0,5.55325537162818,8-30 days,High,1
CLM105249,74,4.4,Motor,4225.54,32380.05,2,24,3.0,0,17,0.165,0,0,7.662937754701174,8-30 days,High,1
CLM105250,74,15.0,Motor,4390.43,115307.65,2,22,5.0,2,7,0.111,0,0,26.26340700113656,8-30 days,Very High,1
CLM105251,71,4.2,Motor,17170.27,60844.1,0,1,2.0,0,7,0.21,0,0,3.543572698623842,0-1 days,Very High,0
CLM105252,23,5.1,Motor,5026.28,71176.88,1,29,3.0,1,6,0.36,0,0,14.160946067469382,8-30 days,Very High,1
CLM105253,54,10.0,Motor,6379.88,28465.055,0,0,6.0,3,10,0.129,0,0,4.461691285729512,0-1 days,Medium,1
CLM105254,74,4.6,Motor,12845.33,24908.3,1,13,3.0,1,19,0.098,0,0,1.9390938185317155,8-30 days,Medium,0
CLM105255,27,3.4,Motor,4970.01,11232.95,0,12,3.0,1,6,0.173,0,0,2.2601463578544108,8-30 days,Low,0
CLM105256,57,2.5,Motor,6249.4,7347.17,2,2,2.0,1,21,0.138,0,0,1.1756600633660832,2-7 days,Low,0
CLM105257,24,4.8,Motor,7727.81,48744.12,3,26,6.0,1,6,0.154,0,0,6.307624022847353,8-30 days,Very High,1
CLM105258,56,1.8,Home,7286.56,13562.68,1,19,2.0,1,16,0.445,0,0,1.8613282536615356,8-30 days,Low,0
CLM105259,55,0.5,Personal,5492.21,339437.53,2,24,4.0,1,14,0.056,0,0,61.803450705635804,8-30 days,Very High,1
CLM105260,38,12.1,Personal,7791.11,14887.63,2,30,6.0,0,20,0.382,0,0,1.9108483900240145,8-30 days,Low,0
CLM105261,37,2.2,Motor,11538.1,13079.53,3,4,2.0,1,20,0.328,1,0,1.1335947859699604,2-7 days,Low,0
CLM105262,20,11.7,Motor,8042.66,50174.32,2,1,6.0,4,6,0.051,1,0,6.238523075698836,0-1 days,Very High,1
CLM105263,68,12.0,Personal,6320.23,50959.61,1,25,2.0,1,19,0.066,0,0,8.06293600074681,8-30 days,Very High,1
CLM105264,39,8.2,Motor,13011.19,107758.64,1,20,5.0,4,16,0.172,1,0,8.281997265430755,8-30 days,Very High,1
CLM105265,64,4.8,Personal,18319.62,23219.08,2,28,2.0,1,18,0.17,0,0,1.2674433203308804,8-30 days,Medium,0
CLM105266,21,2.3,Home,13064.25,66838.08,4,17,6.0,2,13,0.095,0,0,5.116105402147081,8-30 days,Very High,1
CLM105267,45,11.1,Personal,5127.38,24788.48,2,8,1.0,3,19,0.342,0,0,4.834531476114507,8-30 days,Medium,1
CLM105268,29,9.1,Personal,5188.99,42166.87,0,21,5.0,0,4,0.212,1,0,8.126219167892017,8-30 days,High,1
CLM105269,55,9.9,Home,10347.19,23855.16,2,27,6.0,3,11,0.192,0,0,2.305472306974164,8-30 days,Medium,0
CLM105270,68,0.3,Home,9180.09,117639.63,0,27,6.0,4,23,0.387,0,0,12.814648875991413,8-30 days,Very High,1
CLM105271,53,13.9,Motor,4898.44,153380.06,1,11,6.0,2,23,0.064,1,0,31.312021786527957,8-30 days,Very High,1
CLM105272,64,1.2,Motor,9669.35,11471.36,0,4,4.0,2,11,0.088,0,0,1.1863630957613491,2-7 days,Low,0
CLM105273,58,5.6,Motor,8886.71,72964.34,0,17,1.0,1,1,0.118,0,0,8.210500849020617,8-30 days,Very High,1
CLM105274,22,6.2,Motor,16529.22,13937.05,1,22,4.0,3,3,0.043,0,0,0.843176508026392,8-30 days,Low,0
CLM105275,30,0.2,Motor,6987.29,66935.61,1,22,3.0,2,1,0.176,0,0,9.579623859894179,8-30 days,Very High,1
CLM105276,40,7.6,Motor,15863.76,95795.92,1,1,3.0,2,4,0.28,0,0,6.038664225883397,0-1 days,Very High,1
CLM105277,75,11.3,Personal,16179.65,13610.17,0,9,3.0,3,19,0.023,0,0,0.8411906314413476,8-30 days,Low,0
CLM105278,67,12.4,Motor,6279.03,11195.83,0,21,3.0,2,1,0.012,0,0,1.7830508852481992,8-30 days,Low,0
CLM105279,47,13.2,Motor,9968.02,28465.055,2,9,2.0,1,12,0.187,0,0,2.855637829779635,8-30 days,Medium,0
CLM105280,54,7.4,Motor,7728.47,67232.24,1,25,5.0,1,2,0.235,0,0,8.699294944536241,8-30 days,Very High,1
CLM105281,42,9.5,Home,7587.33,40003.88,1,2,1.0,1,14,0.14,1,0,5.272458163807294,2-7 days,High,1
CLM105282,65,1.4,Motor,9496.04,23243.2,1,23,1.0,1,18,0.117,0,0,2.4476729247138804,8-30 days,Medium,0
CLM105283,44,7.4,Personal,5957.17,48086.28,0,13,6.0,1,15,0.396,0,0,8.072000631172184,8-30 days,Very High,1
CLM105284,68,2.5,Home,4146.17,22493.67,1,4,3.0,1,13,0.087,0,0,5.42516828784155,2-7 days,Medium,1
CLM105285,31,5.7,Home,6690.5,28465.055,0,23,3.0,0,22,0.422,1,0,4.25454824004185,8-30 days,Medium,1
CLM105286,74,5.1,Motor,14461.1,42138.46,2,22,6.0,2,3,0.09,0,0,2.9139180283657535,8-30 days,High,0
CLM105287,65,6.5,Home,7756.84,40059.04,3,29,2.0,1,16,0.263,0,0,5.164350431361225,8-30 days,High,1
CLM105288,64,8.7,Personal,8411.56,99490.9,2,12,4.0,1,20,0.086,0,0,11.827877349742497,8-30 days,Very High,1
CLM105289,71,13.6,Motor,12143.07,11364.6,1,26,6.0,1,21,0.111,0,0,0.9358918296608684,8-30 days,Low,0
CLM105290,53,6.0,Motor,4142.68,56956.3,2,23,1.0,1,21,0.079,0,0,13.748660287543329,8-30 days,Very High,1
CLM105291,56,14.7,Motor,10357.02,13831.76,0,27,1.0,2,11,0.297,0,0,1.3354961176091191,8-30 days,Low,0
CLM105292,33,11.4,Personal,18020.32,20666.79,2,16,4.0,0,1,0.441,1,0,1.1468603221252454,8-30 days,Medium,0
CLM105293,73,7.8,Motor,8857.42,24842.0,2,5,1.0,4,20,0.196,1,0,2.804654176949947,2-7 days,Medium,0
CLM105294,39,9.7,Personal,3577.72,20382.47,1,28,1.0,2,19,0.012,0,0,5.697055666737476,8-30 days,Medium,1
CLM105295,38,1.7,Motor,8212.77,10211.19,2,28,2.0,0,13,0.28,1,0,1.2433308128682528,8-30 days,Low,0
CLM105296,71,12.7,Home,11186.01,19968.1,1,26,1.0,0,20,0.416,1,0,1.785095847402246,8-30 days,Medium,0
CLM105297,38,8.8,Home,8939.68,34344.54,1,12,3.0,3,22,0.319,0,0,3.841808655343368,8-30 days,High,0
CLM105298,25,14.8,Motor,9608.71,25319.59,0,28,3.0,4,2,0.041,0,0,2.635066517773978,8-30 days,Medium,0
CLM105299,66,9.6,Motor,10142.56,84490.25,1,11,5.0,1,15,0.082,0,0,8.33026868956161,8-30 days,Very High,1
CLM105300,33,12.5,Motor,5587.64,25824.7,1,2,2.0,1,7,0.05,0,0,4.621754443736533,2-7 days,Medium,1
CLM105301,72,12.0,Motor,5910.92,28314.29,2,29,2.0,2,11,0.189,0,0,4.790166336204855,8-30 days,Medium,1
CLM105302,48,5.3,Personal,7197.45,32104.91,2,15,3.0,2,8,0.272,1,0,4.46059507186573,8-30 days,High,1
CLM105303,59,4.0,Motor,10142.85,25343.46,5,4,2.0,0,0,0.358,1,0,2.4986527455301024,2-7 days,Medium,0
CLM105304,27,6.6,Home,4977.75,40065.33,1,1,2.0,3,0,0.244,0,0,8.048883531716138,0-1 days,High,1
CLM105305,49,7.1,Motor,21443.42,18985.21,1,10,5.0,4,8,0.422,0,0,0.8853629691532414,8-30 days,Medium,0
CLM105306,51,3.8,Motor,2856.31,11678.21,2,3,4.0,3,14,0.476,0,0,4.088565316789844,2-7 days,Low,1
CLM105307,26,13.4,Home,3943.39,26534.38,1,21,6.0,2,9,0.41,0,0,6.728824691445686,8-30 days,Medium,1
CLM105308,34,8.2,Home,10904.97,37365.09,2,0,1.0,1,16,0.072,0,0,3.4264275830194855,0-1 days,High,0
CLM105309,28,14.7,Motor,10490.43,31642.76,1,12,5.0,2,1,0.292,0,0,3.0163453738311965,8-30 days,High,0
CLM105310,49,12.2,Home,8227.64,14378.23,4,17,4.0,0,2,0.268,0,0,1.747552153472928,8-30 days,Low,0
CLM105311,27,8.4,Motor,11523.12,31580.31,1,15,1.0,2,22,0.483,0,0,2.740604107220961,8-30 days,High,0
CLM105312,39,14.2,Personal,10974.04,46584.1,1,1,3.0,3,9,0.682,0,0,4.244936231324107,0-1 days,High,1
CLM105313,74,7.7,Motor,8500.31,32591.83,1,8,4.0,0,18,0.12,0,0,3.8341931058984913,8-30 days,High,0
CLM105314,34,13.3,Motor,9590.5,16439.7,0,26,1.0,0,8,0.218,0,0,1.71416505917314,8-30 days,Low,0
CLM105315,21,5.5,Travel,2068.28,29657.1,1,11,5.0,1,17,0.204,0,0,14.339015993966,8-30 days,High,1
CLM105316,65,5.8,Motor,8005.6,100401.69,1,4,1.0,0,2,0.38,0,0,12.541432247426801,2-7 days,Very High,1
CLM105317,69,6.4,Motor,8319.52,12855.15,4,4,2.0,1,8,0.169,0,0,1.5451792891897609,2-7 days,Low,0
CLM105318,64,8.3,Motor,20102.41,63695.57,1,21,6.0,4,21,0.3,1,0,3.1685539196544097,8-30 days,Very High,0
CLM105319,42,8.4,Personal,5862.12,5207.92,0,12,1.0,0,10,0.195,0,0,0.8884021480283584,8-30 days,Low,0
CLM105320,38,7.5,Personal,8363.92,18602.98,1,15,3.0,3,8,0.052,1,0,2.22419391864102,8-30 days,Medium,0
CLM105321,54,4.7,Travel,16130.33,20275.75,1,25,5.0,0,4,0.187,0,0,1.256995362153161,8-30 days,Medium,0
CLM105322,55,13.9,Home,10936.62,62988.63,1,18,4.0,4,19,0.224,0,0,5.759423843929842,8-30 days,Very High,1
CLM105323,66,8.9,Home,8596.8,105811.25,1,8,1.0,0,17,0.234,1,0,12.308213521310256,8-30 days,Very High,1
CLM105324,18,6.2,Motor,13106.53,64499.23,2,15,5.0,1,11,0.358,1,0,4.921152280580749,8-30 days,Very High,1
CLM105325,42,9.8,Motor,5949.7,41095.71,3,18,3.0,1,16,0.127,0,0,6.907190278501437,8-30 days,High,1
CLM105326,68,11.6,Personal,18475.68,62133.8,0,3,6.0,1,20,0.025,0,0,3.363004771678228,2-7 days,Very High,0
CLM105327,53,14.4,Motor,11349.68,10153.44,2,27,4.0,1,16,0.422,1,0,0.8946014336968091,8-30 days,Low,0
CLM105328,34,7.6,Motor,4089.34,54738.89,2,14,1.0,1,15,0.121,0,0,13.3857517349988,8-30 days,Very High,1
CLM105329,58,1.9,Personal,6473.53,12251.22,0,8,3.0,1,21,0.226,0,0,1.892509959790099,8-30 days,Low,0
CLM105330,41,6.7,Travel,3219.34,16084.41,2,15,2.0,2,21,0.206,0,0,4.996182447333926,8-30 days,Low,1
CLM105331,19,7.3,Motor,12160.14,37673.63,2,25,5.0,2,13,0.048,0,0,3.0981246926433412,8-30 days,High,0
CLM105332,57,13.5,Motor,10953.35,11082.27,1,23,5.0,2,22,0.43,0,0,1.011769915140117,8-30 days,Low,0
CLM105333,32,6.0,Home,6909.81,70216.52,1,5,1.0,1,8,0.243,1,0,10.161859732756762,2-7 days,Very High,1
CLM105334,49,14.3,Home,14588.4,28030.17,0,7,3.0,1,21,0.295,0,0,1.921401250308464,2-7 days,Medium,0
CLM105335,56,7.4,Motor,8186.43,10550.32,1,0,4.0,3,12,0.399,0,0,1.2887571261221313,0-1 days,Low,0
CLM105336,23,14.6,Motor,27676.66,86868.09,2,13,4.0,1,2,0.175,0,0,3.1386767767497954,8-30 days,Very High,0
CLM105337,18,0.3,Personal,4954.62,22988.66,0,3,4.0,0,23,0.293,0,0,4.639843217037836,2-7 days,Medium,1
CLM105338,64,13.5,Motor,11345.56,24764.83,0,9,4.0,1,4,0.226,0,0,2.182777227391156,8-30 days,Medium,0
CLM105339,40,14.0,Home,7108.1,23733.23,0,26,1.0,1,23,0.325,0,0,3.338899283915533,8-30 days,Medium,0
CLM105340,75,14.4,Motor,6267.63,3140.41,4,15,1.0,1,7,0.14,0,0,0.501052231864357,8-30 days,Low,0
CLM105341,56,0.4,Motor,7863.15,71936.53,1,3,5.0,0,2,0.451,0,0,9.14856387071339,2-7 days,Very High,1
CLM105342,74,2.7,Motor,10026.36,28594.83,0,1,3.0,0,22,0.017,0,0,2.8519652196809213,0-1 days,High,0
CLM105343,34,9.9,Personal,8725.95,31407.88,1,1,2.0,0,15,0.42,1,0,3.599365112108137,0-1 days,High,0
CLM105344,51,0.6,Personal,11530.82,46661.88,1,12,1.0,1,3,0.433,0,0,4.046709600878342,8-30 days,High,1
CLM105345,58,1.1,Motor,11169.71,22464.92,1,10,4.0,1,8,0.249,0,0,2.0112357438107167,8-30 days,Medium,0
CLM105346,46,3.5,Personal,16333.32,12075.27,1,9,2.0,1,6,0.188,1,0,0.7393028484104885,8-30 days,Low,0
CLM105347,26,7.8,Motor,4950.65,13930.31,0,24,5.0,0,17,0.419,1,0,2.8138345469786796,8-30 days,Low,0
CLM105348,30,8.3,Home,4217.61,53897.65,0,5,4.0,1,16,0.35,0,0,12.779192481049696,2-7 days,Very High,1
CLM105349,23,0.7,Motor,8244.71,27751.33,0,6,6.0,2,21,0.066,0,0,3.3659558674592565,2-7 days,Medium,0
CLM105350,23,2.7,Personal,5947.34,59539.83,0,26,3.0,0,5,0.287,0,0,10.011169699395024,8-30 days,Very High,1
CLM105351,37,7.6,Motor,12595.51,67935.01,0,26,2.0,0,9,0.159,1,0,5.393589461641489,8-30 days,Very High,1
CLM105352,69,9.0,Home,5256.91,54468.39,1,14,5.0,0,4,0.267,0,0,10.36129399209802,8-30 days,Very High,1
CLM105353,70,2.4,Travel,6637.49,71847.28,2,19,1.0,0,14,0.295,0,0,10.824465272264064,8-30 days,Very High,1
CLM105354,20,6.1,Motor,7319.27,16416.77,2,18,3.0,1,1,0.07,0,0,2.242951824430578,8-30 days,Low,0
CLM105355,34,13.6,Motor,18813.12,43976.89,0,2,4.0,4,14,0.027,0,1,2.3375649546699324,2-7 days,High,0
CLM105356,66,15.0,Motor,21944.14,19721.04,1,20,2.0,1,8,0.106,0,0,0.898692771737694,8-30 days,Medium,0
CLM105357,29,14.8,Home,5085.71,12323.07,2,26,5.0,2,5,0.398,0,0,2.423077603717082,8-30 days,Low,0
CLM105358,65,13.2,Motor,3164.49,39560.95,0,13,2.0,1,3,0.219,0,0,12.501524732263334,8-30 days,High,1
CLM105359,64,6.0,Home,6565.15,49296.35,0,21,3.0,2,22,0.402,0,0,7.50879263992445,8-30 days,Very High,1
CLM105360,62,10.4,Personal,8359.91,28465.055,0,29,1.0,2,13,0.481,1,0,3.404947541301282,8-30 days,Medium,0
CLM105361,72,6.4,Motor,8342.66,29018.08,2,1,1.0,2,8,0.22,0,0,3.478276712703143,0-1 days,High,0
CLM105362,18,9.8,Motor,8183.94,47439.88,0,22,6.0,1,23,0.277,0,0,5.796704276913076,8-30 days,Very High,1
CLM105363,34,4.8,Home,12270.82,17694.35,0,15,3.0,3,0,0.334,1,0,1.441985947149416,8-30 days,Medium,0
CLM105364,20,9.2,Travel,7090.84,51428.47,1,22,4.0,1,18,0.127,0,0,7.252803617060884,8-30 days,Very High,1
CLM105365,43,8.0,Personal,9356.52,14187.28,1,16,2.0,0,9,0.096,0,0,1.516298794851077,8-30 days,Low,0
CLM105366,32,0.6,Motor,11360.84,38017.3,0,14,4.0,3,17,0.192,1,0,3.3463458687913925,8-30 days,High,0
CLM105367,53,11.9,Motor,9382.11,11307.19,1,29,5.0,1,18,0.374,0,0,1.205186253412079,8-30 days,Low,0
CLM105368,49,0.4,Personal,11520.57,76837.25,1,28,4.0,0,20,0.034,1,0,6.669570168837132,8-30 days,Very High,1
CLM105369,49,4.5,Travel,3941.25,46799.59,2,12,6.0,3,5,0.319,0,0,11.874301300348874,8-30 days,High,1
CLM105370,21,0.3,Home,8949.39,126492.06,0,28,3.0,1,2,0.115,0,0,14.134154394880545,8-30 days,Very High,1
CLM105371,35,5.8,Motor,9426.02,13893.3,0,28,6.0,1,17,0.286,0,0,1.4739306727547787,8-30 days,Low,0
CLM105372,66,1.1,Motor,7889.65,46129.32,1,11,1.0,1,20,0.138,0,0,5.84681449747454,8-30 days,High,1
CLM105373,36,13.7,Motor,6495.57,27595.77,1,6,6.0,0,19,0.156,0,1,4.24839852391707,2-7 days,Medium,1
CLM105374,60,6.4,Personal,10460.43,9323.42,1,28,3.0,2,20,0.12,0,0,0.8913037035762392,8-30 days,Low,0
CLM105375,69,7.0,Motor,8983.51,30418.8,0,19,3.0,4,9,0.139,0,0,3.386070700650414,8-30 days,High,0
CLM105376,52,5.4,Home,8301.19,42895.5,2,19,2.0,2,19,0.393,1,0,5.167391663122998,8-30 days,High,1
CLM105377,57,9.5,Home,7332.31,122710.96,0,2,3.0,2,3,0.033,0,1,16.735648110895475,2-7 days,Very High,1
CLM105378,31,11.8,Motor,7462.63,19179.44,3,8,5.0,1,7,0.024,0,0,2.5700644410884634,8-30 days,Medium,0
CLM105379,75,9.8,Motor,6023.35,39965.49,1,2,2.0,3,15,0.008,0,0,6.635093428075738,2-7 days,High,1
CLM105380,50,11.3,Home,6862.32,35245.55,1,15,2.0,2,21,0.114,0,0,5.136098287459635,8-30 days,High,1
CLM105381,31,13.6,Motor,5570.02,24574.76,0,19,4.0,2,1,0.178,0,1,4.41196979544059,8-30 days,Medium,1
CLM105382,51,13.0,Motor,7140.86,25972.17,2,2,6.0,1,18,0.225,0,0,3.637120738958613,2-7 days,Medium,0
CLM105383,72,10.2,Motor,10014.24,49012.67,2,7,3.0,3,14,0.179,0,0,4.894297520331048,2-7 days,Very High,1
CLM105384,21,3.4,Travel,12291.94,25964.75,1,7,4.0,1,7,0.097,0,0,2.1123394679765766,2-7 days,Medium,0
CLM105385,41,9.6,Personal,8306.38,23471.28,0,25,4.0,1,16,0.512,1,1,2.825693021508768,8-30 days,Medium,0
CLM105386,46,7.7,Home,8203.65,19148.77,3,23,6.0,1,12,0.294,0,0,2.3341768602999884,8-30 days,Medium,0
CLM105387,36,10.8,Travel,9068.84,9080.02,1,14,2.0,2,21,0.075,0,0,1.0012327927276257,8-30 days,Low,0
CLM105388,23,12.5,Home,13231.17,56402.23,2,4,4.0,1,2,0.196,0,0,4.262830120087642,2-7 days,Very High,1
CLM105389,74,11.2,Home,7681.52,18998.67,1,12,4.0,3,9,0.37,0,0,2.473295649819306,8-30 days,Medium,0
CLM105390,50,12.7,Personal,10468.6,70595.84,3,14,2.0,0,12,0.11,0,0,6.743579848308274,8-30 days,Very High,1
CLM105391,66,1.1,Motor,10042.5,72092.4,3,6,2.0,0,10,0.162,0,0,7.178730395817774,2-7 days,Very High,1
CLM105392,57,0.7,Motor,6420.28,169162.09,1,11,1.0,3,0,0.129,0,0,26.348086064782223,8-30 days,Very High,1
CLM105393,36,4.0,Personal,11682.32,39079.96,4,2,3.0,1,13,0.38,1,0,3.3452225242931197,2-7 days,High,0
CLM105394,70,13.5,Travel,3345.4,42624.41,2,30,1.0,2,1,0.265,0,0,12.741199856519401,8-30 days,High,1
CLM105395,18,12.4,Motor,13706.2,44314.48,2,7,6.0,2,21,0.093,0,0,3.2331703900424626,2-7 days,High,0
CLM105396,22,10.3,Personal,4966.49,34033.03,0,9,2.0,1,11,0.54,0,0,6.852531667233801,8-30 days,High,1
CLM105397,44,10.6,Motor,7984.51,67844.93,0,1,5.0,1,3,0.039,0,0,8.497068699268958,0-1 days,Very High,1
CLM105398,33,11.0,Motor,12343.18,26318.46,1,7,4.0,2,11,0.195,0,0,2.1322268653620866,2-7 days,Medium,0
CLM105399,23,14.2,Home,7013.98,42365.73,1,21,4.0,2,0,0.39,0,0,6.040184032460886,8-30 days,High,1
CLM105400,57,12.5,Motor,9444.6,25810.53,1,17,2.0,2,9,0.179,0,0,2.7328346356648243,8-30 days,Medium,0
CLM105401,30,9.4,Home,12433.43,10473.25,1,11,4.0,2,3,0.146,0,0,0.8423459978461293,8-30 days,Low,0
CLM105402,65,10.1,Motor,19526.35,48934.63,0,21,1.0,3,1,0.268,0,0,2.5060817817974175,8-30 days,Very High,0
CLM105403,52,3.4,Motor,8442.64,3560.27,2,26,4.0,1,22,0.224,0,0,0.4217010319047123,8-30 days,Low,0
CLM105404,36,9.9,Home,9216.29,42275.72,0,25,5.0,3,21,0.066,0,0,4.587064860155225,8-30 days,High,1
CLM105405,29,6.5,Home,8656.19,63287.79,3,17,3.0,1,12,0.311,0,0,7.311275514978298,8-30 days,Very High,1
CLM105406,33,2.5,Motor,7694.44,43519.03,0,18,6.0,2,7,0.066,0,0,5.655906082833838,8-30 days,High,1
CLM105407,60,12.1,Personal,4638.95,15491.4,0,26,6.0,2,1,0.024,0,0,3.339419480701452,8-30 days,Low,0
CLM105408,27,7.8,Home,5133.05,89296.42,0,4,6.0,0,2,0.232,0,0,17.396366682576634,2-7 days,Very High,1
CLM105409,42,14.7,Motor,8445.55,109197.49,0,15,1.0,2,14,0.062,0,0,12.929588955130217,8-30 days,Very High,1
CLM105410,37,4.4,Motor,9910.13,46126.41,1,16,3.0,1,6,0.207,0,0,4.6544707284364595,8-30 days,High,1
CLM105411,48,7.3,Travel,14994.87,112539.72,1,8,3.0,2,9,0.264,0,0,7.5052147834559415,8-30 days,Very High,1
CLM105412,21,6.8,Home,7734.5,137297.19,0,9,5.0,3,19,0.233,0,0,17.751268989592088,8-30 days,Very High,1
CLM105413,61,2.0,Motor,16911.07,17305.19,1,18,6.0,1,10,0.703,0,0,1.0233054443036425,8-30 days,Medium,0
CLM105414,40,6.5,Motor,4943.32,14139.66,1,28,5.0,2,21,0.438,1,0,2.8603570070317117,8-30 days,Low,0
CLM105415,19,4.5,Motor,9343.08,48891.09,1,11,5.0,0,22,0.293,1,0,5.232866463735727,8-30 days,Very High,1
CLM105416,73,2.6,Motor,7536.97,2655.24,1,0,5.0,2,13,0.284,0,0,0.35229541845065054,0-1 days,Low,0
CLM105417,39,4.4,Home,4708.76,28465.055,1,21,6.0,0,18,0.335,0,0,6.045127591977505,8-30 days,Medium,1
CLM105418,68,3.7,Personal,3967.66,17079.97,1,16,1.0,0,13,0.206,0,0,4.304796781982327,8-30 days,Low,1
CLM105419,74,11.1,Motor,6989.87,24297.28,1,2,5.0,1,21,0.192,0,0,3.476070370407461,2-7 days,Medium,0
CLM105420,54,0.7,Personal,7229.39,11153.74,1,6,1.0,0,22,0.198,0,0,1.5428327977879184,2-7 days,Low,0
CLM105421,25,9.3,Personal,5699.61,24971.44,2,19,4.0,0,0,0.131,0,0,4.381254155986111,8-30 days,Medium,1
CLM105422,24,11.5,Personal,11974.79,44108.24,1,8,3.0,2,6,0.531,0,0,3.6834249285373684,8-30 days,High,0
CLM105423,31,7.3,Personal,7081.64,102157.16,1,22,6.0,3,4,0.046,0,0,14.425635869657311,8-30 days,Very High,1
CLM105424,73,14.0,Personal,5452.44,39792.31,1,4,4.0,2,6,0.362,0,0,7.298073889854817,2-7 days,High,1
CLM105425,72,10.7,Home,7643.46,7398.74,1,8,4.0,2,12,0.338,0,0,0.9679830861939488,8-30 days,Low,0
CLM105426,20,11.3,Motor,6398.06,29407.09,1,18,2.0,2,6,0.319,0,0,4.596251051099864,8-30 days,High,1
CLM105427,67,3.1,Home,17835.75,81170.7,0,10,6.0,3,21,0.218,1,0,4.551011311551238,8-30 days,Very High,1
CLM105428,33,11.7,Personal,7375.79,23969.26,1,13,4.0,3,18,0.066,0,0,3.2497210468302375,8-30 days,Medium,0
CLM105429,72,12.5,Motor,5624.23,46818.41,0,13,4.0,1,12,0.282,0,0,8.324412408454137,8-30 days,High,1
CLM105430,36,5.5,Motor,17820.76,69534.81,2,7,2.0,1,15,0.282,0,0,3.9018992455989534,2-7 days,Very High,0
CLM105431,68,3.4,Motor,11779.17,31865.04,0,23,6.0,0,20,0.588,1,1,2.7052024888001447,8-30 days,High,0
CLM105432,35,5.9,Personal,8916.51,36647.83,0,19,4.0,1,14,0.315,0,0,4.110109224348989,8-30 days,High,1
CLM105433,69,11.1,Travel,5940.2,43573.22,2,0,2.0,2,18,0.257,0,0,7.335311942358843,0-1 days,High,1
CLM105434,33,6.4,Home,12001.22,20500.03,5,3,1.0,2,6,0.214,0,0,1.708162170179365,2-7 days,Medium,0
CLM105435,25,11.1,Motor,4399.67,24020.52,0,30,3.0,1,4,0.148,0,0,5.459618562301263,8-30 days,Medium,1
CLM105436,50,1.9,Home,11612.0,14493.95,1,15,5.0,2,13,0.253,0,0,1.2481872201171202,8-30 days,Low,0
CLM105437,66,12.1,Motor,9512.64,19458.92,1,24,4.0,2,22,0.31,0,0,2.0455856628654083,8-30 days,Medium,0
CLM105438,29,3.9,Home,13271.16,51451.14,1,25,1.0,0,15,0.09,1,0,3.8769135478737353,8-30 days,Very High,0
CLM105439,70,3.9,Motor,2938.4,41951.78,0,0,3.0,3,23,0.136,0,0,14.277082766131228,0-1 days,High,1
CLM105440,28,8.9,Personal,5616.95,11967.67,2,18,1.0,0,10,0.07,0,0,2.1306349531329283,8-30 days,Low,0
CLM105441,22,1.2,Home,5420.5,13716.4,1,23,2.0,2,23,0.288,0,0,2.530467669034222,8-30 days,Low,0
CLM105442,44,0.6,Home,5139.72,18086.0,0,2,1.0,1,20,0.39,0,0,3.518868732148833,2-7 days,Medium,0
CLM105443,29,4.1,Travel,10291.56,9725.78,3,1,4.0,3,10,0.223,0,0,0.9450248553183387,0-1 days,Low,0
CLM105444,34,8.2,Home,7442.34,33931.08,1,16,4.0,3,11,0.158,0,0,4.559195091866268,8-30 days,High,1
CLM105445,23,13.6,Motor,5742.93,17519.41,0,24,6.0,1,20,0.498,0,0,3.050604830635233,8-30 days,Medium,0
CLM105446,50,12.7,Home,5174.25,41232.82,0,10,5.0,1,12,0.33,1,1,7.96884959172827,8-30 days,High,1
CLM105447,22,7.5,Personal,5515.37,59986.24,3,25,5.0,2,7,0.273,0,0,10.876195069415107,8-30 days,Very High,1
CLM105448,74,0.7,Motor,12549.36,7984.0,1,2,4.0,2,5,0.019,0,0,0.6362077428649747,2-7 days,Low,0
CLM105449,45,8.1,Home,8248.69,17525.95,0,6,1.0,1,21,0.351,0,0,2.1246949515620055,2-7 days,Medium,0
CLM105450,31,10.6,Personal,12356.51,8785.64,2,9,6.0,2,1,0.199,1,0,0.7110130611313388,8-30 days,Low,0
CLM105451,22,5.2,Personal,28195.7,7057.58,2,2,6.0,2,22,0.332,0,0,0.25030696169983363,2-7 days,Low,0
CLM105452,71,1.8,Home,8431.96,42123.35,2,28,4.0,1,9,0.57,0,0,4.995677161656365,8-30 days,High,1
CLM105453,73,4.3,Travel,4492.48,32805.6,2,7,1.0,1,22,0.0,1,1,7.302336348742788,2-7 days,High,1
CLM105454,50,11.6,Personal,7991.7,18316.76,1,24,4.0,2,21,0.442,0,0,2.2919729219064777,8-30 days,Medium,0
CLM105455,67,5.4,Personal,19799.51,13728.41,0,27,3.0,1,1,0.163,0,0,0.6933711995902929,8-30 days,Low,0
CLM105456,65,12.2,Personal,13861.29,12443.26,0,23,1.0,1,10,0.409,1,0,0.897698554752119,8-30 days,Low,0
CLM105457,58,4.9,Home,6355.69,31963.41,0,4,2.0,3,4,0.114,0,0,5.029101482293819,2-7 days,High,1
CLM105458,36,2.6,Motor,7413.11,23529.03,0,26,2.0,3,5,0.052,0,0,3.173975564911353,8-30 days,Medium,0
CLM105459,39,6.7,Motor,12047.08,14296.96,1,9,3.0,1,15,0.329,1,0,1.186757288903203,8-30 days,Low,0
CLM105460,22,6.9,Motor,10547.31,38295.32,1,11,3.0,3,19,0.057,0,0,3.630813923170932,8-30 days,High,0
CLM105461,19,0.4,Personal,12105.02,34609.68,1,17,2.0,0,9,0.086,0,0,2.859117952717137,8-30 days,High,0
CLM105462,47,1.9,Personal,7633.12,13520.93,3,5,4.0,0,13,0.086,0,0,1.7713503783511855,2-7 days,Low,0
CLM105463,64,2.9,Home,10124.27,19619.36,2,7,2.0,1,5,0.1,0,0,1.9378542848027562,2-7 days,Medium,0
CLM105464,56,1.9,Home,7409.02,53392.64,2,17,4.0,1,4,0.307,1,0,7.206437558543505,8-30 days,Very High,1
CLM105465,21,5.3,Motor,15912.59,49082.03,4,5,3.0,2,9,0.186,0,0,3.0844777625766766,2-7 days,Very High,0
CLM105466,50,14.5,Motor,4276.92,17116.91,1,22,6.0,0,11,0.19,0,0,4.002158095077766,8-30 days,Low,1
CLM105467,30,7.7,Travel,4282.86,97351.73,1,29,6.0,3,21,0.083,0,0,22.73054220777705,8-30 days,Very High,1
CLM105468,37,9.5,Motor,6162.45,24550.91,3,8,6.0,3,16,0.18,0,0,3.983952810976154,8-30 days,Medium,0
CLM105469,71,5.5,Motor,6263.88,50580.56,1,15,5.0,3,15,0.0,1,0,8.074956736080512,8-30 days,Very High,1
CLM105470,24,5.0,Home,4276.46,12726.9,1,10,6.0,3,9,0.001,0,0,2.976036254285086,8-30 days,Low,0
CLM105471,32,0.5,Motor,3943.7,24978.92,0,24,2.0,0,16,0.088,0,0,6.333879351877679,8-30 days,Medium,1
CLM105472,40,7.6,Personal,13747.98,14089.91,1,29,5.0,0,1,0.031,0,0,1.0248712901822667,8-30 days,Low,0
CLM105473,31,7.4,Motor,7884.63,8101.69,0,1,6.0,1,1,0.223,0,0,1.0275295099452986,0-1 days,Low,0
CLM105474,40,2.5,Personal,7620.68,27122.87,1,16,6.0,2,13,0.296,1,0,3.559114147293942,8-30 days,Medium,0
CLM105475,36,11.5,Motor,8718.09,21893.96,3,12,3.0,0,3,0.202,1,0,2.51132530175761,8-30 days,Medium,0
CLM105476,71,7.5,Motor,17448.14,62567.23,0,6,1.0,1,11,0.023,0,0,3.5858968348488722,2-7 days,Very High,0
CLM105477,46,5.2,Home,8956.7,18157.1,2,21,6.0,1,1,0.127,0,0,2.027208681768955,8-30 days,Medium,0
CLM105478,73,2.4,Travel,8084.98,34253.48,1,9,3.0,1,13,0.348,0,0,4.236680857590248,8-30 days,High,1
CLM105479,37,8.4,Home,6379.88,20652.53,2,25,3.0,4,23,0.388,0,0,3.2371345542549386,8-30 days,Medium,0
CLM105480,46,11.3,Motor,11129.5,13495.69,2,12,3.0,2,23,0.007,1,0,1.212605238330563,8-30 days,Low,0
CLM105481,41,4.4,Motor,8257.33,51269.35,0,9,1.0,1,17,0.271,0,1,6.208950108570203,8-30 days,Very High,1
CLM105482,35,3.4,Home,17877.08,17665.37,0,27,1.0,1,8,0.069,0,0,0.9881574619568743,8-30 days,Medium,0
CLM105483,27,7.9,Motor,7906.82,20218.26,2,3,3.0,0,22,0.39,0,0,2.5570659253656967,2-7 days,Medium,0
CLM105484,58,2.5,Motor,13376.62,11492.86,0,26,1.0,0,23,0.399,0,0,0.85917518775296,8-30 days,Low,0
CLM105485,74,10.1,Home,6172.39,7891.41,2,10,4.0,2,7,0.198,0,0,1.2785015204807213,8-30 days,Low,0
CLM105486,25,9.2,Motor,6145.3,39334.25,0,8,3.0,0,6,0.05,1,0,6.400704603518135,8-30 days,High,1
CLM105487,43,1.5,Motor,3735.98,25994.07,2,15,6.0,3,12,0.267,0,0,6.957764763194664,8-30 days,Medium,1
CLM105488,46,0.7,Motor,12153.01,55749.63,1,16,2.0,1,1,0.156,0,1,4.587310468764528,8-30 days,Very High,1
CLM105489,27,9.4,Personal,8355.01,41013.97,1,22,4.0,0,1,0.435,0,0,4.908907350200658,8-30 days,High,1
CLM105490,34,4.6,Motor,11334.71,11006.58,1,4,3.0,4,15,0.263,0,0,0.9710508694090983,2-7 days,Low,0
CLM105491,19,1.5,Personal,18235.05,28067.5,0,4,2.0,2,15,0.05,0,0,1.5392060893718416,2-7 days,Medium,0
CLM105492,23,11.4,Motor,5807.01,27264.94,0,5,6.0,1,23,0.358,0,0,4.69517703603059,2-7 days,Medium,1
CLM105493,75,4.8,Travel,5424.8,59768.78,0,30,2.0,1,17,0.359,1,0,11.017692818168412,8-30 days,Very High,1
CLM105494,22,7.0,Motor,5964.69,70597.33,0,1,5.0,1,1,0.291,0,0,11.835875795724506,0-1 days,Very High,1
CLM105495,45,3.7,Home,3298.59,7655.58,2,26,5.0,1,6,0.267,0,0,2.3208643693214372,8-30 days,Low,0
CLM105496,58,9.5,Personal,7792.19,63826.79,2,13,2.0,0,6,0.333,0,0,8.19112341973181,8-30 days,Very High,1
CLM105497,22,4.7,Travel,12653.78,57704.32,0,10,3.0,0,16,0.019,0,0,4.560243658416694,8-30 days,Very High,1
CLM105498,35,14.5,Travel,8689.65,15231.86,1,18,3.0,0,22,0.223,1,0,1.7528738211550525,8-30 days,Low,0
CLM105499,43,10.6,Personal,4191.9,27059.52,2,10,3.0,1,11,0.063,0,0,6.455192156301439,8-30 days,Medium,1
CLM105500,37,2.2,Motor,7238.89,5782.35,1,24,3.0,1,12,0.371,0,0,0.7987895934321423,8-30 days,Low,0
CLM105501,58,6.4,Home,8992.52,26963.83,0,19,2.0,1,4,0.186,1,0,2.9984731754836242,8-30 days,Medium,0
CLM105502,66,5.9,Home,13107.65,12741.23,2,5,6.0,2,14,0.172,0,0,0.9720453323059435,2-7 days,Low,0
CLM105503,44,8.1,Personal,12163.95,41384.03,0,12,1.0,0,20,0.055,0,0,3.402186789653032,8-30 days,High,0
CLM105504,66,12.7,Motor,7276.14,38174.77,3,28,1.0,1,1,0.177,1,0,5.2465689225331005,8-30 days,High,1
CLM105505,29,8.8,Personal,7270.35,26092.71,0,18,6.0,1,5,0.093,0,1,3.5889207534712906,8-30 days,Medium,0
CLM105506,24,1.1,Motor,11105.33,32448.62,2,2,6.0,2,3,0.1,0,0,2.9218960625213297,2-7 days,High,0
CLM105507,20,9.9,Home,6508.31,15483.93,1,24,3.0,2,22,0.06,0,1,2.379101487175626,8-30 days,Low,0
CLM105508,27,0.3,Motor,12490.65,12011.59,1,15,5.0,3,12,0.047,0,0,0.9616465115906698,8-30 days,Low,0
CLM105509,51,11.7,Motor,6318.73,136723.27,2,8,2.0,2,1,0.24,0,0,21.637776895040616,8-30 days,Very High,1
CLM105510,42,10.1,Travel,17082.9,60376.29,1,28,1.0,1,23,0.3,0,0,3.5343115044869426,8-30 days,Very High,0
CLM105511,52,4.8,Home,9449.28,30886.11,1,2,6.0,1,4,0.222,1,0,3.2686204663212433,2-7 days,High,0
CLM105512,33,4.5,Personal,3519.17,23846.98,1,18,2.0,0,7,0.286,0,0,6.776308049909495,8-30 days,Medium,1
CLM105513,19,12.0,Travel,11339.18,169751.78,1,14,5.0,1,15,0.19,0,0,14.970375282868778,8-30 days,Very High,1
CLM105514,41,11.8,Home,9532.86,98238.45,0,21,6.0,2,6,0.067,0,0,10.30524417645911,8-30 days,Very High,1
CLM105515,27,5.4,Personal,10578.62,22615.57,2,12,2.0,2,2,0.42,0,0,2.137856355554883,8-30 days,Medium,0
CLM105516,55,4.6,Home,23415.93,13520.94,0,16,5.0,2,8,0.409,0,0,0.5774248556431455,8-30 days,Low,0
CLM105517,39,8.5,Home,7557.13,29123.22,0,29,6.0,0,12,0.28,0,0,3.8537407719597256,8-30 days,High,0
CLM105518,43,0.3,Motor,4226.84,21087.4,1,20,5.0,2,1,0.017,0,0,4.988927898855883,8-30 days,Medium,1
CLM105519,60,1.4,Motor,15036.16,13761.29,1,24,4.0,0,18,0.056,0,0,0.9152130597173748,8-30 days,Low,0
CLM105520,72,2.1,Home,3816.23,78350.57,1,24,6.0,0,10,0.062,0,0,20.530882572591278,8-30 days,Very High,1
CLM105521,56,2.9,Personal,6075.03,41491.0,1,7,5.0,6,9,0.524,0,0,6.829760511470726,2-7 days,High,1
CLM105522,44,7.8,Motor,8662.55,20629.93,0,21,4.0,2,10,0.24,0,0,2.381507754644995,8-30 days,Medium,0
CLM105523,46,14.9,Motor,5672.49,20417.41,0,13,6.0,2,16,0.183,0,0,3.599373467383812,8-30 days,Medium,0
CLM105524,64,9.9,Home,8259.53,28271.01,1,8,6.0,2,16,0.2,0,0,3.4228351976444173,8-30 days,Medium,0
CLM105525,55,1.1,Motor,7996.12,19446.88,1,2,5.0,0,2,0.118,1,0,2.432039539176501,2-7 days,Medium,0
CLM105526,37,8.0,Travel,16965.57,18225.93,1,28,5.0,0,11,0.17,0,0,1.074289281173577,8-30 days,Medium,0
CLM105527,44,7.6,Travel,2858.47,130652.05,0,8,2.0,1,2,0.195,1,0,45.70698660472211,8-30 days,Very High,1
CLM105528,58,2.3,Motor,8840.78,14129.22,0,23,4.0,2,4,0.088,0,0,1.5981870377953074,8-30 days,Low,0
CLM105529,71,13.8,Personal,5616.64,5331.16,0,11,6.0,3,5,0.014,0,0,0.9491724589790337,8-30 days,Low,0
CLM105530,37,6.7,Home,6599.1,45738.72,3,14,1.0,1,19,0.197,0,1,6.9310542346683635,8-30 days,High,1
CLM105531,61,14.9,Home,11543.33,64684.59,0,16,1.0,0,9,0.057,0,1,5.6036334402637715,8-30 days,Very High,1
CLM105532,36,6.4,Motor,10731.41,31431.68,0,8,2.0,1,10,0.353,0,0,2.9289422359224,8-30 days,High,0
CLM105533,37,9.2,Motor,9917.82,8363.36,0,23,1.0,0,22,0.259,0,0,0.8432659596564569,8-30 days,Low,0
CLM105534,52,1.8,Personal,4826.2,25286.59,2,7,1.0,3,18,0.163,0,0,5.239440968049397,2-7 days,Medium,1
CLM105535,64,6.9,Motor,14495.64,19118.78,0,5,5.0,1,19,0.065,1,0,1.3189331412755836,2-7 days,Medium,0
CLM105536,19,3.7,Motor,5731.51,76328.84,1,8,3.0,2,10,0.289,0,0,13.31740501194275,8-30 days,Very High,1
CLM105537,47,12.6,Motor,15862.24,14855.54,3,14,3.0,1,20,0.295,0,0,0.936534814755041,8-30 days,Low,0
CLM105538,70,11.8,Motor,6346.04,33283.35,0,23,1.0,1,7,0.107,0,0,5.24474317842308,8-30 days,High,1
CLM105539,51,12.4,Motor,13516.9,43846.81,2,17,2.0,1,8,0.237,1,0,3.2438510309316486,8-30 days,High,0
CLM105540,39,10.9,Motor,8898.17,14717.09,1,21,2.0,3,2,0.043,0,0,1.6539456989470869,8-30 days,Low,0
CLM105541,20,12.5,Personal,4001.82,17921.12,0,27,4.0,1,0,0.206,0,0,4.478242399708132,8-30 days,Medium,1
CLM105542,23,3.2,Travel,7243.41,38751.41,0,10,2.0,1,1,0.049,1,0,5.349884929887995,8-30 days,High,1
CLM105543,32,6.9,Motor,18285.72,2532.61,4,30,2.0,0,1,0.102,0,0,0.13850206609310434,8-30 days,Low,0
CLM105544,44,10.4,Travel,12312.56,77763.68,0,23,5.0,2,2,0.186,0,0,6.315801100664687,8-30 days,Very High,1
CLM105545,27,9.6,Motor,6988.56,13113.81,0,13,5.0,1,17,0.369,1,0,1.876468113602802,8-30 days,Low,0
CLM105546,26,10.8,Home,15282.55,28944.64,1,12,6.0,0,16,0.043,0,0,1.8939666482360602,8-30 days,High,0
CLM105547,50,3.5,Motor,9649.56,10152.5,2,12,1.0,0,11,0.186,0,0,1.0521205111942928,8-30 days,Low,0
CLM105548,49,1.7,Motor,17802.4,75262.41,1,21,6.0,2,5,0.288,0,0,4.227655259964949,8-30 days,Very High,1
CLM105549,65,13.8,Personal,8202.32,28010.86,4,12,2.0,1,6,0.013,0,0,3.4149923436296072,8-30 days,Medium,0
CLM105550,23,8.5,Motor,7453.87,32872.23,0,29,3.0,4,16,0.116,1,0,4.410088987331414,8-30 days,High,1
CLM105551,58,2.5,Personal,13259.87,42595.13,1,26,2.0,0,8,0.267,0,0,3.2123339067426753,8-30 days,High,0
CLM105552,53,11.9,Motor,9520.68,63409.02,1,24,2.0,1,22,0.094,0,0,6.660135620564917,8-30 days,Very High,1
CLM105553,19,13.7,Motor,10923.86,12099.61,2,15,1.0,1,11,0.033,0,0,1.1076313683990824,8-30 days,Low,0
CLM105554,46,2.7,Travel,5765.55,22875.9,3,11,3.0,2,13,0.126,0,0,3.967687384551344,8-30 days,Medium,0
CLM105555,21,12.3,Home,14398.27,72175.82,0,20,1.0,2,10,0.146,0,0,5.012811955880811,8-30 days,Very High,1
CLM105556,18,14.0,Motor,13224.82,20143.22,1,23,2.0,0,3,0.429,0,0,1.5231375549912969,8-30 days,Medium,0
CLM105557,36,14.1,Motor,15615.51,78053.04,0,25,3.0,1,18,0.557,0,0,4.998430406691808,8-30 days,Very High,1
CLM105558,43,13.7,Motor,4609.73,32680.04,1,17,2.0,3,5,0.234,0,0,7.089360982096566,8-30 days,High,1
CLM105559,42,8.3,Personal,5037.15,20373.3,3,11,6.0,3,18,0.195,0,0,4.0446085584110065,8-30 days,Medium,1
CLM105560,27,5.5,Home,6073.74,47098.12,0,4,1.0,3,15,0.002,0,0,7.754385271677748,2-7 days,High,1
CLM105561,70,0.3,Motor,7632.09,24951.48,0,16,1.0,2,15,0.043,0,0,3.269285346477832,8-30 days,Medium,0
CLM105562,32,1.1,Personal,4665.71,52976.12,0,20,5.0,1,3,0.366,0,0,11.354353356723843,8-30 days,Very High,1
CLM105563,39,6.5,Motor,11323.08,19549.52,0,22,3.0,0,4,0.055,0,0,1.7265196395327067,8-30 days,Medium,0
CLM105564,68,6.1,Motor,6978.53,53236.56,1,0,5.0,5,9,0.286,0,0,7.628620927329968,0-1 days,Very High,1
CLM105565,65,2.9,Motor,14958.1,38874.6,2,12,6.0,4,4,0.562,0,0,2.59889959286273,8-30 days,High,0
CLM105566,38,6.1,Home,21858.24,21720.41,1,9,3.0,3,8,0.016,1,0,0.9936943688055396,8-30 days,Medium,0
CLM105567,73,2.8,Motor,6506.12,7134.3,0,2,4.0,3,17,0.127,1,0,1.0965521693420963,2-7 days,Low,0
CLM105568,39,12.8,Home,6018.17,40088.04,0,5,3.0,1,22,0.257,0,0,6.661167763622497,2-7 days,High,1
CLM105569,53,4.6,Personal,11897.67,62709.56,3,15,2.0,0,22,0.386,0,1,5.2707429269764585,8-30 days,Very High,1
CLM105570,51,9.1,Motor,8879.14,32341.94,1,27,3.0,0,5,0.022,0,0,3.6424631214284267,8-30 days,High,0
CLM105571,47,7.6,Motor,10038.41,5200.63,4,0,5.0,2,13,0.186,1,0,0.5180730812947469,0-1 days,Low,0
CLM105572,42,1.0,Motor,15460.58,65822.27,2,18,1.0,0,19,0.38,0,0,4.257425659321966,8-30 days,Very High,1
CLM105573,62,14.1,Home,7521.83,37740.21,1,7,1.0,1,22,0.241,0,0,5.017423951352264,2-7 days,High,1
CLM105574,45,8.0,Personal,5261.84,44501.74,0,8,3.0,1,15,0.116,0,0,8.457448345065604,8-30 days,High,1
CLM105575,18,5.0,Motor,4885.9,28465.055,1,22,4.0,1,2,0.309,0,0,5.825959393356394,8-30 days,Medium,1
CLM105576,66,2.5,Motor,7848.09,6574.78,0,19,1.0,1,0,0.096,0,0,0.8377554283908568,8-30 days,Low,0
CLM105577,62,5.2,Motor,7255.27,43275.52,0,22,6.0,3,5,0.173,0,0,5.964701520412058,8-30 days,High,1
CLM105578,21,0.5,Motor,12544.26,23750.1,2,6,1.0,3,0,0.122,0,0,1.8933041885292554,2-7 days,Medium,0
CLM105579,24,5.6,Home,15905.78,16183.1,1,10,6.0,0,5,0.225,0,0,1.0174351713653778,8-30 days,Low,0
CLM105580,66,8.1,Motor,15877.65,103491.83,1,22,6.0,1,20,0.208,1,0,6.518082335862045,8-30 days,Very High,1
CLM105581,26,13.1,Motor,6200.19,43540.23,1,7,6.0,2,4,0.176,0,0,7.0224025392770235,2-7 days,High,1
CLM105582,53,10.4,Home,5921.6,32997.92,3,10,1.0,2,11,0.186,0,0,5.572466900837611,8-30 days,High,1
CLM105583,36,1.9,Motor,3758.51,14660.11,1,13,4.0,1,5,0.275,0,1,3.90051110679498,8-30 days,Low,0
CLM105584,18,2.4,Home,8511.59,13345.95,2,13,5.0,2,7,0.063,0,0,1.5679737863313437,8-30 days,Low,0
CLM105585,27,6.5,Motor,12656.76,40797.62,2,3,3.0,2,18,0.05,0,0,3.2233857638131718,2-7 days,High,0
CLM105586,53,3.1,Personal,6184.6,6270.79,1,19,6.0,2,4,0.362,0,0,1.0139362286970863,8-30 days,Low,0
CLM105587,26,0.6,Motor,4366.66,42322.44,0,8,4.0,0,14,0.329,0,0,9.692176629277297,8-30 days,High,1
CLM105588,62,12.1,Personal,19859.63,44325.0,1,7,3.0,3,13,0.069,0,0,2.231914693274749,2-7 days,High,0
CLM105589,63,0.5,Motor,6188.83,78531.07,3,14,2.0,1,15,0.059,0,0,12.689162571923935,8-30 days,Very High,1
CLM105590,59,12.5,Travel,8080.91,58476.11,0,26,6.0,4,5,0.068,1,0,7.23632734432137,8-30 days,Very High,1
CLM105591,49,2.3,Motor,6890.7,65840.52,1,19,3.0,0,16,0.115,0,0,9.554982802908269,8-30 days,Very High,1
CLM105592,49,14.6,Home,4664.74,17887.57,5,5,6.0,4,16,0.331,0,0,3.834633870269297,2-7 days,Medium,0
CLM105593,23,9.1,Motor,12754.86,9327.57,2,24,1.0,1,15,0.238,0,0,0.7312953650608474,8-30 days,Low,0
CLM105594,65,11.1,Home,3869.15,31941.78,2,15,4.0,1,0,0.036,1,0,8.255503146685964,8-30 days,High,1
CLM105595,55,1.8,Home,14097.89,39050.17,2,15,6.0,2,17,0.293,0,0,2.769930110108676,8-30 days,High,0
CLM105596,34,13.0,Home,9589.69,59782.75,1,28,3.0,0,3,0.322,1,0,6.234064917635502,8-30 days,Very High,1
CLM105597,27,12.6,Home,7531.97,85392.06,2,13,5.0,1,21,0.172,0,0,11.337280950402086,8-30 days,Very High,1
CLM105598,67,9.9,Motor,7588.85,11692.77,3,27,2.0,2,2,0.252,0,0,1.5407828590629673,8-30 days,Low,0
CLM105599,44,7.6,Motor,10427.95,53243.41,2,29,5.0,3,2,0.249,0,0,5.105836717667422,8-30 days,Very High,1
CLM105600,71,10.9,Home,6364.89,5203.14,0,14,5.0,5,12,0.178,0,0,0.8174752430913967,8-30 days,Low,0
CLM105601,67,0.3,Motor,9203.7,34419.75,1,21,2.0,1,19,0.185,0,0,3.739773134717559,8-30 days,High,0
CLM105602,52,9.0,Motor,5699.58,47329.23,0,26,1.0,0,3,0.239,0,0,8.303985556830504,8-30 days,Very High,1
CLM105603,69,12.7,Motor,3228.79,8910.8,1,20,4.0,2,10,0.213,0,0,2.75979546517426,8-30 days,Low,0
CLM105604,38,5.5,Motor,11220.15,44708.32,2,11,3.0,1,20,0.109,0,0,3.9846454815666457,8-30 days,High,0
CLM105605,42,1.8,Home,25451.92,12597.88,2,22,2.0,0,4,0.092,1,0,0.4949677666753628,8-30 days,Low,0
CLM105606,45,6.4,Home,10965.91,20837.87,1,17,5.0,0,1,0.436,0,0,1.9002408372857336,8-30 days,Medium,0
CLM105607,64,11.0,Personal,8320.53,53354.76,2,23,3.0,3,5,0.12,0,0,6.412423247076808,8-30 days,Very High,1
CLM105608,32,1.8,Motor,7110.65,22063.94,2,10,6.0,2,4,0.025,0,0,3.102942768945174,8-30 days,Medium,0
CLM105609,21,3.2,Personal,7211.65,21810.66,2,6,2.0,3,0,0.369,0,0,3.0243647431586393,2-7 days,Medium,0
CLM105610,46,2.4,Home,7110.39,35579.26,0,5,6.0,1,22,0.173,0,0,5.003840858237031,2-7 days,High,1
CLM105611,26,12.0,Personal,9296.26,50948.55,0,2,2.0,1,22,0.168,0,0,5.4805427128759305,2-7 days,Very High,1
CLM105612,44,1.1,Personal,2904.31,27977.75,0,8,1.0,0,10,0.171,0,0,9.633183096845723,8-30 days,Medium,1
CLM105613,43,10.4,Home,2685.77,91686.05,2,14,6.0,0,5,0.381,0,1,34.13771469634407,8-30 days,Very High,1
CLM105614,36,5.6,Motor,10413.51,21769.04,0,1,1.0,1,16,0.024,1,0,2.0904613334024744,0-1 days,Medium,0
CLM105615,73,11.4,Motor,7771.45,70576.18,1,3,4.0,8,10,0.356,0,0,9.081468709185543,2-7 days,Very High,1
CLM105616,45,14.5,Motor,5454.68,41657.01,3,1,4.0,0,6,0.233,1,0,7.636930122390314,0-1 days,High,1
CLM105617,34,1.9,Personal,5387.63,46350.0,1,5,3.0,1,15,0.327,0,0,8.603040669088264,2-7 days,High,1
CLM105618,60,4.9,Personal,6613.39,11724.57,2,11,4.0,0,19,0.107,0,0,1.772853256801731,8-30 days,Low,0
CLM105619,74,12.2,Travel,7041.42,69714.69,0,6,6.0,4,4,0.609,0,0,9.900657821859795,2-7 days,Very High,1
CLM105620,58,4.1,Personal,16128.23,30638.55,1,8,6.0,1,6,0.162,0,0,1.899684590311522,8-30 days,High,0
CLM105621,59,3.4,Personal,5251.65,158605.03,0,5,2.0,1,2,0.17,0,0,30.200990164995765,2-7 days,Very High,1
CLM105622,67,12.4,Home,11987.25,33955.95,1,21,2.0,0,1,0.034,0,0,2.8326722142276166,8-30 days,High,0
CLM105623,37,14.8,Home,11086.03,27579.58,0,4,2.0,1,0,0.16,0,0,2.4877778609655574,2-7 days,Medium,0
CLM105624,62,8.4,Motor,7735.52,19042.46,0,25,6.0,3,7,0.042,1,0,2.4616910046124887,8-30 days,Medium,0
CLM105625,57,4.3,Motor,11992.84,28101.62,1,26,2.0,1,23,0.526,0,1,2.3431997758662666,8-30 days,Medium,0
CLM105626,56,6.1,Motor,10368.98,80693.27,5,27,1.0,2,6,0.108,0,0,7.782180118005822,8-30 days,Very High,1
CLM105627,66,2.7,Motor,4829.71,50364.26,0,25,2.0,1,9,0.191,1,1,10.428009135124055,8-30 days,Very High,1
CLM105628,70,11.5,Home,6508.23,34928.44,1,3,2.0,0,13,0.091,0,0,5.366810945525897,2-7 days,High,1
CLM105629,40,11.6,Motor,10120.51,53199.5,2,9,2.0,2,8,0.239,0,0,5.2566026810901825,8-30 days,Very High,1
CLM105630,64,13.2,Personal,6494.59,20093.88,1,26,5.0,1,10,0.397,0,0,3.0939412649605287,8-30 days,Medium,0
CLM105631,49,0.6,Motor,11188.68,18971.46,1,19,6.0,2,0,0.202,0,0,1.6955941183410375,8-30 days,Medium,0
CLM105632,69,8.5,Motor,14342.15,17495.26,2,3,6.0,1,18,0.127,0,0,1.2198491857915306,2-7 days,Medium,0
CLM105633,64,3.4,Travel,8396.82,58747.87,0,4,3.0,1,20,0.181,0,0,6.996442700927257,2-7 days,Very High,1
CLM105634,50,5.2,Home,6471.6,63323.21,1,16,6.0,1,13,0.304,0,0,9.784784288274924,8-30 days,Very High,1
CLM105635,74,11.8,Motor,6148.67,15380.63,0,17,3.0,2,17,0.007,0,0,2.501456412524985,8-30 days,Low,0
CLM105636,63,3.0,Home,7214.7,16873.74,0,2,2.0,2,22,0.338,0,0,2.3387999501018757,2-7 days,Low,0
CLM105637,22,9.6,Motor,6991.29,25288.35,0,22,6.0,3,11,0.118,0,0,3.6171221620044367,8-30 days,Medium,0
CLM105638,60,9.9,Personal,12539.44,13000.02,1,12,2.0,1,21,0.141,0,0,1.0367305079014693,8-30 days,Low,0
CLM105639,65,14.3,Home,6528.35,33406.82,4,28,3.0,3,9,0.164,0,0,5.117191939770386,8-30 days,High,1
CLM105640,51,11.7,Motor,7853.62,82197.98,0,0,3.0,2,17,0.048,0,0,10.466253778512328,0-1 days,Very High,1
CLM105641,57,12.1,Home,12072.56,36899.35,1,30,5.0,1,23,0.185,0,0,3.0564644118563087,8-30 days,High,0
CLM105642,28,8.1,Personal,7327.04,60495.04,0,18,5.0,1,2,0.11,1,0,8.25640913656811,8-30 days,Very High,1
CLM105643,67,3.0,Home,6959.95,10398.94,2,22,6.0,1,3,0.219,0,0,1.4941113082708928,8-30 days,Low,0
CLM105644,20,6.5,Personal,12580.74,19196.08,1,21,4.0,3,20,0.226,0,0,1.5258307539938034,8-30 days,Medium,0
CLM105645,75,8.3,Motor,14325.89,6751.07,2,1,2.0,0,21,0.239,0,0,0.47124960473659927,0-1 days,Low,0
CLM105646,50,10.2,Personal,8648.04,26720.33,1,3,3.0,1,8,0.099,0,0,3.089755597800195,2-7 days,Medium,0
CLM105647,28,9.2,Travel,17946.26,143843.07,2,15,5.0,0,11,0.204,0,0,8.015211525966972,8-30 days,Very High,1
CLM105648,33,6.0,Travel,9158.25,105661.19,1,15,4.0,1,8,0.374,1,0,11.537268582971638,8-30 days,Very High,1
CLM105649,35,4.1,Motor,12609.07,37411.81,0,16,4.0,0,8,0.308,0,0,2.967055460870627,8-30 days,High,0
CLM105650,47,2.7,Personal,20487.6,29748.43,1,27,1.0,1,15,0.228,0,0,1.4520212225931783,8-30 days,High,0
CLM105651,65,10.5,Home,6405.55,40145.76,2,20,6.0,0,23,0.025,1,0,6.267340041058145,8-30 days,High,1
CLM105652,72,9.8,Personal,6722.56,11567.26,0,11,4.0,1,4,0.235,1,0,1.7206629617288651,8-30 days,Low,0
CLM105653,27,10.4,Motor,12180.1,33621.07,1,1,1.0,0,4,0.138,0,0,2.7603279119219053,0-1 days,High,0
CLM105654,35,5.7,Motor,7907.43,5606.45,0,29,1.0,2,13,0.282,0,0,0.7090103864340247,8-30 days,Low,0
CLM105655,55,4.1,Motor,5565.83,4115.15,1,23,6.0,4,19,0.052,0,0,0.7393596283034156,8-30 days,Low,0
CLM105656,36,11.4,Motor,7264.05,21593.88,2,9,5.0,1,13,0.025,0,0,2.9727053090218267,8-30 days,Medium,0
CLM105657,53,11.6,Home,4497.05,28465.055,1,5,2.0,2,14,0.075,0,0,6.329717259092071,2-7 days,Medium,1
CLM105658,30,6.9,Home,8594.69,97701.21,1,11,2.0,1,15,0.158,1,0,11.367624661273414,8-30 days,Very High,1
CLM105659,73,9.3,Home,9147.29,66082.81,1,11,4.0,0,6,0.193,0,0,7.22430468477549,8-30 days,Very High,1
CLM105660,63,5.7,Personal,13850.04,28365.89,0,16,3.0,2,10,0.063,0,0,2.048072785349356,8-30 days,Medium,0
CLM105661,20,10.6,Motor,14458.62,90165.81,1,29,3.0,2,3,0.326,0,0,6.236128344198823,8-30 days,Very High,1
CLM105662,27,12.6,Motor,7369.21,19069.81,2,17,1.0,1,4,0.145,0,0,2.5877685667798858,8-30 days,Medium,0
CLM105663,55,10.4,Personal,21943.77,11524.49,1,3,6.0,1,13,0.14,0,0,0.525182773971838,2-7 days,Low,0
CLM105664,18,7.8,Home,5242.65,18254.17,1,2,4.0,1,8,0.032,0,0,3.481859365015784,2-7 days,Medium,0
CLM105665,72,7.0,Home,4526.9,8392.0,1,24,4.0,4,22,0.492,0,0,1.8538072411584088,8-30 days,Low,0
CLM105666,73,9.7,Motor,4860.29,153235.03,0,16,2.0,2,8,0.154,0,0,31.52796026574546,8-30 days,Very High,1
CLM105667,44,10.3,Home,5017.79,42076.48,1,22,3.0,1,23,0.267,0,0,8.385460531429176,8-30 days,High,1
CLM105668,63,8.5,Motor,11955.61,14573.21,0,8,5.0,2,10,0.208,1,0,1.2189432408718583,8-30 days,Low,0
CLM105669,25,9.4,Home,18120.4,26385.09,0,24,6.0,1,18,0.379,0,0,1.4560986512439018,8-30 days,Medium,0
CLM105670,68,1.6,Personal,18458.49,25776.41,1,21,4.0,1,18,0.044,0,0,1.396452797601537,8-30 days,Medium,0
CLM105671,63,14.3,Home,3640.05,82130.37,0,29,4.0,2,11,0.264,1,0,22.562978530514687,8-30 days,Very High,1
CLM105672,59,11.9,Motor,12498.84,150035.36,5,11,2.0,0,14,0.13,0,0,12.003942765888674,8-30 days,Very High,1
CLM105673,34,5.7,Travel,16898.86,63188.37,1,28,5.0,0,1,0.21,0,0,3.739209035402388,8-30 days,Very High,0
CLM105674,26,8.5,Motor,13318.28,48858.33,1,6,5.0,0,11,0.125,0,0,3.6685165051342965,2-7 days,Very High,0
CLM105675,23,0.9,Motor,6392.02,35579.58,4,15,5.0,4,2,0.486,0,0,5.566249792710286,8-30 days,High,1
CLM105676,60,0.8,Personal,9169.17,30541.46,2,7,6.0,2,14,0.162,0,0,3.33088600167736,2-7 days,High,0
CLM105677,42,3.9,Motor,5539.39,30002.43,1,2,5.0,2,13,0.069,0,0,5.41619745134392,2-7 days,High,1
CLM105678,56,10.4,Personal,11898.45,30496.85,1,20,3.0,0,18,0.159,0,0,2.563094352625762,8-30 days,High,0
CLM105679,66,12.8,Motor,4399.32,24138.27,2,12,6.0,3,2,0.201,0,0,5.486818417391779,8-30 days,Medium,1
CLM105680,45,8.5,Travel,11570.84,20001.58,0,19,1.0,0,14,0.201,0,0,1.7286195297834903,8-30 days,Medium,0
CLM105681,50,8.1,Home,6175.15,28465.055,1,8,5.0,2,10,0.024,0,0,4.609613531655102,8-30 days,Medium,1
CLM105682,71,6.2,Motor,10009.24,23479.69,0,8,1.0,3,21,0.009,0,0,2.3458014794330038,8-30 days,Medium,0
CLM105683,54,2.6,Home,7583.66,10472.02,3,3,1.0,1,8,0.477,1,1,1.3808662308173099,2-7 days,Low,0
CLM105684,26,2.0,Personal,7227.65,18351.77,2,27,2.0,1,6,0.144,0,0,2.5391060718214082,8-30 days,Medium,0
CLM105685,35,11.5,Travel,13015.15,25782.72,2,13,5.0,2,6,0.16,0,0,1.9809775530823694,8-30 days,Medium,0
CLM105686,73,13.9,Home,16894.41,34029.81,4,17,3.0,0,6,0.514,0,1,2.014264481565204,8-30 days,High,0
CLM105687,38,7.0,Personal,5759.4,33588.8,0,0,2.0,5,16,0.308,0,0,5.831996388512693,0-1 days,High,1
CLM105688,19,10.0,Motor,9244.73,40569.61,0,18,2.0,1,3,0.175,1,0,4.388403988001813,8-30 days,High,1
CLM105689,75,13.7,Motor,5213.04,38050.24,1,1,1.0,1,3,0.218,0,0,7.29905007442874,0-1 days,High,1
CLM105690,60,1.5,Motor,6909.11,107482.86,1,4,4.0,2,6,0.499,0,0,15.556686751260294,2-7 days,Very High,1
CLM105691,55,11.6,Travel,6128.75,97086.16,2,30,3.0,4,1,0.079,0,1,15.84110299816439,8-30 days,Very High,1
CLM105692,75,9.3,Personal,4823.24,20985.43,1,21,6.0,0,21,0.314,0,1,4.350898980768115,8-30 days,Medium,1
CLM105693,57,9.1,Home,13690.86,55781.87,1,13,5.0,2,4,0.289,0,0,4.074387584125468,8-30 days,Very High,1
CLM105694,53,4.5,Personal,8905.06,24547.07,1,8,5.0,1,9,0.19,0,0,2.7565305567845697,8-30 days,Medium,0
CLM105695,67,10.3,Home,6646.37,7992.98,1,19,3.0,3,17,0.093,0,0,1.2026083410944621,8-30 days,Low,0
CLM105696,60,12.0,Motor,8280.29,46106.22,0,19,5.0,0,13,0.244,0,0,5.5681890368574045,8-30 days,High,1
CLM105697,54,1.9,Motor,14561.95,18848.45,0,14,4.0,2,2,0.18,0,0,1.2943630489048514,8-30 days,Medium,0
CLM105698,32,8.1,Personal,13497.58,16825.07,1,19,6.0,2,2,0.295,0,0,1.2465249326175507,8-30 days,Low,0
CLM105699,45,1.7,Motor,10927.75,18078.94,1,0,4.0,1,18,0.082,0,0,1.6544064423142915,0-1 days,Medium,0
CLM105700,35,13.1,Home,6289.29,15899.32,2,29,5.0,2,20,0.689,0,0,2.5279991859176474,8-30 days,Low,0
CLM105701,51,7.7,Motor,8968.94,110670.04,2,18,2.0,0,12,0.275,0,0,12.339255252014173,8-30 days,Very High,1
CLM105702,39,12.2,Motor,5202.42,11339.56,3,3,6.0,0,6,0.257,0,0,2.1796702303927784,2-7 days,Low,0
CLM105703,28,5.6,Home,8172.63,24951.01,1,13,6.0,2,5,0.509,0,0,3.0529964038504125,8-30 days,Medium,0
CLM105704,75,2.1,Motor,13199.04,7892.22,2,0,5.0,2,19,0.08,1,0,0.5979389410138919,0-1 days,Low,0
CLM105705,74,0.8,Personal,14346.58,16175.19,0,4,5.0,1,12,0.069,0,0,1.127459645434661,2-7 days,Low,0
CLM105706,30,4.4,Motor,6364.95,10453.99,0,9,3.0,3,4,0.128,1,0,1.6424308124965632,8-30 days,Low,0
CLM105707,21,3.8,Home,12363.46,41248.9,1,8,4.0,5,5,0.528,0,0,3.336355680367794,8-30 days,High,0
CLM105708,39,8.5,Travel,11271.86,8929.91,0,16,6.0,0,11,0.165,0,0,0.7922303861119637,8-30 days,Low,0
CLM105709,24,0.5,Home,7627.76,81893.83,0,13,2.0,4,7,0.621,0,0,10.736288241895393,8-30 days,Very High,1
CLM105710,60,7.9,Personal,11891.44,10448.3,1,27,3.0,1,17,0.095,0,0,0.8786404337910294,8-30 days,Low,0
CLM105711,71,6.0,Motor,14759.57,12845.17,1,6,3.0,2,23,0.239,1,0,0.8702943242926454,2-7 days,Low,0
CLM105712,41,8.7,Motor,12464.22,46435.98,0,17,2.0,1,14,0.089,0,0,3.7255423925444195,8-30 days,High,0
CLM105713,21,10.6,Motor,5290.48,114553.09,0,9,2.0,0,7,0.274,0,0,21.65268368843659,8-30 days,Very High,1
CLM105714,45,9.6,Personal,7499.97,20180.77,0,27,3.0,0,12,0.284,0,0,2.690780096453719,8-30 days,Medium,0
CLM105715,32,14.8,Personal,10174.6,43726.95,1,26,5.0,0,6,0.238,0,0,4.29765789318499,8-30 days,High,1
CLM105716,18,2.2,Motor,5920.93,12791.31,0,24,2.0,3,15,0.015,0,0,2.1603548766832237,8-30 days,Low,0
CLM105717,72,6.6,Home,17135.36,19089.06,1,3,6.0,2,19,0.011,0,0,1.1140156961978038,2-7 days,Medium,0
CLM105718,20,6.5,Motor,9787.62,25809.3,0,30,1.0,0,22,0.051,0,0,2.636933187026059,8-30 days,Medium,0
CLM105719,31,6.4,Motor,6930.7,15051.14,0,13,2.0,3,4,0.13,0,0,2.1716623140519715,8-30 days,Low,0
CLM105720,55,10.0,Home,6738.5,65857.26,1,2,6.0,0,19,0.236,0,0,9.773281887660458,2-7 days,Very High,1
CLM105721,67,7.4,Motor,6216.71,51097.73,5,27,3.0,2,21,0.386,1,0,8.21941670111683,8-30 days,Very High,1
CLM105722,74,7.9,Motor,11677.87,18793.39,1,28,1.0,2,14,0.331,1,0,1.6093165962628457,8-30 days,Medium,0
CLM105723,18,6.6,Home,12320.06,4451.06,0,26,3.0,2,21,0.209,1,0,0.3612855781546519,8-30 days,Low,0
CLM105724,55,14.9,Travel,6304.88,16245.07,0,22,4.0,2,22,0.61,0,0,2.5765867074393167,8-30 days,Low,0
CLM105725,55,13.9,Motor,16464.99,71985.4,1,21,4.0,2,14,0.188,0,0,4.372028164001313,8-30 days,Very High,1
CLM105726,38,4.8,Home,7141.6,25497.52,1,10,5.0,0,0,0.181,0,0,3.5702811694858294,8-30 days,Medium,0
CLM105727,65,1.9,Home,5938.5,60330.56,1,9,2.0,2,3,0.033,0,0,10.159225393617916,8-30 days,Very High,1
CLM105728,46,12.6,Motor,10536.27,96634.51,1,7,3.0,1,19,0.198,0,0,9.17160532142779,2-7 days,Very High,1
CLM105729,22,15.0,Travel,4954.23,44138.58,2,8,1.0,2,20,0.034,1,0,8.909271471045956,8-30 days,High,1
CLM105730,66,4.5,Motor,4598.67,65357.69,1,27,6.0,2,20,0.391,0,0,14.212302687516173,8-30 days,Very High,1
CLM105731,27,5.5,Motor,5535.08,18270.88,0,30,2.0,2,3,0.217,0,1,3.3009242865505106,8-30 days,Medium,0
CLM105732,45,14.1,Motor,5969.72,66995.75,1,22,5.0,2,14,0.396,0,0,11.222595029582626,8-30 days,Very High,1
CLM105733,38,10.7,Personal,11909.56,23891.66,2,5,3.0,4,2,0.224,0,0,2.0060909051216,2-7 days,Medium,0
CLM105734,67,4.6,Motor,4743.43,15755.08,2,13,6.0,4,5,0.208,1,0,3.321453041364582,8-30 days,Low,0
CLM105735,24,8.8,Motor,10034.41,136749.77,1,27,6.0,4,13,0.422,0,0,13.628082767198071,8-30 days,Very High,1
CLM105736,20,14.2,Motor,12413.18,27582.03,3,23,3.0,0,1,0.171,1,0,2.2219954918884604,8-30 days,Medium,0
CLM105737,62,12.2,Motor,16283.89,16408.27,0,8,4.0,2,21,0.179,0,0,1.0076382240361488,8-30 days,Low,0
CLM105738,64,11.2,Home,6812.28,38513.18,2,13,5.0,2,20,0.256,0,1,5.653493397217965,8-30 days,High,1
CLM105739,37,11.1,Motor,7059.48,12402.21,0,7,6.0,1,15,0.158,0,0,1.7568163660779548,2-7 days,Low,0
CLM105740,36,2.8,Travel,21252.36,10918.72,0,5,3.0,2,2,0.271,0,0,0.5137650595039798,2-7 days,Low,0
CLM105741,52,12.4,Travel,15626.73,23923.09,2,23,4.0,3,19,0.218,0,0,1.5309082578376922,8-30 days,Medium,0
CLM105742,21,4.3,Home,7511.91,9507.98,1,24,4.0,0,5,0.173,0,0,1.2657207021915864,8-30 days,Low,0
CLM105743,22,14.0,Home,14240.18,19616.41,0,5,1.0,3,2,0.049,0,0,1.377539469304461,2-7 days,Medium,0
CLM105744,18,5.6,Motor,9501.3,10468.69,1,29,6.0,0,22,0.187,1,0,1.1018165935187818,8-30 days,Low,0
CLM105745,21,12.9,Motor,8562.62,58407.57,3,21,5.0,1,14,0.161,1,0,6.821226447045413,8-30 days,Very High,1
CLM105746,29,4.1,Home,25985.27,99050.05,0,1,5.0,1,4,0.292,0,0,3.8117768258709646,0-1 days,Very High,0
CLM105747,44,7.8,Motor,13786.99,9874.77,0,24,3.0,1,0,0.308,0,0,0.7162382797115252,8-30 days,Low,0
CLM105748,73,1.8,Home,19868.4,138503.6,0,23,1.0,1,16,0.15,0,0,6.97104950574782,8-30 days,Very High,1
CLM105749,59,10.0,Motor,5270.25,49530.04,1,4,2.0,0,19,0.131,0,1,9.398043736065652,2-7 days,Very High,1
CLM105750,40,12.6,Motor,19086.71,33597.83,0,25,3.0,1,11,0.375,1,0,1.7602735096829156,8-30 days,High,0
CLM105751,42,10.8,Motor,7922.5,8936.29,1,2,4.0,0,19,0.297,0,0,1.1279633953928685,2-7 days,Low,0
CLM105752,38,7.9,Motor,7876.63,8175.46,2,24,2.0,0,9,0.076,0,0,1.0379388139343857,8-30 days,Low,0
CLM105753,75,0.9,Personal,10129.89,27253.01,1,10,2.0,0,23,0.07,0,0,2.6903559663530405,8-30 days,Medium,0
CLM105754,69,14.0,Motor,10704.16,24599.14,2,25,6.0,3,1,0.47,1,0,2.2980915830854545,8-30 days,Medium,0
CLM105755,41,10.6,Personal,13665.35,22446.41,1,29,3.0,0,22,0.311,0,0,1.6425784923181623,8-30 days,Medium,0
CLM105756,42,11.2,Home,12649.74,29041.6,2,28,6.0,1,7,0.331,1,0,2.295825843060806,8-30 days,High,0
CLM105757,62,12.0,Personal,6335.15,16385.22,0,6,1.0,1,18,0.0,0,0,2.586398112120471,2-7 days,Low,0
CLM105758,72,11.3,Motor,5428.43,23671.63,4,28,5.0,4,15,0.31,0,0,4.360677028164681,8-30 days,Medium,1
CLM105759,63,6.7,Personal,7798.96,27907.29,1,8,1.0,0,18,0.025,0,0,3.5783348036148412,8-30 days,Medium,0
CLM105760,49,11.1,Motor,8448.82,192584.21,1,12,3.0,4,8,0.351,0,0,22.79421386655178,8-30 days,Very High,1
CLM105761,72,9.5,Home,8847.56,5103.43,1,29,5.0,2,7,0.16,0,0,0.5768177893114035,8-30 days,Low,0
CLM105762,49,12.8,Motor,15723.77,37103.6,1,15,2.0,1,16,0.033,0,0,2.3597139871671997,8-30 days,High,0
CLM105763,22,12.1,Motor,9235.56,29829.65,1,22,4.0,1,14,0.21,0,0,3.2298691145961915,8-30 days,High,0
CLM105764,53,0.8,Home,27848.17,28432.63,2,11,6.0,3,1,0.264,0,0,1.0209873754720689,8-30 days,Medium,0
CLM105765,63,5.8,Home,16292.15,36856.68,0,7,1.0,4,3,0.278,0,0,2.2622354937807474,2-7 days,High,0
CLM105766,59,0.7,Motor,7421.86,123893.61,1,13,6.0,2,5,0.189,0,0,16.693067505989067,8-30 days,Very High,1
CLM105767,66,1.7,Motor,3823.21,36277.47,0,25,6.0,2,14,0.144,0,0,9.488746367581168,8-30 days,High,1
CLM105768,59,9.1,Home,24895.86,9126.75,2,13,5.0,1,12,0.415,0,0,0.36659709686670794,8-30 days,Low,0
CLM105769,75,13.1,Home,7485.47,28465.055,3,4,1.0,2,2,0.28,0,0,3.802707779204245,2-7 days,Medium,0
CLM105770,56,2.0,Motor,12910.41,24838.34,2,25,5.0,2,19,0.19,0,0,1.9239001704825796,8-30 days,Medium,0
CLM105771,33,6.9,Personal,6295.41,17634.1,0,9,4.0,1,15,0.386,0,0,2.8011042966224595,8-30 days,Medium,0
CLM105772,50,13.7,Personal,17452.02,32216.32,1,29,6.0,1,13,0.029,0,0,1.845993758888656,8-30 days,High,0
CLM105773,66,12.3,Personal,12448.04,25629.61,3,21,3.0,0,3,0.122,0,0,2.058927349205176,8-30 days,Medium,0
CLM105774,38,7.9,Personal,5211.51,23614.72,0,27,3.0,0,9,0.342,0,0,4.531262532356266,8-30 days,Medium,1
CLM105775,26,11.6,Motor,3526.71,25936.49,0,23,5.0,0,22,0.528,0,0,7.35430188475945,8-30 days,Medium,1
CLM105776,23,7.9,Personal,9253.31,11599.72,2,29,5.0,0,22,0.107,0,0,1.253575207142093,8-30 days,Low,0
CLM105777,68,2.5,Motor,10630.99,28465.055,3,13,3.0,0,22,0.104,1,0,2.6775544892808667,8-30 days,Medium,0
CLM105778,62,2.0,Motor,11980.63,25251.95,1,22,2.0,0,3,0.297,0,0,2.1077313964290694,8-30 days,Medium,0
CLM105779,52,3.0,Travel,5989.84,34144.83,0,16,2.0,0,11,0.401,1,0,5.7004577751659475,8-30 days,High,1
CLM105780,56,5.4,Motor,6362.17,14629.96,1,25,2.0,1,4,0.102,0,0,2.2995235902215754,8-30 days,Low,0
CLM105781,39,14.0,Home,3631.43,12093.32,1,3,4.0,0,3,0.157,0,0,3.330181223374814,2-7 days,Low,0
CLM105782,58,12.0,Motor,6630.05,21188.38,2,28,5.0,3,8,0.36,0,0,3.1958099863500276,8-30 days,Medium,0
CLM105783,71,6.6,Motor,4079.76,27398.47,3,23,1.0,3,19,0.417,0,0,6.715706316057807,8-30 days,Medium,1
CLM105784,22,7.5,Home,6168.18,20572.86,0,14,1.0,0,0,0.072,0,0,3.335320953668667,8-30 days,Medium,0
CLM105785,59,4.1,Motor,9852.58,29862.27,2,10,5.0,2,15,0.14,0,0,3.0309086553978757,8-30 days,High,0
CLM105786,40,10.6,Motor,9788.93,5571.95,1,8,3.0,2,7,0.1,0,0,0.5692093007100878,8-30 days,Low,0
CLM105787,34,12.1,Home,6276.15,125839.84,2,14,5.0,2,12,0.017,0,0,20.05048317838165,8-30 days,Very High,1
CLM105788,29,3.7,Motor,9607.11,15761.58,0,21,2.0,0,21,0.213,0,1,1.6406161686500935,8-30 days,Low,0
CLM105789,40,0.8,Motor,16530.07,11741.8,1,26,2.0,4,17,0.233,0,0,0.7103297203218135,8-30 days,Low,0
CLM105790,33,9.4,Personal,7499.84,66010.85,0,19,1.0,3,0,0.467,0,1,8.801634434867944,8-30 days,Very High,1
CLM105791,20,8.5,Motor,4780.33,11705.46,1,1,5.0,3,6,0.208,1,0,2.448671953609897,0-1 days,Low,0
CLM105792,47,6.2,Personal,12104.64,32579.32,1,27,1.0,1,13,0.265,1,0,2.6914736828191503,8-30 days,High,0
CLM105793,74,9.7,Motor,13894.25,11704.32,1,24,3.0,2,7,0.053,0,0,0.8423858790506864,8-30 days,Low,0
CLM105794,39,8.3,Motor,6213.12,22293.34,1,0,6.0,2,15,0.008,0,0,3.588107102389782,0-1 days,Medium,0
CLM105795,26,3.9,Motor,6233.87,22502.88,2,20,6.0,2,13,0.137,0,0,3.6097769122551484,8-30 days,Medium,0
CLM105796,46,6.1,Motor,3481.96,15949.68,2,23,6.0,3,9,0.186,0,0,4.580661466530345,8-30 days,Low,1
CLM105797,64,6.5,Motor,6908.05,53974.24,0,19,4.0,3,8,0.086,0,0,7.8132381786466505,8-30 days,Very High,1
CLM105798,54,13.2,Motor,5611.62,81045.85,2,16,4.0,0,19,0.138,0,0,14.442505016376733,8-30 days,Very High,1
CLM105799,40,14.4,Motor,4283.45,15771.26,0,3,3.0,1,6,0.178,0,0,3.681905940305128,2-7 days,Low,0
CLM105800,30,13.4,Motor,7213.22,30884.29,1,4,2.0,1,4,0.247,1,0,4.281623186316236,2-7 days,High,1
CLM105801,49,10.8,Home,8481.15,10403.73,1,4,2.0,2,13,0.362,0,0,1.2266885976547992,2-7 days,Low,0
CLM105802,63,8.9,Personal,7811.1,30311.74,1,27,2.0,2,17,0.148,0,0,3.8805981231836744,8-30 days,High,0
CLM105803,69,10.4,Motor,7347.19,51831.2,1,13,1.0,1,18,0.196,0,0,7.054560995428184,8-30 days,Very High,1
CLM105804,64,14.1,Travel,16878.25,30468.21,3,0,6.0,2,7,0.186,1,0,1.80517589205042,0-1 days,High,0
CLM105805,65,3.9,Travel,9761.1,18307.22,1,30,1.0,3,9,0.457,0,0,1.875528372826833,8-30 days,Medium,0
CLM105806,40,8.1,Home,11391.8,23107.98,2,1,4.0,1,10,0.258,0,0,2.028474867887428,0-1 days,Medium,0
CLM105807,62,10.4,Personal,19198.9,19511.09,0,21,2.0,1,4,0.242,1,0,1.0162608274432388,8-30 days,Medium,0
CLM105808,34,10.3,Personal,13252.3,23904.33,1,9,2.0,2,14,0.174,1,0,1.803787267115897,8-30 days,Medium,0
CLM105809,72,3.9,Motor,7515.35,17160.86,3,29,6.0,1,2,0.184,0,0,2.2834412236289725,8-30 days,Low,0
CLM105810,57,8.9,Home,3692.17,31879.72,1,4,3.0,1,23,0.131,1,0,8.634412824978265,2-7 days,High,1
CLM105811,38,12.0,Home,7192.02,11385.32,1,8,4.0,2,22,0.112,0,0,1.583048990408814,8-30 days,Low,0
CLM105812,19,7.2,Motor,16363.08,3460.19,1,12,6.0,0,6,0.265,0,0,0.21146324530589597,8-30 days,Low,0
CLM105813,54,11.9,Motor,13210.31,62260.32,2,22,1.0,0,6,0.182,0,1,4.713009762829184,8-30 days,Very High,1
CLM105814,23,5.5,Personal,7204.8,26802.86,2,28,4.0,1,20,0.154,0,0,3.7201393515434154,8-30 days,Medium,0
CLM105815,61,14.1,Travel,8202.95,30599.32,1,20,6.0,1,19,0.408,0,0,3.730282398405451,8-30 days,High,0
CLM105816,35,8.1,Motor,9003.24,15964.34,1,30,2.0,1,21,0.243,0,0,1.7731772117593223,8-30 days,Low,0
CLM105817,47,9.0,Motor,6442.26,20275.6,2,12,2.0,2,5,0.009,1,0,3.147280612704237,8-30 days,Medium,0
CLM105818,39,0.7,Personal,6618.12,12587.84,1,27,1.0,3,21,0.073,0,0,1.9020265573909207,8-30 days,Low,0
CLM105819,71,2.7,Motor,6347.54,67706.36,0,27,1.0,1,23,0.332,1,0,10.666551136345735,8-30 days,Very High,1
CLM105820,50,9.6,Home,10608.1,19217.06,3,8,4.0,2,5,0.036,0,0,1.8115458941752058,8-30 days,Medium,0
CLM105821,47,6.4,Motor,5285.26,8790.29,2,13,5.0,2,9,0.224,0,0,1.6631707806238483,8-30 days,Low,0
CLM105822,34,7.7,Motor,16263.27,46477.59,1,16,2.0,3,19,0.308,0,0,2.8578256402310234,8-30 days,High,0
CLM105823,60,1.1,Motor,8476.24,65597.09,0,2,2.0,4,11,0.223,0,0,7.738937311826942,2-7 days,Very High,1
CLM105824,49,12.5,Motor,5167.86,24417.22,1,17,5.0,2,3,0.433,0,0,4.724822266857075,8-30 days,Medium,1
CLM105825,59,11.8,Motor,13487.58,86878.29,3,30,4.0,0,4,0.153,1,0,6.441354935429484,8-30 days,Very High,1
CLM105826,68,2.9,Home,16696.47,34917.8,0,11,3.0,3,22,0.229,0,0,2.09132828675762,8-30 days,High,0
CLM105827,31,9.6,Home,34937.66,25489.97,2,22,3.0,3,15,0.113,0,0,0.7295843510984994,8-30 days,Medium,0
CLM105828,75,12.3,Motor,15751.17,26133.84,1,8,2.0,2,12,0.135,1,0,1.6591681760783485,8-30 days,Medium,0
CLM105829,27,9.7,Travel,5732.97,40713.7,2,15,3.0,1,0,0.308,1,0,7.101676792308349,8-30 days,High,1
CLM105830,64,4.8,Home,9342.71,62831.99,1,29,4.0,2,0,0.328,0,0,6.725242461769659,8-30 days,Very High,1
CLM105831,68,9.9,Motor,26522.44,41363.85,3,12,3.0,0,15,0.069,0,0,1.5595793599683891,8-30 days,High,0
CLM105832,53,3.3,Motor,5988.82,34047.82,0,27,1.0,2,20,0.056,0,0,5.685230145504457,8-30 days,High,1
CLM105833,51,4.9,Motor,4799.8,29531.76,3,17,4.0,1,4,0.214,0,0,6.152706362765115,8-30 days,High,1
CLM105834,26,3.8,Personal,7131.91,47379.83,0,11,5.0,2,16,0.274,1,0,6.643357810179882,8-30 days,Very High,1
CLM105835,59,8.4,Home,5384.08,17360.14,0,21,2.0,2,22,0.016,1,0,3.2243465921754506,8-30 days,Medium,0
CLM105836,45,1.8,Motor,6466.67,9031.74,0,1,4.0,1,6,0.091,0,0,1.396660104814379,0-1 days,Low,0
CLM105837,28,14.0,Travel,6312.49,32179.42,0,18,3.0,2,3,0.266,1,0,5.097737976614616,8-30 days,High,1
CLM105838,31,5.1,Motor,11731.61,13107.88,0,0,4.0,0,1,0.296,0,0,1.1173129689786823,0-1 days,Low,0
CLM105839,56,3.4,Motor,4742.65,9139.24,2,5,6.0,1,1,0.243,0,0,1.927032355328772,2-7 days,Low,0
CLM105840,72,7.5,Motor,9015.6,94284.23,0,17,5.0,1,3,0.155,0,0,10.457898531434402,8-30 days,Very High,1
CLM105841,64,4.3,Travel,6024.54,2316.38,3,2,6.0,2,1,0.02,0,0,0.3844907660999844,2-7 days,Low,0
CLM105842,71,8.1,Motor,10886.89,44721.04,0,21,4.0,1,0,0.12,0,0,4.1077883582914865,8-30 days,High,1
CLM105843,36,5.4,Personal,11433.58,12503.16,2,5,5.0,2,16,0.342,0,0,1.0935472529164094,2-7 days,Low,0
CLM105844,71,2.2,Motor,12701.78,28465.055,4,3,5.0,1,7,0.327,0,0,2.241028816433602,2-7 days,Medium,0
CLM105845,32,4.1,Motor,12700.74,38714.5,3,16,4.0,0,17,0.042,1,0,3.048208214639462,8-30 days,High,0
CLM105846,45,6.7,Personal,6427.39,160451.87,1,22,2.0,2,8,0.435,1,0,24.96376756350556,8-30 days,Very High,1
CLM105847,41,0.6,Home,8483.36,47372.71,0,30,2.0,2,1,0.057,0,0,5.58419187680353,8-30 days,Very High,1
CLM105848,25,11.6,Travel,16467.83,13032.67,0,17,3.0,1,3,0.204,0,0,0.7914017815340575,8-30 days,Low,0
CLM105849,60,9.4,Travel,10370.05,27060.85,0,21,6.0,0,22,0.012,0,0,2.609519722662861,8-30 days,Medium,0
CLM105850,26,9.1,Personal,12672.02,22553.07,0,6,4.0,6,6,0.451,0,0,1.779753346348885,2-7 days,Medium,0
CLM105851,64,8.3,Motor,4915.55,5913.53,0,29,6.0,1,10,0.316,0,0,1.2030250938348708,8-30 days,Low,0
CLM105852,50,8.9,Motor,13055.24,29239.06,1,1,6.0,0,7,0.21,0,0,2.239641707084665,0-1 days,High,0
CLM105853,50,14.0,Travel,3637.6,16903.45,0,14,4.0,1,2,0.112,1,0,4.646868814603035,8-30 days,Low,1
CLM105854,36,0.3,Home,4271.71,48747.58,2,21,1.0,0,16,0.528,0,0,11.411725046878182,8-30 days,Very High,1
CLM105855,20,0.9,Home,5670.8,22220.52,2,16,2.0,0,3,0.263,0,0,3.9184101008676024,8-30 days,Medium,0
CLM105856,27,3.0,Motor,10294.24,89309.53,3,5,5.0,4,15,0.506,1,1,8.675679797634405,2-7 days,Very High,1
CLM105857,57,2.7,Motor,11118.39,36472.63,0,7,1.0,1,2,0.204,0,0,3.2803877180059344,2-7 days,High,0
CLM105858,64,2.9,Home,5892.83,32860.06,0,7,4.0,3,19,0.209,0,0,5.5762782907363695,2-7 days,High,1
CLM105859,59,10.1,Motor,3574.94,122258.0,1,6,1.0,2,21,0.314,0,0,34.19861592082664,2-7 days,Very High,1
CLM105860,18,7.0,Motor,13054.57,35072.76,1,3,2.0,1,15,0.211,0,0,2.6866269819687667,2-7 days,High,0
CLM105861,46,14.9,Motor,11072.71,96069.07,1,19,4.0,0,0,0.223,0,0,8.676202122154379,8-30 days,Very High,1
CLM105862,67,3.6,Motor,10304.45,11991.78,0,4,6.0,2,12,0.241,0,0,1.163747701235874,2-7 days,Low,0
CLM105863,51,4.8,Travel,20227.89,6166.58,2,7,6.0,3,16,0.32,0,0,0.3048553259880294,2-7 days,Low,0
CLM105864,68,14.8,Travel,9093.63,33132.32,1,13,2.0,1,11,0.057,0,0,3.6434647110119944,8-30 days,High,0
CLM105865,30,12.5,Motor,5439.62,68896.32,0,19,1.0,2,15,0.185,0,0,12.665649438747561,8-30 days,Very High,1
CLM105866,71,7.2,Motor,15456.21,11848.09,1,24,3.0,0,1,0.1,0,0,0.7665585547815409,8-30 days,Low,0
CLM105867,18,8.4,Home,7075.96,20139.6,0,2,5.0,1,9,0.284,0,0,2.84620037422484,2-7 days,Medium,0
CLM105868,51,12.7,Motor,8107.06,7965.15,0,24,5.0,1,2,0.184,0,0,0.9824955039188065,8-30 days,Low,0
CLM105869,46,7.3,Personal,6676.97,27347.76,1,17,3.0,2,11,0.092,0,0,4.095833888724975,8-30 days,Medium,1
CLM105870,65,3.2,Travel,5844.48,27747.88,1,21,3.0,2,20,0.411,0,0,4.7477072382829615,8-30 days,Medium,1
CLM105871,64,12.5,Personal,7031.25,44219.36,2,14,3.0,1,5,0.369,0,0,6.288975644444444,8-30 days,High,1
CLM105872,30,8.2,Home,16849.98,19223.17,1,20,2.0,0,4,0.37,0,0,1.14084230367039,8-30 days,Medium,0
CLM105873,65,2.5,Motor,5260.02,22950.02,1,4,4.0,2,23,0.39,0,0,4.363105083250634,2-7 days,Medium,1
CLM105874,66,7.7,Home,13754.24,44851.51,0,30,3.0,0,0,0.274,0,0,3.260922450095389,8-30 days,High,0
CLM105875,70,6.3,Motor,3698.72,32918.61,1,14,2.0,0,22,0.288,0,0,8.900000540727603,8-30 days,High,1
CLM105876,46,13.2,Motor,17470.25,37936.71,0,26,6.0,1,15,0.153,1,0,2.171503556045277,8-30 days,High,0
CLM105877,56,2.1,Motor,18313.63,53068.85,4,30,1.0,1,7,0.396,0,0,2.897778867433709,8-30 days,Very High,0
CLM105878,41,13.2,Motor,5362.2,48519.77,0,5,1.0,1,12,0.208,0,0,9.048481966357093,2-7 days,Very High,1
CLM105879,43,7.8,Motor,8807.36,136290.07,2,9,3.0,1,13,0.091,0,0,15.474565590596955,8-30 days,Very High,1
CLM105880,34,6.2,Motor,11356.61,39090.61,3,22,1.0,3,10,0.25,0,0,3.4421020005089544,8-30 days,High,0
CLM105881,24,2.6,Home,6476.74,39181.69,0,19,3.0,2,11,0.123,0,0,6.049600570657461,8-30 days,High,1
CLM105882,30,10.6,Personal,19832.06,22288.52,1,14,1.0,0,12,0.329,0,0,1.1238630782682182,8-30 days,Medium,0
CLM105883,22,13.9,Motor,8583.07,29350.26,3,19,1.0,3,7,0.304,1,0,3.4195526775384564,8-30 days,High,0
CLM105884,43,5.8,Home,6726.2,10693.35,0,27,4.0,2,9,0.32,0,0,1.5898055365585324,8-30 days,Low,0
CLM105885,66,3.8,Motor,8806.9,17608.52,1,8,4.0,2,2,0.045,0,0,1.9994004700859556,8-30 days,Medium,0
CLM105886,20,8.4,Personal,6102.9,65262.33,0,3,1.0,1,5,0.097,0,1,10.693658752396402,2-7 days,Very High,1
CLM105887,24,12.0,Motor,8580.43,8750.73,2,7,4.0,1,20,0.214,0,0,1.0198474901607495,2-7 days,Low,0
CLM105888,75,0.3,Personal,6942.54,79786.62,0,25,3.0,1,18,0.214,0,1,11.49242496262175,8-30 days,Very High,1
CLM105889,66,9.5,Motor,5986.47,22354.68,0,12,5.0,1,17,0.394,0,0,3.73420062240352,8-30 days,Medium,0
CLM105890,56,9.0,Travel,12169.42,14163.04,0,16,3.0,5,17,0.085,0,0,1.1638221049154356,8-30 days,Low,0
CLM105891,70,4.9,Motor,3968.84,22757.47,2,3,4.0,4,19,0.028,1,0,5.734035637617037,2-7 days,Medium,1
CLM105892,18,6.9,Motor,18789.94,43601.53,0,1,2.0,1,17,0.064,0,1,2.320472018537579,0-1 days,High,0
CLM105893,66,3.9,Motor,9428.54,29912.87,0,26,1.0,1,15,0.011,0,1,3.1725876965044426,8-30 days,High,0
CLM105894,34,11.9,Motor,19516.9,117367.82,1,25,4.0,3,20,0.103,0,0,6.013650733466893,8-30 days,Very High,1
CLM105895,60,9.6,Personal,13104.68,38808.81,0,4,6.0,1,12,0.005,1,0,2.9614465977040263,2-7 days,High,0
CLM105896,42,8.1,Home,4643.72,41060.98,0,1,6.0,2,23,0.196,0,0,8.842260084587357,0-1 days,High,1
CLM105897,20,6.0,Motor,8774.86,41967.9,1,15,4.0,1,10,0.187,0,0,4.782742972537453,8-30 days,High,1
CLM105898,32,4.5,Personal,3789.48,31059.31,0,22,4.0,3,17,0.072,0,0,8.196193145233647,8-30 days,High,1
CLM105899,46,12.4,Motor,5660.17,23301.75,0,25,6.0,0,15,0.024,0,0,4.116793311861658,8-30 days,Medium,1
CLM105900,70,6.9,Personal,7992.49,30230.54,1,22,3.0,2,13,0.002,1,0,3.7823681981460098,8-30 days,High,0
CLM105901,60,7.6,Motor,6189.0,33244.6,1,14,1.0,2,6,0.199,0,0,5.37156244950719,8-30 days,High,1
CLM105902,49,7.9,Personal,6859.66,26889.55,2,24,5.0,1,5,0.069,0,0,3.919953758641099,8-30 days,Medium,0
CLM105903,43,6.8,Motor,6295.77,71835.54,0,28,6.0,0,16,0.106,0,0,11.410127752443305,8-30 days,Very High,1
CLM105904,33,4.0,Home,23176.67,66494.06,4,3,6.0,1,22,0.143,0,0,2.869008360562583,2-7 days,Very High,0
CLM105905,42,2.0,Motor,8967.0,11522.17,0,30,6.0,2,14,0.404,0,0,1.2849526039924166,8-30 days,Low,0
CLM105906,71,1.7,Home,11252.89,57910.6,0,14,4.0,1,9,0.327,0,0,5.146286864974242,8-30 days,Very High,1
CLM105907,45,11.4,Home,8304.19,27601.36,2,4,2.0,0,16,0.153,1,0,3.3237871484154384,2-7 days,Medium,0
CLM105908,26,3.5,Motor,9893.61,22276.68,2,2,6.0,0,1,0.148,1,0,2.251623017280851,2-7 days,Medium,0
CLM105909,73,1.0,Personal,3370.8,47670.87,0,13,1.0,2,22,0.36,1,0,14.142301530793876,8-30 days,Very High,1
CLM105910,73,12.0,Personal,18027.25,34669.07,1,6,5.0,2,16,0.107,0,0,1.9231480120373323,2-7 days,High,0
CLM105911,18,2.5,Personal,6142.64,14294.44,1,14,6.0,1,12,0.071,1,1,2.327084120182853,8-30 days,Low,0
CLM105912,46,9.5,Personal,14234.62,51286.4,3,4,2.0,3,17,0.02,0,0,3.6029342546552,2-7 days,Very High,0
CLM105913,74,5.2,Travel,14485.93,26248.38,0,8,6.0,1,18,0.096,1,0,1.811991359891978,8-30 days,Medium,0
CLM105914,39,2.1,Personal,3784.14,50647.74,0,27,5.0,1,1,0.028,0,0,13.384214114699773,8-30 days,Very High,1
CLM105915,33,6.3,Personal,8717.24,27698.7,2,12,5.0,0,1,0.076,0,0,3.1774621325098313,8-30 days,Medium,0
CLM105916,58,0.4,Motor,10200.8,51178.14,0,29,6.0,2,17,0.137,1,0,5.017071210101169,8-30 days,Very High,1
CLM105917,68,12.6,Travel,8930.54,56974.88,1,6,3.0,1,6,0.408,0,0,6.379779946117479,2-7 days,Very High,1
CLM105918,61,7.8,Personal,8496.4,68653.72,0,3,3.0,1,9,0.334,0,0,8.080330492914646,2-7 days,Very High,1
CLM105919,68,2.3,Travel,6986.31,17713.67,0,6,2.0,2,3,0.057,0,0,2.535482965972022,2-7 days,Medium,0
CLM105920,71,3.7,Motor,6164.69,110263.37,0,0,6.0,0,3,0.318,0,0,17.886279764270384,0-1 days,Very High,1
CLM105921,58,6.8,Motor,13683.41,25174.15,0,14,4.0,1,23,0.105,0,0,1.8397570488642818,8-30 days,Medium,0
CLM105922,24,3.0,Travel,10166.09,11407.6,1,14,5.0,1,20,0.185,0,0,1.1221226646626186,8-30 days,Low,0
CLM105923,31,4.2,Personal,9239.25,32107.93,0,17,2.0,2,0,0.012,0,0,3.475166274318803,8-30 days,High,0
CLM105924,46,8.1,Motor,4135.31,24477.16,1,14,1.0,2,1,0.264,1,0,5.919062899758422,8-30 days,Medium,1
CLM105925,36,12.5,Motor,7572.76,18077.1,0,29,2.0,2,9,0.309,0,0,2.38712173632863,8-30 days,Medium,0
CLM105926,36,6.1,Motor,8289.14,29106.14,1,2,4.0,0,14,0.216,0,0,3.5113582349918087,2-7 days,High,0
CLM105927,19,10.8,Home,12408.94,49211.41,4,4,4.0,1,11,0.095,0,0,3.965802880826243,2-7 days,Very High,0
CLM105928,58,13.2,Motor,3878.57,36004.73,3,27,1.0,0,2,0.139,1,0,9.282990896129244,8-30 days,High,1
CLM105929,62,3.4,Home,5191.14,76143.78,1,4,2.0,0,3,0.318,0,0,14.668026676221407,2-7 days,Very High,1
CLM105930,32,12.1,Personal,19096.31,25566.61,3,15,6.0,3,8,0.148,0,0,1.3388246210917187,8-30 days,Medium,0
CLM105931,20,11.4,Home,5937.24,38517.46,4,22,3.0,2,13,0.055,1,0,6.487435239269425,8-30 days,High,1
CLM105932,28,5.5,Motor,3694.58,33756.08,1,24,3.0,1,9,0.081,0,0,9.136648820704925,8-30 days,High,1
CLM105933,70,14.8,Personal,6208.31,112982.83,0,9,6.0,2,9,0.186,1,0,18.198645041887406,8-30 days,Very High,1
CLM105934,63,4.1,Home,5946.78,13079.09,1,24,5.0,1,4,0.015,0,0,2.1993566266113764,8-30 days,Low,0
CLM105935,47,4.0,Motor,11393.85,18325.42,3,21,6.0,4,10,0.248,0,0,1.6083606507019135,8-30 days,Medium,0
CLM105936,74,11.6,Home,11331.03,133423.12,0,30,5.0,3,13,0.139,0,0,11.77502133521842,8-30 days,Very High,1
CLM105937,57,6.6,Home,5495.08,23705.4,0,22,2.0,1,5,0.066,0,0,4.313931735297758,8-30 days,Medium,1
CLM105938,35,5.1,Personal,7167.46,8608.47,0,27,6.0,2,10,0.053,0,0,1.2010489071442323,8-30 days,Low,0
CLM105939,68,2.8,Personal,10823.16,124048.13,2,12,5.0,2,10,0.236,0,0,11.461359713798927,8-30 days,Very High,1
CLM105940,65,11.5,Motor,10987.6,13516.98,2,14,4.0,1,2,0.217,0,0,1.2302031380829297,8-30 days,Low,0
CLM105941,19,11.8,Motor,5336.13,30142.63,3,7,3.0,1,12,0.077,0,0,5.648781045439298,2-7 days,High,1
CLM105942,49,8.6,Motor,5608.19,62828.06,0,19,5.0,4,17,0.283,0,0,11.2029121695235,8-30 days,Very High,1
CLM105943,25,14.4,Travel,22030.23,55029.23,1,6,6.0,2,17,0.163,0,0,2.4978962997662757,2-7 days,Very High,0
CLM105944,39,4.9,Travel,7562.44,14517.2,2,13,3.0,5,5,0.374,0,0,1.9196449823072979,8-30 days,Low,0
CLM105945,23,3.5,Motor,16645.13,167632.93,0,5,6.0,2,12,0.202,0,0,10.07098953267412,2-7 days,Very High,1
CLM105946,29,10.2,Motor,9421.0,41576.23,3,7,4.0,0,5,0.074,0,0,4.413144039910838,2-7 days,High,1
CLM105947,64,11.4,Personal,13913.05,27132.55,1,14,3.0,0,11,0.142,0,0,1.950151117116664,8-30 days,Medium,0
CLM105948,74,3.5,Personal,11262.12,13248.12,0,16,5.0,0,6,0.203,0,0,1.1763433527612919,8-30 days,Low,0
CLM105949,57,1.3,Motor,9179.88,40175.06,2,4,6.0,1,13,0.05,0,0,4.376425399896295,2-7 days,High,1
CLM105950,53,12.2,Travel,9131.13,86295.53,0,11,5.0,0,8,0.277,1,0,9.45069558751217,8-30 days,Very High,1
CLM105951,32,14.7,Home,4863.45,22632.74,2,12,4.0,0,2,0.186,0,0,4.653638877751391,8-30 days,Medium,1
CLM105952,45,9.7,Motor,7885.79,7533.53,2,2,3.0,1,14,0.007,0,0,0.9553297767249698,2-7 days,Low,0
CLM105953,69,4.3,Motor,6720.39,16508.49,1,24,3.0,1,6,0.28,1,0,2.4564779722605388,8-30 days,Low,0
CLM105954,74,15.0,Motor,7334.14,21821.62,3,24,1.0,1,6,0.056,0,0,2.975348166247167,8-30 days,Medium,0
CLM105955,66,13.4,Motor,7197.7,8922.93,1,18,4.0,0,23,0.07,0,0,1.2396918460063633,8-30 days,Low,0
CLM105956,62,7.8,Home,9144.44,41475.39,1,25,6.0,2,20,0.12,0,0,4.535585558000271,8-30 days,High,1
CLM105957,35,12.4,Motor,11326.5,48579.68,0,29,3.0,2,18,0.085,0,0,4.289028384761401,8-30 days,Very High,1
CLM105958,19,12.3,Motor,7989.91,16369.51,1,27,6.0,2,1,0.283,1,0,2.048772764649414,8-30 days,Low,0
CLM105959,30,14.0,Home,13062.72,52711.5,0,14,4.0,1,19,0.188,0,0,4.035262181230249,8-30 days,Very High,1
CLM105960,62,12.6,Motor,7050.61,14093.93,4,17,3.0,1,23,0.149,0,0,1.9989660469094164,8-30 days,Low,0
CLM105961,71,9.7,Travel,8838.17,10316.65,2,20,1.0,0,13,0.237,0,0,1.167283498733335,8-30 days,Low,0
CLM105962,32,9.2,Motor,26458.64,12692.91,4,19,5.0,1,4,0.246,0,0,0.4797264712018456,8-30 days,Low,0
CLM105963,37,7.1,Home,4950.26,15048.02,1,30,3.0,2,0,0.177,1,0,3.0398443718107737,8-30 days,Low,0
CLM105964,46,9.5,Personal,7031.78,50593.04,1,6,1.0,3,11,0.34,1,1,7.194912241281724,2-7 days,Very High,1
CLM105965,59,12.0,Motor,3756.89,42512.73,3,27,1.0,2,11,0.196,0,0,11.315936852023883,8-30 days,High,1
CLM105966,46,14.5,Home,9420.3,14094.18,0,13,2.0,4,18,0.518,0,0,1.496149804146365,8-30 days,Low,0
CLM105967,20,7.1,Motor,8563.49,16900.37,1,23,5.0,1,20,0.034,0,0,1.9735376581277024,8-30 days,Low,0
CLM105968,36,8.7,Personal,8994.74,105578.44,0,19,4.0,2,21,0.06,0,0,11.737797868532054,8-30 days,Very High,1
CLM105969,20,6.8,Personal,5639.9,51726.06,3,18,2.0,4,1,0.211,0,0,9.171449848401567,8-30 days,Very High,1
CLM105970,71,10.1,Motor,6033.33,9720.0,1,30,1.0,2,23,0.326,0,0,1.6110506138401182,8-30 days,Low,0
CLM105971,31,9.5,Home,8709.31,75724.53,0,24,5.0,0,12,0.126,0,0,8.694664674928324,8-30 days,Very High,1
CLM105972,57,0.5,Motor,4521.32,152091.21,1,23,5.0,2,11,0.049,0,0,33.63867410402272,8-30 days,Very High,1
CLM105973,72,8.2,Personal,12638.47,27462.92,0,10,2.0,1,22,0.181,1,0,2.172962391808502,8-30 days,Medium,0
CLM105974,21,1.5,Motor,4545.64,22304.74,1,26,3.0,3,22,0.14,0,0,4.906842600821887,8-30 days,Medium,1
CLM105975,69,0.6,Personal,7941.77,20333.05,0,6,3.0,1,6,0.15,0,0,2.5602667919116264,2-7 days,Medium,0
CLM105976,28,11.9,Motor,6986.36,22187.06,3,10,4.0,2,20,0.055,0,0,3.1757682112001104,8-30 days,Medium,0
CLM105977,75,4.0,Home,6787.24,49824.18,2,7,5.0,2,1,0.097,1,0,7.34086020237976,2-7 days,Very High,1
CLM105978,48,5.2,Personal,4126.75,17420.55,1,23,6.0,0,7,0.333,0,0,4.22137275095414,8-30 days,Medium,1
CLM105979,60,1.1,Personal,8332.62,49706.54,3,9,2.0,0,18,0.384,0,1,5.965295429288747,8-30 days,Very High,1
CLM105980,49,2.9,Motor,4935.44,28010.83,0,23,1.0,1,18,0.154,0,0,5.6754473765257005,8-30 days,Medium,1
CLM105981,44,11.5,Home,9053.51,17991.26,1,10,3.0,0,17,0.006,0,0,1.9872137988470768,8-30 days,Medium,0
CLM105982,47,7.5,Motor,6039.36,36624.23,2,0,2.0,3,1,0.019,0,0,6.064256808668469,0-1 days,High,1
CLM105983,60,13.2,Motor,8309.87,23816.56,1,19,4.0,0,1,0.022,0,0,2.86605686972239,8-30 days,Medium,0
CLM105984,19,6.1,Motor,3762.03,17345.38,3,9,4.0,1,12,0.324,0,0,4.610643721607749,8-30 days,Medium,1
CLM105985,66,4.2,Motor,12814.68,27403.39,0,6,6.0,3,5,0.207,1,0,2.1384373234446743,2-7 days,Medium,0
CLM105986,26,5.3,Home,13921.29,27685.81,1,21,5.0,1,7,0.149,0,0,1.9887388309560392,8-30 days,Medium,0
CLM105987,45,10.7,Motor,6630.16,28465.055,0,2,4.0,0,18,0.322,1,0,4.293268186589765,2-7 days,Medium,1
CLM105988,48,8.4,Home,29985.11,15194.05,2,18,4.0,1,5,0.246,0,0,0.506719835278243,8-30 days,Low,0
CLM105989,51,13.6,Motor,11969.82,29952.49,1,27,6.0,1,18,0.21,0,0,2.5023342038560314,8-30 days,High,0
CLM105990,73,9.1,Motor,7567.54,32695.19,0,3,6.0,1,8,0.065,0,0,4.320451560216398,2-7 days,High,1
CLM105991,32,7.5,Travel,6815.08,37794.7,0,29,3.0,1,14,0.173,0,0,5.545745611203389,8-30 days,High,1
CLM105992,65,11.8,Motor,5980.27,36899.29,3,25,3.0,0,16,0.464,0,0,6.170171246448739,8-30 days,High,1
CLM105993,42,14.2,Motor,6515.82,75325.18,2,5,4.0,3,22,0.444,1,0,11.560353109815802,2-7 days,Very High,1
CLM105994,53,5.5,Motor,8089.97,12384.4,2,29,6.0,2,7,0.172,0,0,1.5308338597052893,8-30 days,Low,0
CLM105995,25,3.9,Home,8334.26,92011.62,0,0,5.0,3,8,0.186,1,0,11.04016673345924,0-1 days,Very High,1
CLM105996,26,9.3,Home,4518.83,10266.02,1,25,3.0,1,4,0.203,1,0,2.271831425391086,8-30 days,Low,0
CLM105997,75,7.6,Motor,15637.96,71385.29,3,3,3.0,1,5,0.281,1,0,4.564872272342428,2-7 days,Very High,1
CLM105998,75,14.8,Motor,12110.99,40786.79,2,24,6.0,1,20,0.075,0,0,3.3677502830074175,8-30 days,High,0
CLM105999,54,7.0,Personal,19517.74,19015.2,2,6,4.0,4,20,0.263,0,0,0.9742521418975763,2-7 days,Medium,0
